point_id,EVI
19869,0.2865436034319509
17749,0.2553175847361487
4068,0.24650258158139385
8920,0.4549340770343513
15588,0.49499331473822894
6246,0.5995005656942771
13137,0.3460407752589001
16219,0.27687046363296325
4014,0.2977033903300158
2981,0.23825470905563506
599,0.2950783509571862
15476,0.32087147778791825
4941,0.3093697150691136
16031,0.24286946503570278
279,0.24286946503570278
1742,0.4722107719498009
12130,0.584150181007198
6067,0.33625898208244054
18378,0.33625898208244054
13859,0.33625898208244054
16239,0.30661930400230875
8894,0.30661930400230875
15009,0.2707135293591819
10148,0.311875348763607
18563,0.30758116455281864
8550,0.25965467156556626
448,0.25965467156556626
18589,0.5708470762423552
874,0.2724041936161615
19806,0.2959631104220601
6776,0.23362563668626382
12627,0.26636024663058
4831,0.30542117846485384
8466,0.30542117846485384
1365,0.339928392466124
4821,0.28564619858298024
6137,0.3154988891149651
12122,0.25974734798150956
7478,0.33414736779842663
16705,0.33463508587268154
17549,0.23089872252477756
3077,0.2740882054501772
18790,0.3097834043247644
7206,0.2586657630532552
16057,0.23271975711106782
6673,0.3361373528845268
19766,0.3442063448361287
9369,0.3465045488465804
3833,0.2735713610557243
13109,0.17084704182474197
1000,0.324022556537673
11536,0.21273761497329724
2950,0.41804850483337264
6381,0.26928172106502407
10604,0.32012879260822735
11752,0.2744590220535228
6855,0.2743663449655733
1252,0.43975948965271633
3500,0.43975948965271633
238,0.3500677322188206
12973,0.27037529222443435
13751,0.2758498894572244
7826,0.28771195547543926
10820,0.2830621212061228
3526,0.2428284973051645
5645,0.294623234872549
7895,0.4172767187121993
6710,0.3288230877734809
11295,0.3312099395338195
13258,0.31760757216533286
19560,0.29309915964823613
1954,0.24851114039418315
15686,0.2585711319259725
9019,0.2585711319259725
7046,0.2888192320183137
2033,0.2888192320183137
16949,0.35790401086714835
5656,0.29145054288224104
9244,0.5487000058799449
76,0.31021115723197185
16033,0.2991369206523057
13529,0.26059191485782507
14207,0.26059191485782507
7454,0.2916968571168605
12334,0.28395203079330505
7069,0.30364526622260657
6812,0.3229572040808031
9046,0.5598132494714797
5748,0.27978128778762384
2379,0.32725608487485064
12361,0.3461164004068925
832,0.29934832934867406
16846,0.27215214265875265
6570,0.23620175325092485
9110,0.16578781874035042
5358,0.33398657727095604
5042,0.5956366835328802
2815,0.36505578335621375
12462,0.3077493973237962
20085,0.32635990065450093
10713,0.31858079858161104
9731,0.5435334963843285
14335,0.1952196524646553
964,0.34027939869029167
6873,0.3169603013624068
19382,0.28845053070669335
10214,0.2545660692288821
11161,0.1539440030542451
16609,0.27548983643853614
5263,0.23702481876172438
15775,0.23702481876172438
14485,0.3124425305056011
9897,0.32410117934945326
4487,0.32410117934945326
5482,0.3407782764425148
4786,0.30259718350672254
18169,0.30527504002661504
3042,0.5861735944153136
8368,0.2946280409462161
3191,0.3090968086636136
17258,0.2120232971064243
3740,0.19001702209040106
5750,0.3432211816914498
18376,0.3131666241931475
4902,0.2728361951476601
12243,0.3342048399043329
1169,0.4577369106020047
13192,0.5191822374939247
1175,0.374223587154432
14767,0.38872488199426547
12517,0.2525089486313085
3559,0.26650431972839705
1771,0.29058431468275436
18261,0.4677303700045431
14459,0.3631332303012625
7605,0.3631332303012625
5561,0.30436147415977455
12033,0.2857771011697212
3883,0.26968235203736024
17766,0.33688273072633473
18874,0.2845288763097687
1470,0.2728693575713511
11989,0.25232553727539503
7219,0.3296091675288958
3299,0.2793203852926699
9922,0.2793203852926699
2909,0.2793203852926699
6661,0.3186830190188656
15402,0.3244768023543229
15657,0.2795395930822545
3762,0.6195988685556141
17921,0.28574848288965987
10723,0.30563588312810736
5450,0.33649546432829336
14154,0.21919825137952675
17087,0.3157243090692917
16593,0.2748392873016103
6761,0.29775132392066983
5015,0.4448308228715776
9513,0.4597417900858318
14082,0.20561033896610623
14320,0.326503025465963
545,0.2851347111607152
8302,0.2457445511550364
19846,0.2600022501770222
3425,0.48230602828456015
14530,0.5100560099638642
17205,0.5408968643985411
17620,0.33829003676777614
14869,0.21903203776287195
5145,0.24868449832483314
16496,0.3454195652108066
18426,0.2189658470029374
14195,0.193472079072863
8162,0.30712275693415464
2958,0.23509069618926576
16474,0.46042640933523
17932,0.2652042527488364
18483,0.33907958419604206
9465,0.2722253062329587
2701,0.2722253062329587
10702,0.2722253062329587
17499,0.2722253062329587
5837,0.4086987621967181
7382,0.3027441617603586
11966,0.32002739276893394
2150,0.20649560683112494
2135,0.22047419002678068
17834,0.21113101345676386
6309,0.3276157243182551
19339,0.28720147163178245
6469,0.3285614970377143
16107,0.3873357163012373
17829,0.23594744793751493
4820,0.2792563428591752
2887,0.1867100690149775
17958,0.4045577925577847
14746,0.40307478934983
2193,0.4433592483220227
15170,0.3370441496941332
19448,0.30898301073431494
15400,0.27402011932710574
5079,0.29901162674940934
9094,0.2723542494870973
11270,0.2723542494870973
374,0.31746633061944196
7771,0.3938672855229578
2670,0.28945312072679596
17545,0.3194064099246388
14980,0.27597465534669824
8579,0.3322531591484592
7,0.49891061209327103
14879,0.33998264700420583
478,0.33983243227953086
11021,0.32949669229543316
720,0.3753470621917878
11871,0.3753470621917878
3356,0.2870467844764665
5213,0.3689355561793925
14783,0.19565045675475062
16045,0.3300050032979497
15805,0.3179725179100833
12172,0.35066913394603827
8807,0.38904422162308727
6386,0.3096956474633429
12578,0.3096956474633429
15107,0.2491244591372318
13938,0.3460000816047777
20222,0.2960451572697178
20044,0.2960451572697178
12978,0.24442158038581785
12387,0.29146438343620235
5629,0.29146438343620235
3803,0.33839417920313564
8595,0.3213475223146431
5772,0.244338515072774
19261,0.25036954232006653
1083,0.25020732529423817
16824,0.322987553876559
18667,0.25622826984740954
19027,0.35528400155380324
9844,0.5820033708665704
19769,0.32203325056922294
7175,0.3384344636030614
5333,0.21599766234029932
16167,0.21599766234029932
17991,0.21599766234029932
10470,0.26470135436087516
18020,0.26470135436087516
18078,0.23702610911275562
2898,0.5129159164807948
15522,0.5129159164807948
10076,0.2927824993037641
7722,0.5718314139325613
18346,0.3471807025870228
7875,0.3622377756633088
4043,0.2947785276494336
16247,0.27701738899747563
18722,0.2775151087598697
1104,0.26435497853329915
13863,0.2972637761070058
14209,0.3115754988491353
5554,0.30115846322090417
5746,0.30655514928514455
8122,0.3972728851443607
4564,0.4428317387990379
17306,0.28750022535274694
1623,0.3446155177448623
11071,0.592302859063672
19268,0.592302859063672
19534,0.34217219859344883
4332,0.3275898136156294
3807,0.22292435046742864
17368,0.22292435046742864
913,0.23458042393966805
15045,0.23458042393966805
13791,0.23458042393966805
6467,0.30087641595258174
17410,0.3015905629320645
12872,0.29323775278219916
5299,0.34828874908506635
6756,0.2596196755103665
1812,0.30025368774225647
10516,0.28156537346437616
1271,0.28156537346437616
3043,0.3848281830544931
11180,0.23784632272720885
13836,0.2982522784817635
15465,0.2982522784817635
496,0.29235102341959096
10805,0.2927218309243745
11773,0.3007765238001704
8709,0.18100045125887962
11617,0.5530626690226103
10966,0.29598309096242237
8547,0.29184418417827784
2745,0.32880932700530974
3832,0.32880932700530974
13560,0.2797337565732561
702,0.2797337565732561
20140,0.24267784015714347
9725,0.24267784015714347
16988,0.19703153327109624
5693,0.48570005436872676
16492,0.4933606998494302
5716,0.4933606998494302
6882,0.2857511346402503
17203,0.2857511346402503
642,0.2106168859473832
20219,0.20214841163546018
3661,0.40394271670534215
897,0.40394271670534215
17215,0.2020875089515278
15752,0.24207729373778172
19785,0.2288609330425831
7277,0.3198395288271911
10528,0.24224187485563975
3112,0.34221690577017067
5985,0.34221690577017067
8782,0.40672982729716317
12180,0.28571430238316103
12374,0.3233197426965393
8480,0.3233197426965393
17629,0.3215558744473835
7632,0.3215558744473835
19546,0.29257364521229295
7073,0.30659693637234015
207,0.28971961714957556
14463,0.25510785367080074
16189,0.25510785367080074
12786,0.35826380118809925
8244,0.35826380118809925
4840,0.3121503300010424
2549,0.336089836973407
294,0.32996462679684174
8317,0.6153159684222265
618,0.6686086593955194
1559,0.36240302253089157
8476,0.3151724113712534
6791,0.3007388542610624
6920,0.2841985727112688
20202,0.3010278930758822
12485,0.26551683982185303
1140,0.2673494676912585
12288,0.3510913897660516
9562,0.3031394533060906
7832,0.20614525657902702
4974,0.3277660759644283
11765,0.33084518245654776
2885,0.6114931221801566
16709,0.24672166143610302
11756,0.2668570145687348
19729,0.28359016295198003
14361,0.25468279159811774
9899,0.26115241018155677
9222,0.20824012236331668
9794,0.20824012236331668
12144,0.20824012236331668
15809,0.520490581221911
4021,0.34191140395275177
7925,0.34191140395275177
6750,0.2770751884989576
2624,0.3175889317102825
17813,0.3175889317102825
6284,0.2224374857309097
1359,0.28343320037632547
9197,0.30260967924763116
9070,0.38531242467574806
4276,0.29964324788770824
14696,0.3238565688925117
18011,0.32758484403141375
11592,0.32758484403141375
17222,0.3097950732241867
14511,0.2623944508479805
4914,0.26043789935574974
4558,0.28378427404574585
13297,0.28378427404574585
19001,0.28063343639082783
13720,0.25164031417623534
18180,0.3072646628045427
815,0.3139747348498415
6396,0.3218948122851746
16630,0.33353921084714805
1633,0.3295791428825693
10008,0.31265613429127437
19462,0.28584270210769935
12420,0.28153559986081994
13315,0.366026935565409
18500,0.2271821231777878
15222,0.22836176978520234
4304,0.21605401513447148
134,0.2606647427049056
6010,0.3132429071238466
1732,0.3132429071238466
2792,0.4070957392931312
15529,0.21481955049874912
4880,0.21933585227440283
970,0.25431315338283156
2428,0.24936329200817345
16744,0.27132383988166275
12534,0.27695955831204777
9201,0.33755505563094135
6716,0.2973773699542572
722,0.20599921293519868
14618,0.20599921293519868
4407,0.1725129485223539
13429,0.2756514266305602
8421,0.3220932061616365
17163,0.2673807135719315
18432,0.27528368852183227
9608,0.3280237867000674
7103,0.3280237867000674
17744,0.32924211800146697
18772,0.2891412906262519
9876,0.19943400208998352
6594,0.1976412900089577
2497,0.22084557987117293
20253,0.22084557987117293
9818,0.31272158444669323
6744,0.29679280911228006
4279,0.2998985922586917
16072,0.2998985922586917
6251,0.2243013783516622
16281,0.24537576128711752
18622,0.40974159059950443
3091,0.3096338537047452
10508,0.13837517192386625
10781,0.20806834031395555
14715,0.3170592705345986
8662,0.2945765206125725
16008,0.32147849581405974
19396,0.2942472509993261
8073,0.2852296199912426
3647,0.23635178948958183
1763,0.3017000890979226
11918,0.2590317236143389
8978,0.30975857053058836
2930,0.30975857053058836
2746,0.214930229445578
18976,0.214930229445578
17169,0.34251151283758274
246,0.29581130916515475
1123,0.30967592174350367
18953,0.2453786237283374
4359,0.2453786237283374
3270,0.2563642508790832
11312,0.2563642508790832
16233,0.1757407627991606
9160,0.1757407627991606
5771,0.3058780696327439
15535,0.2907706994080292
10137,0.26576457558790756
8101,0.4397412600189748
14071,0.21691414351408167
2407,0.3129918313761237
18053,0.33411095257414875
1311,0.33411095257414875
13984,0.5995225356200551
7480,0.5746324283416152
3260,0.4128388989194975
7500,0.3134619458257
4917,0.20907535382907827
11229,0.2744052377805705
18866,0.20152921069884483
410,0.340020532233952
787,0.2792568180476683
15750,0.23739396513500433
6151,0.3195706590174847
835,0.5898501306476427
581,0.5898501306476427
13475,0.5898501306476427
19315,0.301127466443782
2032,0.2043518632469538
12363,0.2031914842546759
2984,0.3996625052730135
10328,0.3996625052730135
13221,0.3996625052730135
1489,0.3020604399662924
5230,0.2749236858447978
10586,0.3096338537047452
11100,0.43803054378501377
11240,0.2607957781478375
19401,0.2382566935749375
12962,0.3043905437283484
10668,0.3043905437283484
6811,0.3043905437283484
18005,0.38045253255640143
15727,0.3564325020511344
16579,0.12014277724092431
10160,0.12820052695968248
1193,0.22320657527165808
5946,0.24283230169430636
4654,0.31673016140910215
3800,0.26274463969914186
7676,0.24386134287135564
2464,0.24386134287135564
9287,0.26274463969914186
7039,0.27854155898639843
16904,0.21821120797799606
1004,0.2739109212394186
9492,0.3148638098432287
16314,0.3148638098432287
9555,0.3148638098432287
6788,0.229745667456622
7719,0.33050332276365524
8820,0.27738051824278803
3875,0.1964115557583589
7673,0.3353537737194707
3474,0.32900500778668174
2559,0.20366452937920582
6332,0.2078462483792925
13049,0.3391713300202647
1170,0.3295924424103918
15527,0.3160056063577757
19794,0.31099865043817165
3384,0.27408829762276254
3286,0.4595657683758687
7256,0.19585897807003957
10092,0.19585897807003957
19397,0.5030899453455983
12327,0.28623038339469103
62,0.29102040133951407
7498,0.27013668387138023
6723,0.15549323728190353
1803,0.15549323728190353
17175,0.34259895472696344
12335,0.34643428493986594
11878,0.34643428493986594
10522,0.19392271767324912
4057,0.2973865053108066
10381,0.3127133886509681
15571,0.3706222907864647
2608,0.21841840093233922
5724,0.1975854705035711
19736,0.3046461621542891
15847,0.23492617053910264
3405,0.21828588863496343
18200,0.3405018123853079
14452,0.2769809341668674
3941,0.2769809341668674
4653,0.3385592782517991
12320,0.267977119294856
14710,0.1890125041598068
1413,0.34049337872801577
924,0.3460549834690204
7453,0.279630633516019
13317,0.23698438623453555
2955,0.348207817496084
4259,0.30645283647771066
14731,0.348207817496084
16256,0.36740791527507055
308,0.30471679988360917
8936,0.30471679988360917
11297,0.33496845727930497
6187,0.18531128891215606
4444,0.30229380547720835
1408,0.23576284889293905
9655,0.23576284889293905
2671,0.17058495762289905
12423,0.2237743315963822
20094,0.22845416622175402
8483,0.28394869760665264
14371,0.28394869760665264
4876,0.2882034863518251
4648,0.2882034863518251
14915,0.3440854286523337
8394,0.27628058166904396
19842,0.28824521518000645
19625,0.28824521518000645
4346,0.20766744070662113
9379,0.28988475748876424
19834,0.2520781499906418
11365,0.2137300732028138
13385,0.2137300732028138
19778,0.2137300732028138
12057,0.16122681052832888
18018,0.2852039255451699
15433,0.332899345653519
421,0.1703113200155415
5433,0.2120661315962932
17909,0.3109467205101758
14385,0.3109467205101758
2301,0.2555824578205662
3662,0.5528626724756989
14761,0.1949445488185143
1389,0.33881654115671345
18330,0.24414549454563877
6458,0.24866817011045722
9965,0.2943387793803736
4074,0.2943387793803736
20152,0.23565572814845767
853,0.21064099192043878
5668,0.28347840861140433
160,0.2948795390281915
5484,0.24523007587929924
2783,0.4552357572729441
10759,0.39169462743251093
18151,0.20826219667257428
3552,0.2576914578021998
4756,0.30322432867124094
8377,0.30322432867124094
18752,0.23801238650094958
908,0.25186279118425137
11151,0.26742150141678905
19685,0.20221734808762312
10825,0.17514786592591353
18002,0.17514786592591353
18322,0.23950878422627217
10483,0.23950878422627217
5955,0.39441943559498904
2794,0.39441943559498904
19127,0.32102908315710393
9680,0.32004176298280307
10580,0.31186307469036717
14750,0.25315327717596114
5009,0.3352469285396698
115,0.25675702997418604
17801,0.23786672769321998
5461,0.21975519876125948
3431,0.2144593193382049
19701,0.2144593193382049
19309,0.21011504372038273
15423,0.2240424451507737
15073,0.17386613299889941
11844,0.31946422896000076
15167,0.31946422896000076
16366,0.5529315147612023
13337,0.5529315147612023
12583,0.30822291924048567
13144,0.2663949876433855
9530,0.31308820199741805
14409,0.2383354191586012
6245,0.3027441617603586
4454,0.20649560683112494
8204,0.19510291514524772
7194,0.22194688920192757
16456,0.23001976881734354
3890,0.21880941915804533
3533,0.18481463099189635
9382,0.2664086990436063
11795,0.22511848773323934
15206,0.22511848773323934
17086,0.2691041982303445
16991,0.2673969069634156
16341,0.19187650916706234
3830,0.19187650916706234
15737,0.32138722009382936
824,0.2663562094492185
1053,0.30581799336660065
16807,0.2628528441394013
16935,0.2844343242563222
17481,0.3308192144525351
10936,0.2800912620310706
13567,0.28796742445167967
18010,0.350204997981975
16235,0.3638451964816278
19810,0.27404879356642603
11931,0.4015799740602497
7038,0.20596801557046104
19495,0.18963686322849743
6864,0.32301103305092094
6159,0.5384086418874501
17866,0.22513222260801236
7664,0.30682374962391534
13216,0.3401450572655173
12240,0.28540188364434493
6851,0.28540188364434493
4789,0.3149183880270798
19960,0.2638996875603294
5876,0.25191626173487336
13519,0.23718255618555187
18013,0.3518145916555321
7921,0.23180459872478962
18786,0.5931083549407169
7487,0.5228672729982143
15789,0.2494233064206351
3884,0.24535372312977172
10541,0.32630484163776763
15867,0.253513060207617
13334,0.5351027269941254
3375,0.23227812794723307
1240,0.2602856391285594
10268,0.24589414619282718
12550,0.2419915406310726
1765,0.3247258150782381
12232,0.18396952490209564
7444,0.4681184263157406
18342,0.2687406388601517
485,0.31233227570147887
7231,0.23666529279838713
20077,0.23666529279838713
18570,0.23666529279838713
2567,0.29234950173343816
1375,0.29234950173343816
16795,0.27815887340519574
4222,0.27815887340519574
6019,0.29206744031936416
2219,0.545552603878119
13598,0.30291640274496284
18460,0.23539466000155743
11288,0.2333734611247512
15659,0.23263686297326333
11031,0.21515936960003787
7536,0.333590297716987
2612,0.4284339067487608
13999,0.24115384781865418
20154,0.24115384781865418
19934,0.29569994282604717
17912,0.2032796516364138
8086,0.35607966442368466
11204,0.35607966442368466
16527,0.4189073625001647
1212,0.49104724015373735
9823,0.49104724015373735
10898,0.49104724015373735
4195,0.5107470838896282
17836,0.5107470838896282
9942,0.2391253342226851
7319,0.34516334875963073
355,0.3431673645974553
3067,0.3431673645974553
6160,0.2813956127456258
5898,0.2300878161811988
1906,0.2300878161811988
11343,0.324666682888174
19276,0.18546743627330692
11814,0.34243938675643804
4091,0.24831886845197104
14319,0.2813356068902811
16734,0.2813356068902811
20224,0.2678330252035423
17527,0.2678330252035423
2282,0.3372015756500643
11034,0.3372015756500643
13071,0.30150253462012855
15500,0.2936555958743923
11914,0.24229031065116957
6337,0.3101477485948842
789,0.21107058844590967
2261,0.21107058844590967
7789,0.28461267694764536
13360,0.19048336506800018
16731,0.3302348704250484
9455,0.4127331871521934
18815,0.25520622375221913
16619,0.2675959348842576
33,0.21084505132029957
9777,0.2519734086846797
233,0.5957439208574181
13027,0.2566180447244231
7199,0.3029409545529552
19197,0.3029409545529552
4504,0.3029409545529552
16921,0.2587923521410589
4338,0.27315961146369894
12395,0.30152921397604776
950,0.24677256034755257
14201,0.3050909448476573
278,0.299694378979974
17009,0.27555138217966096
14051,0.26350760538592705
8688,0.30559749888400567
17528,0.30559749888400567
6081,0.6141990147460796
3635,0.31183698093264195
10799,0.2720643831080387
1929,0.24943448567220367
956,0.3046461621542891
18933,0.23492617053910264
7608,0.24720331694972067
16718,0.25914806456602335
5931,0.3283247764949918
6840,0.3283247764949918
17267,0.22227935909524277
10758,0.33509251508358867
18291,0.2895177641160776
11433,0.2895177641160776
3583,0.2895177641160776
16964,0.20965759991136437
8993,0.2188518642024878
11371,0.34112576833491703
4072,0.3067948912384103
13046,0.291363184317319
11389,0.35204314712316565
16324,0.34802384737184894
673,0.1485541773438173
4873,0.34378448055014166
12294,0.21761262900722753
7581,0.28937224882986806
2503,0.2931646412365677
3590,0.28036650207679686
5435,0.28036650207679686
12171,0.2950932433495513
12716,0.26553240426086283
17232,0.29475469756620254
19717,0.3013392888496095
12094,0.3388804893031902
19262,0.3445929647483369
538,0.21566380909713628
17569,0.31134598804355595
7207,0.323010397596422
13696,0.2955200696347248
19511,0.31382915540783574
11963,0.2944787775789135
6666,0.2944787775789135
729,0.29205747191471776
14467,0.26137315681802925
11851,0.31341773554701247
11911,0.31951078875467026
3360,0.2712237270166534
436,0.2952530884265319
1041,0.2952530884265319
19115,0.263604625118838
16766,0.27315110053840197
9017,0.25597737681264116
10937,0.257564572278644
6077,0.257564572278644
9857,0.2586965620641079
8500,0.30167071084165636
9782,0.3232771782877792
7816,0.27454071718819906
463,0.4199460664876551
11571,0.24725382358147113
1543,0.3007937094394624
19283,0.21560186577347473
15033,0.24082373551531722
8788,0.24765345846806713
19058,0.28402719933059384
3234,0.2772870365021226
15771,0.277240126422519
5532,0.24491785292099194
4685,0.277240126422519
7246,0.10379222738520641
15544,0.31119440065556847
5207,0.30744688572714224
14687,0.2387138288622539
10387,0.27035128037153566
16357,0.2660717762325154
5684,0.26792612928502035
2936,0.37297656697017334
6952,0.28552789314401855
13100,0.28552789314401855
14399,0.1006186961167569
7348,0.32807375148916584
354,0.254005159436375
17484,0.254005159436375
15062,0.3101267071385476
5730,0.22786774812228827
10292,0.34620413254480864
3504,0.21719458451336449
2800,0.28227974812447554
948,0.2933126300739296
12181,0.2165564536862247
19783,0.2165564536862247
12769,0.27335089300880294
10597,0.2933798778754102
18439,0.23763895275712776
12040,0.16666143008403075
12474,0.16666143008403075
7200,0.2754035984427531
6688,0.26703674271175415
8013,0.29600161156457144
746,0.41952708197579347
1308,0.31964269072867807
1074,0.31964269072867807
11563,0.22716632664994896
15093,0.29332101651890496
2649,0.20797689172716574
18890,0.4559593949696412
18202,0.31305457946600757
4640,0.37332438999230766
9042,0.22576686804560556
3573,0.2971497342442937
17639,0.2971497342442937
2199,0.20889634282827368
19403,0.32964585003861
536,0.2573868181063396
7603,0.2573868181063396
12904,0.34563616835164546
6739,0.33152500566680876
10952,0.33152500566680876
6998,0.33152500566680876
12084,0.22048405505100901
2336,0.6011265267121417
17606,0.31620311610329715
2863,0.2423002231292029
17807,0.22282515439271128
12366,0.24150711330575203
5150,0.6078075706546008
13356,0.2786392437402151
6071,0.20082562236638313
17387,0.20082562236638313
16864,0.39180409772652963
18655,0.30436200667187274
8109,0.2769401284079682
9230,0.23123464039678393
8967,0.20187703319978523
11618,0.5219189174902052
11400,0.5778788502638015
8281,0.3847335598051117
6407,0.3500639757468755
20086,0.3500639757468755
4660,0.3500639757468755
17680,0.217541035164754
11088,0.29057038420838627
17446,0.20806127546149147
11077,0.224767972856723
9514,0.224767972856723
5460,0.2711211221210379
16627,0.18981295318883523
7996,0.282403505786625
9189,0.24530970805841368
9371,0.4479973274732705
17791,0.23183324389878657
16843,0.2336411909162731
13705,0.09789180231766154
891,0.38723207360580963
4146,0.42166734806394235
6849,0.42166734806394235
11630,0.2839452623708704
15921,0.2839452623708704
17359,0.2623994036724409
154,0.2623994036724409
2341,0.22524470466372304
4635,0.360632205590493
16397,0.41740566003544916
3715,0.4050418662295152
118,0.3252392515463207
11699,0.22197730819731226
10259,0.2500865119226333
11307,0.3591897177551968
18662,0.2564337392036182
13070,0.3263270158583714
19799,0.23874477056178015
7708,0.3271538759704491
18269,0.33208625975795314
19103,0.33208625975795314
14933,0.36534997323745566
12800,0.35066515056096537
11346,0.3530855029863851
17112,0.3530855029863851
2821,0.24470505431162992
8111,0.31117142563019307
10576,0.3154409531478792
18934,0.29053951673959255
14101,0.3778134971794217
17520,0.29860435584011624
16403,0.4279691257210983
9871,0.4279691257210983
18494,0.2423441352871803
1218,0.2278168611038654
8167,0.19979403277649427
9763,0.2158435982196304
16352,0.3271150824422881
1550,0.3798280068108738
16407,0.3024078899611723
15784,0.43744500686254306
6133,0.43744500686254306
8682,0.3067949243762406
2105,0.2797693221347152
14939,0.5202876666462612
13670,0.3925357768689783
3447,0.24044220860733007
3938,0.34305251173470286
14978,0.31322993365351404
8935,0.2247540383555518
1497,0.27381370607799965
252,0.39385264205150644
6423,0.28472144369383096
13645,0.32059760971779905
18898,0.275200492523336
11465,0.3309079323475486
3843,0.38558736841179725
17001,0.38558736841179725
5300,0.40756576696885993
10646,0.31579368977676797
5864,0.30393617776648874
3027,0.28457523526465467
7737,0.28457523526465467
2606,0.29190129326012243
19590,0.35388992521543755
5305,0.33755616306861935
12360,0.2888260933808602
5031,0.2703296617463424
11473,0.2888260933808602
16749,0.2704884082529516
13713,0.36041199988703265
11841,0.3893480537028324
16493,0.3893480537028324
611,0.32068210338949843
9,0.3000436549666958
7435,0.27256555174960495
12499,0.3168440447008814
3868,0.32312798556913414
13543,0.18809848336968515
3672,0.3230744514785394
13761,0.324273873929385
15345,0.3786964613262226
19647,0.23020653175673123
6376,0.14362389783613147
9188,0.274442223007844
1410,0.2040946719132613
18630,0.21576714516363174
456,0.2476142278156178
705,0.3641500560549914
14310,0.3641500560549914
12282,0.3641500560549914
14743,0.3641500560549914
14186,0.37536910117159755
18234,0.37536910117159755
3980,0.2437405913386884
17345,0.2592349407495271
2023,0.45279096336981545
18430,0.2609989787271117
11642,0.4095873742000353
20145,0.35220803327262307
14179,0.3132987749093111
19752,0.21552019424603583
7391,0.23794712587101907
7180,0.38149491603109076
12392,0.38149491603109076
13134,0.35181216973311946
18559,0.24629319836507302
14998,0.29206669080150177
11282,0.3619569516828792
6778,0.2844388774691715
4615,0.312261709400828
1852,0.25724791635045074
14808,0.25724791635045074
535,0.2563743063220517
11714,0.4981375481611356
19628,0.4981375481611356
18127,0.3466400887703361
6125,0.3552834719537249
16253,0.3487850704604603
4278,0.27527211494248655
332,0.29078095624840167
14586,0.31655796703622946
2584,0.33551617285800023
4783,0.26078753675863964
7704,0.2602856391285594
4747,0.2756963034981429
12048,0.2733189040440748
10020,0.5431145752139301
6364,0.5431145752139301
11477,0.4733100572652432
3407,0.3562441362180952
2903,0.25713218055556736
9202,0.2557563957288117
17664,0.30552200005369085
9136,0.2557563957288117
7491,0.354853489319934
15572,0.373277089067286
9541,0.25817041434405097
13808,0.3450182428942632
5322,0.306107809470979
11585,0.27997565285916176
1710,0.31633553205759285
8992,0.23263541716369188
2453,0.24877085221666348
1433,0.24506225343306823
15900,0.24746205166760293
10583,0.300464306297555
17468,0.3108877565583721
2551,0.21190850554950877
12277,0.2844972488201301
10312,0.3167788883719885
12617,0.352139627760081
16,0.308259173585387
16182,0.19680357293604372
19858,0.2642954307280303
350,0.2851595403860343
8341,0.3423520912578709
2096,0.3939875966540055
18773,0.30137302673644184
13908,0.314957645493147
12378,0.31949503680455454
6374,0.26575118648935786
9216,0.2513831816191252
6060,0.2572070248642372
13271,0.2572070248642372
871,0.25159332077960417
2807,0.25159332077960417
19081,0.2714318023840142
17143,0.42568735916995926
6283,0.3675662053904822
4614,0.36188404971777177
17037,0.19806643286626835
258,0.19806643286626835
17329,0.302304430385102
6491,0.330672055178095
16302,0.23835193250128622
14441,0.23835193250128622
5323,0.24666839823960363
3135,0.22945815558592247
15478,0.2638306829633053
19316,0.2638306829633053
11006,0.2638306829633053
15356,0.26574841097498253
16599,0.2990519855004791
11377,0.2677566933421111
5782,0.25715341005244374
5605,0.23110453161130098
1455,0.28355623817677683
16024,0.3202246130934979
7974,0.36228230124295924
14764,0.36228230124295924
13994,0.3597418390797382
1716,0.3065176793059552
6762,0.3584742526772639
7803,0.3236284798217265
4730,0.6119296503157
2635,0.3850332306189461
11026,0.3850332306189461
12073,0.31051076922664056
6823,0.26575118648935786
19978,0.2513831816191252
10399,0.24907339822275537
11678,0.25458706410250154
3472,0.25458706410250154
14317,0.25458706410250154
18616,0.33253056888525706
13207,0.649822973181724
13723,0.649822973181724
9770,0.3323340338242062
12970,0.3842543262468962
11250,0.38941236707490506
17922,0.338202437148718
1098,0.2822836274992066
2446,0.2611497519347853
19789,0.2611497519347853
7248,0.28992896925655426
10849,0.30252640165223554
16861,0.602192420911978
14272,0.6590018391489307
4194,0.3325001954698162
8718,0.34107183176864386
1971,0.30094355347967333
11787,0.33400518481183683
5648,0.25703644362095734
16958,0.2615010238829717
15385,0.3107939494423167
15615,0.3107939494423167
7849,0.30295622841602593
15604,0.32799558559214137
18787,0.5218207626182183
15503,0.37716774002770576
2458,0.2729817198221818
504,0.2976892243810986
3412,0.319490577648259
1989,0.319490577648259
20220,0.30258302075776433
6934,0.25486376292865043
3171,0.26071776234851385
10000,0.2509211559232101
18613,0.2509211559232101
1438,0.2658599140402985
7451,0.23531334146911873
9291,0.3386430117681574
3469,0.26158804565409915
3348,0.2710129763328262
10535,0.2296050313658514
15460,0.2672990140070253
4020,0.27569576666470175
4480,0.2784510430021958
5430,0.31308486171333705
18959,0.2763331582931734
2294,0.35800599590538174
842,0.34008798417716
6403,0.34008798417716
20116,0.30679522304065576
11763,0.28907488994505226
14434,0.26252650470725075
5793,0.3163588001096778
13417,0.28963351710417334
17206,0.28963351710417334
16685,0.28963351710417334
20107,0.328834019563875
14657,0.34136548059593486
14420,0.34136548059593486
9711,0.28043967419251936
10196,0.29389998426251107
19323,0.6756756671179738
19885,0.2962431995587341
1090,0.27248801540754464
17285,0.3351656736433196
2075,0.3351656736433196
14058,0.36471669491372916
5,0.38141226525685146
13214,0.28203544738635866
19980,0.3122530367255959
18030,0.3128743405117441
15364,0.3221722992421975
14176,0.3283921627447176
1017,0.21791856651402178
8401,0.5375799985398088
3758,0.636669705308746
3927,0.3421412719973354
563,0.3421412719973354
2507,0.3374064008603309
12145,0.3051145277856541
15435,0.29937768165763234
7786,0.6955091267063369
13235,0.28366443966551247
10922,0.28366443966551247
2233,0.3640795254546925
14581,0.3640795254546925
15720,0.31842403276265696
12105,0.31842403276265696
12397,0.31842403276265696
7934,0.1762988127351356
6153,0.29982732241455584
5085,0.18984738107843463
14721,0.20457032095370875
18694,0.5876187966609717
12138,0.3956115818778503
1337,0.2513474978662687
8518,0.20917875767282745
10690,0.6463674305096441
19991,0.37428041983859567
6837,0.37428041983859567
18017,0.29950469868977464
20176,0.29950469868977464
11494,0.29950469868977464
338,0.21712204614207153
4292,0.27730211327124765
1694,0.28519381794081494
16381,0.27730211327124765
17554,0.22317109901093318
1560,0.2633228704164636
244,0.2633228704164636
1739,0.5855247659629293
20223,0.5855247659629293
14160,0.21741090332345367
17773,0.21741090332345367
3575,0.30989780115767357
1173,0.2166364753084152
12241,0.3459717580548271
16317,0.4639955369944209
18816,0.4752593032602858
4386,0.2577837683401527
934,0.2669781081749039
19584,0.3339889767308851
169,0.19434865238650703
13572,0.24737389913846639
5225,0.24737389913846639
15193,0.24737389913846639
147,0.6072172844665377
16814,0.3073331924626318
13842,0.3873700509152652
8651,0.2976376720582006
20076,0.3374539261510303
17210,0.3374539261510303
8422,0.2962414903117861
4567,0.2962414903117861
10168,0.2923422834268719
519,0.5409175355751696
3933,0.20014466619493027
6127,0.23822436707773614
5732,0.37905295471718514
6707,0.24153221008216746
8966,0.282625822447016
9520,0.3108966828337232
10253,0.29490819967852333
12461,0.4931478914802544
10514,0.3342635276899078
10648,0.3545668344073169
9849,0.26064861099176506
8589,0.26286542972733357
13236,0.38171865172942
6912,0.2697435431038692
17825,0.2388343429531085
3886,0.29898182076213486
11634,0.3383991891739196
16507,0.3789444874150602
16036,0.3669449337809896
1179,0.2710513223658777
1629,0.23375040969302732
10728,0.26002743264084577
8859,0.3233925322119508
12228,0.31311118043651953
3294,0.4209603333593279
10999,0.308515593422642
288,0.221685193416612
18950,0.39772939720891526
15701,0.28145422855061636
11103,0.28145422855061636
17271,0.25207512974698815
4045,0.25255101913020606
4711,0.18202480837300386
6557,0.3150455153766182
11409,0.28479062599984384
13470,0.18370396636068104
15933,0.33546504533740573
19996,0.31125426582581706
467,0.3453379518403572
9241,0.3379156934532724
11614,0.41353810351677056
4418,0.2743012708050984
9451,0.2264771482461378
12106,0.30262484575343274
393,0.3574947769086617
1388,0.4357434188159357
7031,0.3682178135130211
4860,0.23716224303527378
2973,0.23967880208034711
19986,0.2722965400768655
14942,0.3108488194432201
17370,0.25715998878592106
19168,0.20737238918840256
992,0.21928162996099218
4966,0.20737238918840256
9058,0.21928162996099218
6895,0.3156155368241326
1148,0.35971224044449734
17182,0.2703314931178991
18925,0.22376036752828182
13462,0.25575132304786014
4544,0.3261223573726645
16180,0.3649691951711307
3761,0.3649691951711307
19181,0.3686978507337365
15822,0.35862375568503924
2061,0.2537156593171036
8969,0.17792453291122073
9536,0.3566273137821696
15646,0.32613611242767915
6836,0.3398231494500937
15741,0.3398231494500937
14580,0.3398231494500937
6317,0.3053661434929751
7107,0.3053661434929751
5005,0.2661668827493454
12755,0.26322361598449484
2495,0.35842912349081296
20115,0.2784351070675091
3585,0.235099329774358
7226,0.305423666605164
8089,0.26510870330808617
12238,0.3295047889991129
9701,0.19801322243952535
4046,0.19801322243952535
15593,0.27287848122639546
1802,0.3104763625101682
18530,0.3388701519405449
18577,0.2742386362816806
1958,0.33832264703729253
6734,0.22047355152706585
11636,0.21396514164105232
14513,0.26997799290265656
10279,0.3479288666253898
9302,0.3327778761900766
11471,0.2519043611576659
10629,0.2700383252100706
18478,0.26025177026198004
3279,0.2169226812249433
20045,0.3127951376757612
14050,0.3228202150000131
14969,0.3127951376757612
3143,0.3228202150000131
654,0.23483990841112382
854,0.3466116979452521
1593,0.292557502071348
15778,0.3268538095778687
17155,0.34694067204224177
4436,0.24817784905186133
11932,0.1774939799020323
1079,0.27116046273006467
8349,0.2746979196058811
16218,0.3586671946077511
5942,0.33888866586835825
17557,0.30361335283210134
3568,0.30361335283210134
17455,0.4606331063042566
13378,0.4606331063042566
18689,0.3259284903715325
2123,0.22528907745524374
17286,0.2304416831138537
5257,0.41858845899988406
9305,0.3696523862911353
5114,0.3126268666204746
7379,0.2519089707811655
11940,0.2525442798771685
13885,0.41586513884283777
19567,0.39730993170729834
10537,0.21396514164105232
10654,0.24442791582928708
2043,0.4132300433989699
2188,0.3349821796200869
16231,0.3349821796200869
9791,0.2650077924742569
18112,0.42685072457603584
18190,0.3188258979107447
3457,0.2615426286615653
8085,0.2878988090901434
2058,0.45898920326011716
5314,0.45898920326011716
14815,0.3513961339836127
19248,0.24839925783180658
13395,0.21152631558733384
15532,0.569469957395523
17597,0.2185117268613647
7908,0.2185117268613647
20126,0.31692395565832204
11369,0.33131274296996516
8705,0.33131274296996516
13353,0.23596748840656528
11052,0.25881583571057337
16250,0.26545303441270035
8188,0.19530852014704464
7930,0.24200095311739034
17262,0.25749771454257664
2669,0.25749771454257664
6667,0.30693255900353167
16767,0.651389973919277
6385,0.32097738369121176
12426,0.32097738369121176
16054,0.37136822785671103
6536,0.2173695262272598
7094,0.23168371346828712
9678,0.2608567393980711
9896,0.3345759205784433
16957,0.25560301209084696
19157,0.2619727542032598
9246,0.2653583409952522
12163,0.2545920292279785
16811,0.20235894465885293
11750,0.1998408958368605
19809,0.2732153460832729
14092,0.3232064924677226
15761,0.2178208292350019
17167,0.2178208292350019
6277,0.2178208292350019
11978,0.26020645579230745
15973,0.14722437871562857
5662,0.33842488210886584
10177,0.22238901864704402
3657,0.22238901864704402
2189,0.27950426003003825
12993,0.25942686095921363
18221,0.1650731405023052
17815,0.2922821349961286
14682,0.21212063708519246
15357,0.1636808972708677
7840,0.3001912096743796
13064,0.3536768235277977
3666,0.3266443082222894
15765,0.2897397538315367
12140,0.3074541394267046
17017,0.32788198767210686
18125,0.32788198767210686
9745,0.1421285935503054
15845,0.1421285935503054
15014,0.23810432223940758
14286,0.2967468802634696
1363,0.3301442303612535
1285,0.2967468802634696
19938,0.3301442303612535
18595,0.25079333314458624
17463,0.23002931092271878
9884,0.23002931092271878
15570,0.35060918924220863
6968,0.30728014296920053
14034,0.31024912994927606
16402,0.3005940090586668
6947,0.30313536149055553
18714,0.3316617226560045
11520,0.24443490571407114
8260,0.28494157070770115
3354,0.288315939147976
3687,0.20751100990577964
8275,0.3222950983075138
19861,0.31731178365910817
7135,0.30132374302464954
11030,0.41304923213529254
15816,0.41304923213529254
14675,0.3454798918598815
16131,0.39027234618388074
3905,0.24563403153340013
4618,0.3109147150731493
10705,0.2700801905590424
5536,0.2700801905590424
6036,0.29244840328186983
20149,0.27194492824185784
670,0.42958076612164264
14149,0.23592402517093577
4206,0.4250780735410153
17699,0.22312783803612404
7755,0.2791501885837564
6448,0.25987566431582004
14509,0.3369994510128243
6398,0.30488180591062236
17684,0.3316898257314205
13335,0.3316898257314205
20164,0.31253192141166275
18963,0.31253192141166275
3336,0.31253192141166275
11774,0.3119576872408666
3064,0.37739881211284676
416,0.3259065135242244
10488,0.3190081774296583
5591,0.3190081774296583
17108,0.2895247114545336
3093,0.2895247114545336
829,0.28975702173746254
10503,0.2643365708423896
19666,0.419992897859073
14140,0.2757965635053283
15344,0.36729573932621723
7229,0.30722279355087784
10449,0.2440657760573886
2211,0.3055680373221377
12894,0.29872050054362337
10307,0.22427070048351314
11809,0.2558183394805909
14686,0.2558183394805909
2941,0.42261051055675436
20247,0.360567468357025
1875,0.3000605109139692
17358,0.3000605109139692
6484,0.2705916176299054
5419,0.3342024330868254
7955,0.3342024330868254
12082,0.32546003275855473
13660,0.2895388173673335
2490,0.3337397602980239
8529,0.29919840308002876
364,0.25333234016368633
2041,0.23760662074918099
12437,0.25333234016368633
5320,0.32980648662196493
8544,0.3467579325303299
8817,0.5485263224519301
6859,0.2601712869481138
18811,0.3205533015712374
16697,0.45033471136112196
1371,0.25826085021839384
14986,0.24295106642313896
1667,0.2994881932680214
6319,0.3263358412722429
9333,0.34370721078637656
18296,0.2577965857553573
3131,0.20428320397645572
10694,0.30153719525889766
2787,0.45613976876160767
10113,0.42454474622212796
15042,0.3281805144292511
4268,0.3075110326112208
12301,0.2980925933899386
14577,0.3249995297333019
13518,0.20055377612673453
18130,0.4853041737208794
19425,0.3634594951929552
10125,0.2405612136164496
19900,0.31665634887700217
16461,0.22975826694139306
8755,0.21723511859376854
8364,0.21723511859376854
3222,0.3215521347654157
5492,0.3763168087361294
6479,0.32072963073225014
7364,0.2716130928521008
19406,0.3181136401911913
6419,0.3181136401911913
14937,0.3434048011565774
6105,0.29957751541898625
2155,0.24080143243564994
16540,0.3010306425066893
17019,0.4478536380709213
9304,0.4478536380709213
19518,0.2593339452201728
11686,0.3546282640728652
4088,0.47788169630849
13106,0.2257670232851024
3372,0.21797267667896564
7473,0.2655441676193005
709,0.2655441676193005
9797,0.2500976909701645
18896,0.2014634352313055
12087,0.238817732216863
1364,0.4017755901924586
11962,0.3833149720241006
4996,0.20469202711653156
3730,0.18963408269043913
9542,0.2789914825044471
18087,0.30507288450132475
15439,0.2841645138677056
3724,0.3590069588810605
226,0.2729556287793268
17367,0.3304838914012018
357,0.21534154871133404
12275,0.42614001416216196
15560,0.21520391136601566
14411,0.2100607970418248
8405,0.21395312220352178
18453,0.2416054835338019
6547,0.30080129638312225
273,0.3604244934191623
12452,0.2857366211052393
5210,0.3680779067792115
14488,0.2486166371730665
6097,0.3494054805778085
18421,0.2486166371730665
10850,0.42685631439722255
12447,0.2676158082388212
7653,0.28195862538579747
3505,0.28195862538579747
15573,0.2614491401869724
12924,0.1885959435385558
8106,0.1885959435385558
1154,0.2192633010825498
11823,0.3157632146752821
13186,0.3157632146752821
10718,0.35353929995377986
15233,0.32964585003861
9867,0.32964585003861
15914,0.388130446298384
7045,0.388130446298384
17156,0.19880860952123497
4608,0.26631616772693
7242,0.3423481111558815
11916,0.299493606038535
3721,0.24010335819742706
5218,0.24010335819742706
18901,0.29919585670678733
19267,0.2794700059081255
8763,0.28295006429211456
13648,0.3244728674014458
15558,0.3244728674014458
13838,0.5023760470053716
4948,0.23627756597127453
17892,0.3315217248575328
11199,0.3315217248575328
4489,0.3315217248575328
17809,0.3315217248575328
16853,0.5316759880468004
1281,0.22536157425185374
8693,0.22536157425185374
3840,0.22536157425185374
5715,0.22536157425185374
5321,0.18856200926090416
2617,0.2805557698462214
7561,0.2829800970080346
3227,0.2829800970080346
18757,0.2541305623274614
19060,0.3423742522474893
19602,0.3423742522474893
13443,0.5462691051687438
12440,0.2586533443346822
1157,0.2586533443346822
10260,0.20553673965523955
7927,0.20553673965523955
18980,0.20553673965523955
17978,0.2960847870117478
15127,0.3311965596066404
2566,0.25263425926639427
12781,0.25263425926639427
5822,0.26060718473903516
6727,0.2742506012570701
19756,0.2905208943311539
5281,0.23926976883819703
18311,0.2732724221624018
10366,0.2732724221624018
17985,0.3490185098917139
3625,0.2473869495443136
12934,0.20624372988595888
19137,0.14682829838441036
15411,0.14682829838441036
10074,0.27489923233291946
2439,0.27489923233291946
6549,0.2977418859668384
10338,0.2316995613708666
15600,0.23084563488143914
8335,0.22123980784229286
5146,0.28936031551886077
4149,0.3383226472803969
378,0.3576943794332404
6231,0.22295419103541697
1912,0.46382256532146526
2976,0.46008300415200154
15866,0.5460990534679937
3911,0.3087933796947333
14690,0.3087933796947333
2591,0.2257567243882533
8785,0.2499774731482826
12022,0.3222542483447471
15929,0.21915904993957214
6480,0.21915904993957214
19146,0.47155284297583755
15897,0.47155284297583755
15461,0.30237199848608687
13664,0.30076717606664893
2038,0.32437305336342037
10883,0.32437305336342037
15106,0.32437305336342037
11076,0.32437305336342037
17939,0.3458444077539171
18161,0.3335959840982118
12673,0.26724890136871116
15723,0.26724890136871116
14410,0.4150238539156008
5497,0.32298947922393095
10230,0.3146239084246891
6358,0.33879345848398135
19190,0.3522366264262469
8722,0.3522366264262469
9736,0.2959453215579513
17685,0.3401467775686061
5044,0.2798065083403469
16596,0.27227235012927015
5688,0.3163184207736437
7872,0.19178599023853213
12581,0.33957462128863963
11923,0.3323131022437789
9116,0.3727176115437306
11728,0.25041210994038227
13368,0.2825091348553476
15030,0.3119561886654487
3535,0.34935243158168067
5507,0.34935243158168067
15550,0.33362525889798206
5035,0.34074472272269946
7787,0.3727176115437306
5599,0.3534759587093749
16789,0.3681301689406563
18186,0.3681301689406563
14834,0.35944806137254903
11484,0.18879909936133743
18580,0.2785328716555962
10879,0.2785328716555962
15952,0.1611186113424651
5873,0.3202166596114072
483,0.30324726345089836
10247,0.30324726345089836
19753,0.2860873371060063
3551,0.32276177948412416
7904,0.5093243377016176
20166,0.5093243377016176
14185,0.5093243377016176
18022,0.2658064875138836
2204,0.31125507760721605
5805,0.29179690639472855
14678,0.24160271645562445
12229,0.3186971681812795
12656,0.22806177477402462
3226,0.31026561594260943
3307,0.31026561594260943
379,0.3497055207426907
9288,0.3504191992432588
12104,0.27358596781736877
7947,0.2275057905667131
11054,0.2275057905667131
8901,0.25993794520136193
1215,0.2275057905667131
7739,0.3731984529809008
9679,0.28108693999556117
1407,0.34569120776383017
18231,0.35653828688408584
11049,0.27317081891287853
8445,0.19860005139943668
2595,0.1907432513487786
2297,0.1907432513487786
18929,0.28161355503498736
17480,0.3133889129857894
17546,0.29744383168659083
16862,0.31890617798653664
2206,0.31890617798653664
5906,0.2236427285614933
5036,0.2750788156556397
14867,0.2754836775368227
13254,0.26675219073324313
3495,0.255127378014952
15291,0.5680894232288435
11442,0.25343884104487585
15095,0.2519204364870759
1973,0.2296211247088151
17671,0.3240758074484998
15596,0.20247345623714974
2086,0.3133889129857894
2455,0.27899051822879906
18546,0.24725222309361347
15823,0.5568181899030101
3805,0.3531866732783562
7439,0.2838531127758951
14526,0.205521415204308
3074,0.28252857728204994
8058,0.28252857728204994
6399,0.33296933200490053
14066,0.31195390197326806
13039,0.3780414283742116
10397,0.23657349249177648
2424,0.24640014844922134
12792,0.30028676524357484
12209,0.2127621792664669
1527,0.2127621792664669
10826,0.2681909134920623
4691,0.2681909134920623
14917,0.2681909134920623
11155,0.18788610006643508
12760,0.34630248474066766
1336,0.31180482846577867
2761,0.3260995795545152
10107,0.3260995795545152
4358,0.21580707288765721
5969,0.21580707288765721
13015,0.5648161183758147
18900,0.19423178246196007
8314,0.3067259345239658
16894,0.23422527805313015
13877,0.23422527805313015
4248,0.3706415987276307
12489,0.3706415987276307
8163,0.33759766772740774
17923,0.32203116651816294
4116,0.32203116651816294
1688,0.326016550927817
2840,0.139932714339989
16962,0.1598098941874599
10445,0.184127214402044
18857,0.23725402311419513
19838,0.2324934921987986
728,0.22884615976273248
14341,0.22884615976273248
3188,0.29183168030601037
12648,0.2773390892840263
8362,0.24555487369425064
16727,0.23827861223164268
4537,0.23827861223164268
10863,0.13623490615027756
10370,0.28410655881688684
4571,0.33668266476702935
5496,0.3615416751417597
14963,0.25937165224879993
18052,0.30370412457112383
1097,0.2976078502629377
3268,0.2746790722095224
18031,0.23086280634468015
19813,0.2545920292279785
10894,0.6391439004573354
128,0.6391439004573354
9751,0.2488734618799268
6736,0.32456942552453266
18103,0.33469216968121085
311,0.3739677495978635
18226,0.25501013956784013
6339,0.2455864510844874
13603,0.30479884297235404
4944,0.20954001397087574
5506,0.23626622434785
9746,0.22680653937845868
13538,0.32456942552453266
15505,0.32966616140037686
19505,0.2527023724992578
8002,0.2315303350221542
6839,0.2983594109980295
8304,0.32348318764150996
16822,0.2649708694297802
644,0.1571173093321719
16563,0.6042468952322056
8804,0.23601059200139268
108,0.23774292822153764
10489,0.3563005002182841
8885,0.30939917385698057
14412,0.2786086784655891
10920,0.28869990134096785
764,0.20986593485118551
1965,0.20986593485118551
4260,0.24176131070336257
18723,0.2673219269926884
16488,0.2673219269926884
6863,0.2520466964233359
17404,0.3646913486577552
10862,0.2319731014676067
6200,0.2548015982446075
8001,0.3367087774074964
15001,0.34723018848178383
7090,0.34723018848178383
12805,0.30567946281289843
13615,0.3005464455806323
7759,0.339345098933379
6278,0.29267735181192805
9508,0.20540130456164676
480,0.2449167238121938
10410,0.2520572448960851
11324,0.3053813032344491
10475,0.32554193106616475
19620,0.32061412208206397
15134,0.1545122132684747
3489,0.3157508133742657
3955,0.3157508133742657
15240,0.3174539680340072
3073,0.22620594746139336
15430,0.2575575310653402
10695,0.2575575310653402
8272,0.24852268280254972
13904,0.28869522440907036
821,0.32498041411100476
5776,0.18630333187279383
77,0.2848371967728685
1391,0.21500329123858997
17561,0.1858560819202966
48,0.5037338185916892
2681,0.23452103001577757
12391,0.28768569619814877
7086,0.1801898159829238
12225,0.27344865383757355
4129,0.2604750426734354
14985,0.28873541078929704
7726,0.24297285128702606
548,0.3756516778214786
15146,0.5628679168510743
17105,0.5141910477076576
712,0.22362321008186636
4012,0.3296745251803619
13983,0.2378903368242166
13539,0.23070877911813006
3359,0.21431778468238394
1257,0.21431778468238394
3284,0.30753479412392093
16534,0.3453712717445918
4209,0.23928348728744844
16928,0.2444220758031962
5326,0.29547842077701897
16646,0.20999838319606923
466,0.3277129056648847
13165,0.19768055554702246
18397,0.19768055554702246
17769,0.21629299843732697
11965,0.30433304418006063
4552,0.21558354314458023
4226,0.2180541001221946
8160,0.2560523029925171
10533,0.31372989720334954
533,0.24619108072701934
3490,0.2327957571003898
6431,0.3163654693152745
16686,0.3301607128737072
8287,0.2469135758110303
14652,0.6327635707728698
7907,0.21051747982050567
8792,0.20404051685699973
4727,0.2411999823055028
19619,0.3755169925622004
3478,0.3755169925622004
11832,0.2544573220085255
9315,0.2988918203414553
12942,0.5983477997405314
1278,0.5983477997405314
8575,0.2576600241434871
7091,0.310642265295651
2700,0.3477458464096288
13614,0.23177555338436487
18034,0.2621272193510537
17565,0.2309665648417847
12103,0.3284546931283416
15254,0.33679150413775427
17257,0.3188623047133716
19670,0.33679150413775427
6131,0.2756732392574456
17541,0.2354847053346605
11550,0.3021009115235968
20250,0.3021009115235968
873,0.5441110102882537
10954,0.5441110102882537
7159,0.2563875855620422
8626,0.3045849699562002
9854,0.2114406878622735
6485,0.2114406878622735
9300,0.23034224778693282
1932,0.36093202366690624
2999,0.29670412966545107
12273,0.29670412966545107
4682,0.21527675210977246
11632,0.6109344827316496
9426,0.27502926275851763
315,0.34287004146818295
1858,0.3178064311302808
19343,0.323427084997803
16035,0.323427084997803
5539,0.2880783528588792
4576,0.2880783528588792
18289,0.21451806827911948
10123,0.32406405731199595
18168,0.33760399876678926
3264,0.21111621121313567
6221,0.33411725118675273
7501,0.25593521521042173
6189,0.5149135321970744
9707,0.35861306424197487
7823,0.35917856010934385
19129,0.2746144288331802
6439,0.2746144288331802
11696,0.4056128877089543
11679,0.2755336759958329
2050,0.3030923573054969
16666,0.34544260737059346
11402,0.34544260737059346
7710,0.24314678243425858
16504,0.24314678243425858
450,0.17232622396490138
6005,0.2455454198390222
4270,0.2652943890979663
14874,0.2652943890979663
17372,0.34455318639841737
3433,0.34455318639841737
10867,0.39889415817694296
17824,0.39889415817694296
4782,0.27952071026223907
16916,0.22795440225614266
2410,0.22795440225614266
2830,0.3626717784706032
12195,0.22029956804985903
9781,0.5169372604804734
7191,0.27110562126820437
14660,0.3416771374214889
17252,0.3168659549625269
10624,0.1935857744718133
13970,0.31729051367809724
4573,0.31729051367809724
1136,0.2542225918717475
18425,0.2542225918717475
2949,0.18596068525370274
11353,0.21554097136301795
20002,0.18596068525370274
822,0.2439701916951527
9227,0.2439701916951527
10480,0.524282838157084
19049,0.33075113074563517
1669,0.20499219161804333
19636,0.1973166138789711
20095,0.307998777344432
11593,0.19469382649945663
1437,0.3199999798980415
9186,0.3199999798980415
13749,0.3141703519476826
14595,0.32973828394868865
1301,0.23629187776767108
4492,0.24900923416811277
17602,0.2512710902631741
16779,0.34102873387661314
10556,0.2420778179373875
12439,0.3264679072100802
10806,0.33638362992871157
20012,0.33638362992871157
5152,0.5467269050391805
5919,0.313175374650421
6166,0.313175374650421
12309,0.30548412874133857
10319,0.2128787355348042
11697,0.21992237794230657
18260,0.3302171928127666
9335,0.3513880083810741
10288,0.3513880083810741
11256,0.3513880083810741
15561,0.24831487256248558
10985,0.28661253788066016
3985,0.20302822492150596
11574,0.2604840200155378
12783,0.2963570341456982
18526,0.3328263005155841
13421,0.2532169504284474
10151,0.20994783860767813
11193,0.31499187957544106
14803,0.29777684995734177
3398,0.2961472843791311
20194,0.20499655442761933
74,0.25194608435135923
5182,0.17984241946898047
7541,0.2160722781734645
8414,0.2160722781734645
10722,0.2160722781734645
4512,0.2160722781734645
11863,0.24395756071439886
15563,0.24395756071439886
15968,0.26302228135640277
5560,0.30616201085709094
15926,0.19383660751341378
5566,0.26736882230930836
6954,0.7495773865263528
12412,0.31259575365369935
529,0.3141703519476826
18594,0.2618097777076755
16911,0.2618097777076755
11620,0.2607041726836293
6971,0.12496284393829883
18284,0.38656968488698606
9658,0.3475565935606346
1904,0.21873164715531296
18852,0.31763458686059387
15674,0.38191943584369703
4037,0.3073840235835535
17397,0.2609116236844675
5415,0.2715678312679152
5726,0.27111946635282735
12961,0.1542197661200912
18957,0.23077355731221869
243,0.23077355731221869
15314,0.1775164059126711
12076,0.20089203384332416
16481,0.28145314544785033
15376,0.2580354902036363
11112,0.2778403785900121
13168,0.2351806074522949
19375,0.30284185836730493
3706,0.2644147430555165
1180,0.25769478264377454
8310,0.3100301541615231
12544,0.38582276776829916
11578,0.2625205102507784
4397,0.32154402851064073
12318,0.2802564525994767
3174,0.2783720022314609
8607,0.2225922086062886
5543,0.2225922086062886
10220,0.2225922086062886
4543,0.30798934079549306
675,0.1956018578735635
11670,0.21526017062307462
18517,0.20091653204204155
19747,0.18401349944352094
13422,0.2661128418894921
5280,0.23281242116667836
2137,0.23281242116667836
18230,0.23281242116667836
4884,0.2792566093373405
4350,0.3067574098868831
7337,0.2858478179178251
4992,0.5534025681030795
8533,0.3490694033661016
10458,0.32473950421506576
14196,0.35148132203823035
16025,0.2914679714095136
2748,0.2914679714095136
14155,0.2648656704599699
14373,0.27725352582800533
11175,0.3211318205521216
6574,0.3211318205521216
12393,0.3211318205521216
3057,0.14231427640009905
18309,0.33825470757907067
8243,0.27413758907820984
7370,0.33825470757907067
2558,0.4149958456121068
17727,0.3502871469861297
7705,0.259520990578249
7898,0.2652811732258789
539,0.27995925913761033
13410,0.29116368817125554
7425,0.30616790000696065
1897,0.3002980734755124
6118,0.3002980734755124
2181,0.21535124979617068
14256,0.23416813489667115
8312,0.2270357224181607
770,0.3953007757603495
6642,0.2666142953253469
12671,0.3481594470527273
1205,0.3358328170904443
15301,0.3358328170904443
1303,0.2785152623001006
10995,0.2785152623001006
19264,0.28519564694287064
1277,0.29938666922313467
4958,0.29382154391055937
19650,0.257127626635737
14845,0.19463263758317698
12432,0.2511328561648891
15610,0.22106869482790922
10683,0.27813356515122706
6548,0.24452649411774907
18538,0.30538182872751113
18271,0.30538182872751113
17297,0.3053871663142836
8545,0.27189239069775045
19282,0.21581061092366904
17564,0.27928297004929786
9456,0.19971795277842452
4215,0.2874974124847619
15894,0.305919955567566
12162,0.2895749193981787
986,0.23265546957884048
1764,0.34975019324794737
10743,0.2779444862289772
16722,0.2535282086177151
4620,0.2993405027360622
1987,0.31173053421083907
1574,0.31173053421083907
5834,0.20817058722160137
12192,0.3253306622364983
2554,0.1849386013163194
18185,0.2936146864226411
9114,0.21945468242600763
5370,0.20472025357255474
13163,0.2149149007604403
8511,0.345388376316961
3019,0.2580245183524215
1751,0.23293126773042577
13815,0.33193335015793357
6613,0.28939747732987026
19355,0.3366306423294058
10304,0.2639446972453286
16660,0.2681970072314561
3120,0.28243419115522583
6828,0.3726509382587707
3956,0.3649401457504739
6973,0.21677980143052905
14590,0.24829528524310518
5327,0.2875812259378283
8339,0.2875812259378283
13969,0.21120221234860515
7666,0.5279607853103783
14734,0.42344647245543815
7560,0.2657228445032604
7829,0.22305637365336856
1382,0.32464679844588445
4413,0.18102580937214427
15483,0.3632973446039292
12958,0.33885290399519574
20200,0.30333187389672556
2168,0.1899929260514446
18131,0.1899929260514446
2300,0.26027709238748065
5394,0.2851792760917414
12980,0.2721906536607537
13607,0.1846165024428077
10540,0.3050901287055065
8199,0.5174279877898286
16315,0.31271309520968893
5352,0.26641978032938973
18642,0.31134615581681035
16111,0.2467599884151635
15645,0.299616175234126
5034,0.37930160163331683
12129,0.25197229172789426
6995,0.48299167167552626
10767,0.21180871965437514
4442,0.2854607436842644
17305,0.32611197712127815
17982,0.29149005473888834
3221,0.29149005473888834
15521,0.30249281413047346
14046,0.3017184985290206
2929,0.2970474458709589
8797,0.27449993134293055
1225,0.321002529465521
7358,0.3037400691020652
155,0.24744440139071572
9336,0.2470690927503138
5214,0.29614459645745084
39,0.32036569899398226
8873,0.3602489760266506
11964,0.24106155609191093
13750,0.24106155609191093
17089,0.343885019728516
10037,0.23947776414074268
12508,0.2796675694310962
18793,0.2796675694310962
8119,0.31048123303908753
18138,0.3216929943101999
1942,0.3216374386766618
3263,0.3504603545306684
9405,0.3121829442863477
6070,0.3121829442863477
6724,0.3121829442863477
11705,0.2897169969593615
6362,0.19967894842599557
664,0.32301743861926085
12133,0.23380116875780318
6801,0.294396071379029
16408,0.3276968984193893
7264,0.3920801418686636
13754,0.3920801418686636
17211,0.31548392047445256
12441,0.3224439305565132
4133,0.27683908759392983
8592,0.25965932138942244
107,0.25965932138942244
12649,0.26341946656473614
10256,0.3097520687710179
10930,0.3143149874742823
5559,0.2129651264508191
4850,0.2129613382646747
17679,0.4156829739968023
3155,0.31827008800515144
668,0.31781386958583246
793,0.31781386958583246
16696,0.31781386958583246
17193,0.31781386958583246
861,0.31781386958583246
2182,0.345498654819663
14865,0.3121646643533497
7249,0.37568435646554244
8513,0.217704361320549
14904,0.217704361320549
5836,0.20508614073535933
6240,0.3178572056496086
15424,0.43706134965324206
16041,0.43706134965324206
3047,0.216486122553656
1177,0.324003926899456
9673,0.33950089652422066
336,0.38731456013993576
17006,0.38731456013993576
3054,0.2702654252565368
16942,0.2352941216547985
19131,0.2352941216547985
11110,0.2352941216547985
3392,0.2774774087946251
15305,0.2296490643188799
18967,0.21520668488915168
1102,0.2324301138260504
13095,0.21850010908605522
17761,0.4256069743857491
2939,0.34822161630691156
17822,0.35172688337884556
4198,0.35172688337884556
9629,0.2127489823107245
9601,0.2840526561150809
13482,0.36821258171549714
1597,0.36821258171549714
18196,0.36821258171549714
1592,0.2539407864904705
11886,0.3564764500925197
19070,0.2539407864904705
5149,0.24956954564202882
13181,0.21343696930018236
11625,0.37842551827768806
5929,0.27542939593502375
1581,0.27542939593502375
490,0.27542939593502375
15541,0.317888236225113
2648,0.35761500740444013
19721,0.3028662036264295
13893,0.3300388670053333
11208,0.33145693439716206
9837,0.23894872838654227
4263,0.2091710640681254
3125,0.3411427986135256
19288,0.34298080445815715
11883,0.22620594746139336
10205,0.22620594746139336
8669,0.26148249750196406
11098,0.21070468031354203
7106,0.2778454161758118
8298,0.38797055345966047
7493,0.35046397399401685
12260,0.3267443464712058
3246,0.20293560161672636
4611,0.2113711957709309
17324,0.2113711957709309
2592,0.34139065940556074
18080,0.34139065940556074
4519,0.19475049352851606
16246,0.26441715276165895
18245,0.26441715276165895
3655,0.21710277691708232
11976,0.22645308642458953
10103,0.32637427274945197
14240,0.2944277377987715
9394,0.2518250825495474
12453,0.37025339338124563
11517,0.32607065834659144
10465,0.3297501570024426
15401,0.3032096429621241
15551,0.3215932208323033
6397,0.3375177421336683
3707,0.2766945439165967
17614,0.19261886434436948
10933,0.31490403106651366
18979,0.31463801142617714
8915,0.3048757144932911
1031,0.3267128491350515
7343,0.19219934369789246
18804,0.21696315682921524
499,0.2575791532039735
10838,0.29430475411827023
12618,0.29430475411827023
18545,0.2948519154055605
13753,0.45683120596900395
3319,0.3517073778959556
14519,0.27906652875952614
19863,0.36042767923471064
12770,0.30816459580091526
10390,0.22321352564909527
6921,0.22321352564909527
10197,0.25776108402894
17008,0.2750379012330786
8372,0.2750379012330786
2107,0.24514706385155668
8429,0.33003798541483637
7620,0.17779293878675825
1454,0.18811162172942864
3550,0.21788769943148772
3887,0.2883792534060819
14280,0.3203025556728871
20081,0.308584643568766
6616,0.33185243943583237
7196,0.33185243943583237
16039,0.2827878900191205
11267,0.2827878900191205
5660,0.29483469433412895
3206,0.1945841814930771
9630,0.1945841814930771
15556,0.28417590505196905
16037,0.27786514833744924
868,0.19272755359069688
15734,0.3682759471902888
14991,0.35207214928440816
19327,0.23903462647117915
4369,0.2912369189189445
7693,0.195827844101977
5981,0.3797967754969459
13544,0.3137995716887387
666,0.27817874781193996
8865,0.42771908644870726
5407,0.29805583747847864
12870,0.25217279955182154
8308,0.4751879926728775
16866,0.455902415907125
3078,0.3686799006175773
6104,0.2528627636923886
14914,0.25222892218553145
3519,0.31013573602455025
14535,0.22321352564909527
12308,0.25776108402894
7948,0.32382122021201565
13122,0.32382122021201565
9932,0.31143921082268056
16056,0.2896667073704137
7646,0.2778173704266874
19661,0.24622824556400455
17774,0.24622824556400455
8795,0.3179836937950459
16347,0.3179836937950459
9198,0.21730508651123337
3217,0.3287246692016621
19832,0.3973946001522522
13636,0.35450687029128725
19595,0.43223852836065646
17637,0.41182281096697665
1131,0.30777216005380864
1881,0.30777216005380864
11928,0.28650577177487435
1678,0.33690507708295486
7886,0.27417629667043536
17691,0.25678197454758606
3040,0.25678197454758606
6907,0.24900865042758638
5254,0.3041034742653006
17317,0.29831763987261223
849,0.46643259585510366
15375,0.46643259585510366
20020,0.37224157734672475
5640,0.37224157734672475
4361,0.37224157734672475
15202,0.2265562391489267
18997,0.29706326455123766
3516,0.21647186913202854
3705,0.35145678639402633
13971,0.24508296018091236
14158,0.35993583668179185
12988,0.26992586583127637
7108,0.26992586583127637
3365,0.3183023898151345
15008,0.2312425383520021
6612,0.2818059451642864
4381,0.2849925043380148
10973,0.2482670274648016
12838,0.29051873882818413
1804,0.26312817500408003
16535,0.2654657775164459
11128,0.24430589121511798
2587,0.24430589121511798
14346,0.2669315277147562
17673,0.25952182027889603
10609,0.3496163842804708
17103,0.2209795114320222
12526,0.27868110403424423
14566,0.21750743806382278
12011,0.3375527535291634
12875,0.3496163842804708
7288,0.32242624212762916
8379,0.29717454696021156
19730,0.360803129383509
10467,0.26107102075382815
10408,0.2598968937337822
17840,0.24593824949254509
16776,0.27152661835246217
18764,0.26351296866847496
10283,0.27476293313411704
16672,0.2712374066104721
16282,0.24150943388799706
10407,0.20478842684393625
19649,0.36890255006905487
2805,0.30632287919227524
4081,0.24386673270491657
15577,0.20383047237380186
14602,0.2708959362359959
10389,0.2708959362359959
1484,0.18785176045699764
11364,0.3116877980210844
3289,0.28291778571316406
614,0.24795799509112582
14908,0.25643864216302376
11588,0.27527223390479305
14478,0.253907365977273
5078,0.20893426224890002
18046,0.3303584939015982
12135,0.3303584939015982
16783,0.4152976035779857
2715,0.3744405187596985
7390,0.2950319481949737
2044,0.2526194215526676
11693,0.3683145364957058
10421,0.3683145364957058
13404,0.3683145364957058
8684,0.24964200897985028
14263,0.2918251028592625
10658,0.252731327255079
12625,0.26973420003940507
6898,0.25620670454317984
8768,0.25620670454317984
11162,0.21082579878804256
9859,0.21082579878804256
14693,0.5166364860118798
13145,0.2304417316182347
572,0.2304417316182347
9668,0.2440991768777874
18003,0.2730055934058477
8716,0.18664332872098258
9874,0.19101878228227742
17311,0.5006504203815612
19475,0.5006504203815612
4700,0.35487478172868764
14510,0.24691817508879338
4114,0.25025136067952425
13683,0.25025136067952425
12539,0.2665451485852543
1706,0.3602197429253765
18679,0.3267464064931528
4955,0.22482344826988912
19206,0.24657784252806916
12080,0.24657784252806916
6021,0.24657784252806916
10568,0.33275629381814503
12177,0.33275629381814503
15161,0.33275629381814503
9298,0.584150181007198
11003,0.5094663656802436
19859,0.26461157125249174
3907,0.24365612604947168
4780,0.2274939996796871
6525,0.2274939996796871
1806,0.30581953030102854
19807,0.28691495822680513
9332,0.23899215595172607
344,0.23906304344172333
4723,0.3302487237746609
17146,0.1468647891653657
1551,0.2724041936161615
18025,0.19164930203375233
7643,0.2724041936161615
6352,0.23362563668626382
17894,0.23362563668626382
5875,0.23362563668626382
14102,0.2531657641189496
4349,0.5721286963179627
14423,0.3083367765774163
1673,0.2697114180029211
11930,0.31659021803868265
4765,0.2595165227355271
17532,0.3109330927792488
6577,0.28746949958901735
18636,0.2157303362383724
17079,0.34665077260828026
9762,0.2817360616926004
10853,0.2817360616926004
4930,0.23326307976169272
7440,0.3389397935491448
11426,0.3389397935491448
13301,0.3017583922666756
17895,0.335786753110974
4429,0.3361373528845268
8193,0.36832548657895176
12293,0.3307921970181923
4908,0.36239793410003324
8663,0.3064564375734257
4301,0.2425634459467219
16617,0.3281921856710876
12448,0.2943091365025505
2728,0.2811480224133831
12936,0.22212576925332073
14377,0.3898329461398748
14175,0.3307071386009572
2801,0.2758498894572244
7557,0.2758498894572244
15041,0.2730686357885902
9254,0.2730686357885902
4938,0.34463364732672974
18668,0.27037529222443435
15277,0.27563692378275784
14517,0.25744253819036694
9817,0.294623234872549
17959,0.294623234872549
168,0.24722330966490333
11501,0.2478340656162506
11833,0.243145626170918
1442,0.243145626170918
2894,0.13842134143051102
20225,0.2718066848588145
1979,0.2181927560893375
6181,0.3136212896131023
6527,0.3136212896131023
6473,0.3152646018970088
16398,0.2514559705942943
8877,0.32002403215968733
10298,0.2535619071562441
18721,0.29860849340820816
3310,0.29860849340820816
19746,0.2593985084553588
15695,0.27255425279869067
7846,0.3278536076721641
16517,0.303195240201696
18627,0.3097133985099348
10237,0.3097133985099348
4182,0.3097133985099348
1374,0.5492462312751089
17946,0.3320456583225237
306,0.2897437866306895
4236,0.23797207451782124
12636,0.3150734828518831
5825,0.31356886789665334
8285,0.25584629038389084
5585,0.25052232182023
8927,0.32058069372355497
10662,0.32058069372355497
3739,0.2900060716473354
2615,0.3034274019500819
381,0.2598892492249328
7314,0.5352175195776807
8799,0.3186624293301312
18770,0.2100882162734223
8844,0.26371764748303067
6117,0.28845053070669335
19759,0.28845053070669335
18189,0.32719952945692
3641,0.32719952945692
18281,0.31850986078757854
2480,0.26770747522297844
18751,0.26770747522297844
567,0.3106355964840659
6508,0.34391936075672846
10585,0.35188834365451704
15566,0.31090935261824115
8599,0.5622113885409501
11893,0.22836310775520743
4054,0.3577723584517807
7852,0.22836310775520743
3558,0.19001702209040106
17897,0.25446731315092297
19855,0.3209011717775672
10025,0.33927819849823454
9830,0.3342048399043329
7532,0.34628602530837527
10768,0.3694647152373954
4667,0.3694647152373954
14281,0.33805227849816055
19881,0.33805227849816055
7074,0.38872488199426547
3301,0.38872488199426547
10342,0.29058431468275436
15925,0.36442366019112543
13322,0.3124290934461393
13531,0.3423525064381385
15303,0.30436147415977455
14026,0.3171605119354527
3633,0.3071313052256598
3967,0.3071313052256598
8012,0.30029230920493005
11470,0.26968235203736024
14866,0.33688273072633473
2769,0.3296091675288958
15672,0.29715961367037647
18728,0.21065746044921982
2744,0.294535944742906
19223,0.29358976370547624
11291,0.5641118998117594
827,0.5641118998117594
9803,0.44462100694534407
19149,0.19612683378172002
6741,0.3313206364877914
1411,0.333909249635761
1908,0.26689248539380556
1772,0.2780128648168364
16428,0.28907276199123966
20090,0.28821085044636274
17918,0.2476488482025168
17152,0.2476488482025168
5513,0.2663151485386666
16880,0.3323432983631346
8914,0.3742509093780647
13936,0.2851347111607152
16509,0.2851347111607152
4793,0.3150345695409713
17042,0.24038461393745564
286,0.5451230776648959
5303,0.287298293390751
14694,0.2917354369815671
4286,0.287298293390751
2478,0.27937274427874614
7635,0.4574227841311228
17145,0.23754964718744484
18254,0.2480302160495147
12466,0.23754964718744484
271,0.2441678090245104
18987,0.3484425810494274
13250,0.24695264733710812
19132,0.3501503225557079
11298,0.3912712886866463
16948,0.26859225920778873
19361,0.4375023342547235
12545,0.21671655743270274
19444,0.2593096125064814
9139,0.2880557881066417
3266,0.3247458659336472
11603,0.32004957230676534
11745,0.3912758897460031
5279,0.1961843926250206
8245,0.2892546587985851
4761,0.24623286580848974
10530,0.2762561905933714
19547,0.34005061827218197
14260,0.2801884815965287
16899,0.21680559178332115
16195,0.2801884815965287
13804,0.2845288763097687
16010,0.33556539525343776
2959,0.3675524476869168
11581,0.30977719360491174
10798,0.554000616028035
8014,0.3033690731590174
800,0.3054311731383775
19902,0.24138695981464875
946,0.24138695981464875
5869,0.24138695981464875
18956,0.2312290281310592
7290,0.2327983890626872
5220,0.3768577580304492
4335,0.4433592483220227
14558,0.4433592483220227
8426,0.20036894588104243
18100,0.2740507131927298
2212,0.27402011932710574
9494,0.2590299696220533
13217,0.2482036697039245
9570,0.35644774354393893
7153,0.34705484104967865
19033,0.3938672855229578
6053,0.5143014026691873
5518,0.3297850934727632
10675,0.3325393332643664
19899,0.2722661596151788
12457,0.2800993872992886
16482,0.5400260607778028
4162,0.23618564215430168
18144,0.19565045675475062
5108,0.3322531591484592
175,0.32238513960788484
15246,0.3322531591484592
5745,0.3842574564058301
19228,0.47333519816348807
1312,0.4713543995394319
4602,0.47333519816348807
10426,0.2577633606311883
3540,0.3226994744862327
2392,0.35717868101961364
5309,0.31962179530500945
4293,0.32268623299251664
565,0.3114668494036252
18582,0.3139455561633624
16780,0.29146438343620235
20212,0.309407866931662
5794,0.29146438343620235
13029,0.36539681961101045
11173,0.33716360436454307
4894,0.34591139512259517
19652,0.253190398936881
13329,0.253190398936881
20156,0.2960451572697178
6510,0.24326138421925106
14565,0.221151327573672
6853,0.3228021877955473
1306,0.29888854946174015
11043,0.2637720685859659
13556,0.3213475223146431
17848,0.3213475223146431
19224,0.25020732529423817
13229,0.4018708615645145
6951,0.230121762433836
12981,0.3344631373211546
11156,0.3298899713927522
1640,0.3501472337905415
12873,0.2081795389484942
14820,0.2081795389484942
4137,0.3075063219354852
5685,0.3044799783730765
11222,0.2940730114754195
3674,0.2940730114754195
5477,0.27494570563121273
7896,0.27494570563121273
7077,0.43666629912022725
7878,0.287981368923603
8108,0.2808788158993409
17592,0.3048502433150686
953,0.3048502433150686
14336,0.5848791345347644
7738,0.5143014026691873
4748,0.21806266072522698
7052,0.27701738899747563
12549,0.302435121028859
12881,0.387681332214631
2332,0.39662653107854806
14172,0.34217219859344883
9220,0.41677051770846574
3069,0.41677051770846574
17957,0.23119879627688109
15362,0.23119879627688109
1805,0.23695905335959228
1927,0.23458042393966805
10796,0.23458042393966805
156,0.23458042393966805
12236,0.2781879569096862
1040,0.2424963748415987
12596,0.29120174778988916
9958,0.28156537346437616
9765,0.28156537346437616
10949,0.33662765241915893
8976,0.27654618739364323
12804,0.27654618739364323
2140,0.3156113844352991
7003,0.28912271201878376
12321,0.2749709661862456
613,0.2749709661862456
13357,0.23460792002279246
9033,0.23460792002279246
15004,0.44849666320869647
1139,0.42152432950694285
9418,0.5156942933028703
13672,0.5156942933028703
17497,0.24987588196348298
6076,0.36190437613848797
6587,0.2132116564571314
12772,0.2593489480267194
5948,0.29184418417827784
7937,0.28148790292733694
6975,0.3089714510726801
19368,0.3089714510726801
11237,0.22496991881223
8198,0.3715912702790587
6766,0.3715912702790587
13990,0.3715912702790587
12284,0.23463282357361767
16447,0.31309374209920404
15802,0.23687859833401043
2305,0.22188380334488755
12175,0.2223319027956786
17129,0.34221690577017067
13169,0.3630215397315234
11907,0.24455780187381393
12849,0.27934786659014077
10056,0.3351845302271321
8037,0.2798754436197576
15000,0.2788006201797907
13826,0.25420626373028576
11616,0.18270490284499827
7598,0.32861293831873367
7170,0.30667814256818104
5139,0.3004789737714283
1910,0.39612403586779954
4541,0.6153159684222265
5445,0.3612411264420615
15768,0.3151724113712534
13649,0.26768210667699055
19613,0.1999963980458747
366,0.1999963980458747
13684,0.30362500479553894
17382,0.2762948417925625
1586,0.35848365713907615
15667,0.3649564450746983
1125,0.36079108954393746
1731,0.3043877864140735
10317,0.2721157697674025
386,0.28084679777924515
14276,0.2913098629583703
6501,0.25538693386709627
12811,0.26483528955740004
18465,0.3059151185957792
20235,0.3003474244816509
15124,0.33493049142268794
3716,0.3249143518007718
10325,0.3098681599789356
7698,0.601208877878783
13685,0.601208877878783
18364,0.484972909752176
8055,0.601208877878783
10554,0.2796992378725407
8176,0.31610166676075346
6052,0.29501624629906065
17280,0.29501624629906065
9981,0.38707320807107454
4107,0.29005861042644365
3946,0.2217684274346933
15396,0.3070890583845072
15447,0.2651942163802179
11906,0.2651942163802179
11969,0.26043789935574974
11452,0.26933805085848056
141,0.2799576026273904
12903,0.28684112105536086
14328,0.28684112105536086
20244,0.32925707477356325
16965,0.3104737124771336
1794,0.3072646628045427
7418,0.3053930925143064
2627,0.3139747348498415
6188,0.2889704581386029
15373,0.17045027446103433
17582,0.18322944940046615
12681,0.3295791428825693
6935,0.3263280897910098
19047,0.3263280897910098
6290,0.2768206121741613
4990,0.24733673696472322
15626,0.24733673696472322
1120,0.2954797048169575
7997,0.2888813833732002
6365,0.24900360223050383
9103,0.25299435657036506
17607,0.33922804316681465
13719,0.37490666429813513
7278,0.3406049416419576
8627,0.19621691903260186
3734,0.19283070472967248
1816,0.21711916994712138
20055,0.21711916994712138
1355,0.19805266653130282
7010,0.31313168821770826
11348,0.5181138017138067
17357,0.2043751250158281
1417,0.2639521271031883
2442,0.2639521271031883
9196,0.2762352323041673
7450,0.2587174413446686
1776,0.16864140223381316
14627,0.3932460530409313
4032,0.3932460530409313
6531,0.28724759998411503
10215,0.22592960339663987
19839,0.29648049278949684
4970,0.310254749254315
15047,0.2586302983691546
2755,0.2586302983691546
8985,0.25431315338283156
8350,0.26051463623795407
17674,0.3026827188454251
9726,0.23020884862827998
11251,0.30067969902933467
10496,0.3566095562759134
6816,0.3566095562759134
19694,0.33755505563094135
6262,0.3074885467227029
14579,0.3074885467227029
1646,0.3277307773600572
5741,0.34207355018500446
15621,0.2879699146000719
6017,0.18946359698727436
5100,0.1881280730361891
7566,0.5141900075671888
14744,0.35534038826657666
18283,0.2756514266305602
10854,0.30371588401935223
4233,0.30371588401935223
7943,0.30371588401935223
10411,0.25426984387460316
15576,0.25426984387460316
9568,0.26204880967189215
5747,0.24918549004708188
10336,0.2609340815637324
446,0.2609340815637324
12146,0.3229102073004305
5195,0.28797537688792346
14791,0.22084557987117293
5549,0.5709767923754943
402,0.28366829319941955
5947,0.40974159059950443
9780,0.2999552661078402
9576,0.291775708408197
4432,0.2903831748245631
4457,0.3329941962614074
6466,0.17819979251013293
8325,0.17819979251013293
4422,0.20871331357463396
14065,0.2517386383813466
4017,0.2749453599562328
11941,0.2749453599562328
19213,0.277546628095109
5915,0.277546628095109
19788,0.21843016492778428
750,0.34638150713239446
7526,0.17548224751590305
3772,0.14803000806457553
6441,0.31010304937481364
5909,0.17576385876706246
8886,0.5697926701330113
18236,0.27747719513203195
9121,0.21738320468161615
15261,0.27096868972563154
2191,0.2911720242149488
4380,0.33010099654781033
16569,0.5356209694355212
12151,0.3411513868045554
13133,0.2756377707650416
12199,0.21843016492778428
7299,0.19591941512417138
17467,0.32512361951664537
13922,0.27738051824278803
4991,0.27738051824278803
5306,0.344314677950208
17425,0.6118345129622386
6564,0.2427220245056056
9808,0.3379307434489515
14382,0.2981307547829036
12891,0.2211410935281128
18251,0.3467905184424934
2416,0.2868103422545564
13312,0.2749236858447978
7198,0.2749236858447978
1714,0.2749236858447978
13770,0.34665611748573266
16655,0.16072068159506953
11259,0.3268799057061347
19148,0.24130763523346835
1249,0.3282937447761361
7663,0.30483326846409914
14264,0.22162733661424455
3194,0.3862077094429553
7408,0.31918887512427774
763,0.265154386265398
6742,0.32170098842037764
12032,0.2860986123763471
2362,0.2860986123763471
15808,0.3148638098432287
3804,0.30420228519261866
19370,0.30420228519261866
13054,0.34370946622495135
18195,0.26209527060014753
10921,0.2568654709232994
13949,0.3728070139607472
3893,0.20434924517095976
7515,0.22342174597421288
2758,0.3999703670969361
11840,0.21553841255315015
15040,0.23724554613204188
17184,0.21553841255315015
19532,0.2764090015910902
6258,0.2764090015910902
10454,0.27425130464272796
15488,0.15118549570017686
475,0.3390488890086829
20137,0.27408829762276254
17645,0.38220902358610975
18991,0.21869076549474178
11154,0.3227114280650272
13011,0.23314689642195913
8010,0.36414941332817286
148,0.28019875080913437
17332,0.28019875080913437
4987,0.33905384564344804
442,0.35320418237705276
12417,0.22720464090405323
16308,0.17603810350400487
2719,0.282104778133495
14366,0.3207501926507314
9430,0.31781249651152677
16395,0.2676860487791112
16618,0.2676860487791112
3682,0.33852140892828736
4267,0.36740791527507055
18550,0.2260378086327603
10106,0.5128669246261757
17268,0.5128669246261757
13857,0.19496655854160325
6969,0.19949853766210474
4366,0.19949853766210474
15102,0.14534883991397501
7332,0.14534883991397501
3750,0.3247919999733012
15957,0.3610359654552605
18463,0.3580751446150222
17099,0.2681665755936681
3305,0.2681665755936681
14925,0.28394869760665264
6922,0.27332236695976575
13201,0.25885451552135913
1788,0.36239928431418633
13765,0.27771313330466757
12984,0.27559054707252884
4856,0.22569642894416936
3383,0.2184621229141154
2915,0.21433836227719258
29,0.18062113966977683
15688,0.1769196734930491
16796,0.5439230935953648
8563,0.5608473349696691
2884,0.2852039255451699
7775,0.2852039255451699
3645,0.24399591297831982
635,0.3058479911753705
1110,0.2642840527023527
13763,0.2154500754812385
12629,0.3338471304023269
18219,0.3338471304023269
2895,0.32868824550017856
15464,0.21337127469235068
17041,0.1533791439889839
18084,0.5637903665119188
7414,0.5637903665119188
12442,0.2462746654463518
9011,0.2453254065807597
16419,0.2707735308663822
19732,0.2943387793803736
5523,0.23565572814845767
3026,0.3116709680841127
13589,0.5330726534440665
7978,0.3610917495632183
8344,0.2496675911741274
1086,0.32736293118976073
11192,0.301837522422526
4758,0.28913418651747275
5597,0.26742150141678905
645,0.28913418651747275
2504,0.20221734808762312
6941,0.2652856871087014
723,0.25429338284641884
9580,0.17919823564081283
16900,0.27096662987000975
5533,0.2240424451507737
11890,0.2712740973521801
2537,0.2712740973521801
3473,0.1466689448506948
7025,0.3298664905860766
727,0.33625959344742984
558,0.32498533682695274
7471,0.34882306408761937
13290,0.3352258485079087
2246,0.23860641634575336
12759,0.2383354191586012
6757,0.24492278886407415
2382,0.2935659487658265
9372,0.4714549994429254
9929,0.19823667774031012
18133,0.19823667774031012
3814,0.19823667774031012
18914,0.18198754765442976
12214,0.18198754765442976
8845,0.2916493147563593
5417,0.31045190541346573
17255,0.18900472509193322
3566,0.21093837515589003
17682,0.2640954076675254
17090,0.29833391830182987
14116,0.26010590679716794
8040,0.2691041982303445
17949,0.36067194282618864
9086,0.5130847060022087
11967,0.21515231203768181
10430,0.2663562094492185
4019,0.28906427419952435
14639,0.3201636195182375
64,0.3201636195182375
6806,0.29903028644639157
1048,0.30581799336660065
7634,0.47202634232894736
6380,0.3397167782237454
19797,0.3397167782237454
16863,0.25457851544070187
17710,0.25457851544070187
15923,0.25457851544070187
18879,0.25457851544070187
919,0.32772795000849675
12149,0.28210191563672693
11301,0.18963686322849743
2360,0.5384086418874501
10779,0.21271475824030775
1857,0.32021517808089284
15989,0.38280059606800476
10047,0.27297010838693353
14751,0.27297010838693353
17689,0.27297010838693353
2371,0.23733020937818927
433,0.23180459872478962
5183,0.2138848653914621
14348,0.28953118541343753
7640,0.2418420235951893
6932,0.5931083549407169
16600,0.5433839513391755
14956,0.23002002224472684
11168,0.26118215453706994
6901,0.350140599977464
18725,0.26934230294675965
7116,0.26279079983426523
15584,0.2363289479999994
7243,0.23227812794723307
4080,0.2842809319158561
6588,0.2462377623654101
2637,0.2941288196151148
1315,0.2154661750238417
17907,0.2154661750238417
5498,0.10556619534172632
1525,0.44258540110519273
13923,0.31760064893884865
352,0.31760064893884865
8814,0.289686806717177
15938,0.289686806717177
10451,0.28582226400609506
20121,0.39934716388166847
12029,0.24609012145359865
5168,0.28072316351440907
5607,0.3099189518731294
15437,0.5783578530600411
15050,0.5382656509242408
14479,0.5783578530600411
11336,0.5382656509242408
14704,0.34280455711150337
16873,0.3115601710723366
16297,0.27582672921513013
16088,0.31803158250559427
905,0.31803158250559427
2947,0.2359419613706171
14388,0.30571070002385603
6804,0.30547158111662415
1396,0.386890845059468
18203,0.2824804128942958
7111,0.3380484319886235
10804,0.3170736355139944
117,0.32902788755451406
13758,0.3111926768426879
5474,0.18828715764043674
15332,0.29244804237478844
9690,0.29244804237478844
5545,0.3534366182821825
844,0.20270272420625118
14259,0.18901679873235117
19689,0.2787897556657649
2539,0.2828275231013267
9180,0.2828275231013267
15975,0.26918965236796927
12265,0.30623543890521326
1059,0.30623543890521326
15350,0.2000626073936085
15901,0.5567436151302665
17752,0.20868539246549053
18381,0.3589337603587542
7150,0.38291854871669834
13379,0.23414887493273256
11590,0.2783394136662252
6161,0.15180073165556285
19065,0.10152805062678441
15633,0.5522010835091038
3367,0.5522010835091038
11354,0.309531117612356
7687,0.31461703054651735
3986,0.30890805161317064
11742,0.30890805161317064
20111,0.21330127774885008
19790,0.3087026589110524
6143,0.28833414586843314
17753,0.36153672781216034
5905,0.3223890462789212
4663,0.5041197200294827
6482,0.20511928259081866
2851,0.2931646412365677
8470,0.2793931040099855
14944,0.2629579666115833
13153,0.27896406168716353
1333,0.27896406168716353
9152,0.2870931732777384
495,0.2870931732777384
18885,0.1963090937263089
7951,0.1963090937263089
12943,0.1963090937263089
13068,0.22903994374980963
1898,0.6205769132172275
4230,0.6205769132172275
89,0.6205769132172275
14990,0.41042494799941903
2437,0.2720643831080387
17575,0.33482233703303854
5839,0.4820981338918412
13995,0.32951039298728607
2987,0.32951039298728607
5930,0.30655114147565476
5744,0.30655114147565476
13149,0.21832736995905686
2777,0.5707921081873633
16580,0.28928438950738616
5006,0.2950932433495513
14190,0.3073295752450005
9055,0.24591101344687313
13309,0.37672675680288786
7000,0.21566380909713628
15859,0.34978046584094896
17883,0.34978046584094896
8035,0.258260754897022
6184,0.2920184888828108
5427,0.277179761806493
12498,0.2855657361970645
3525,0.2870173827674903
16229,0.32392171146632814
1046,0.3050522471611287
8149,0.2773562542386265
16207,0.21655123682901362
18152,0.21655123682901362
4838,0.43489595513299584
5870,0.43489595513299584
9760,0.24725382358147113
5964,0.27315110053840197
8743,0.27315110053840197
14669,0.3152260711160001
17380,0.2460882802595103
7037,0.30604348819572047
15074,0.30604348819572047
2355,0.23888888874516626
9414,0.27943179949984553
19724,0.27454071718819906
19573,0.48267782896354683
2138,0.2976863159868035
8499,0.25687238667464996
19306,0.25687238667464996
10951,0.34880157492001884
14806,0.26487706416621914
2757,0.3101477485948842
1283,0.30512757468449647
14015,0.30512757468449647
17328,0.28402719933059384
15817,0.3529798395101918
5276,0.4697865420567257
7763,0.2396302616197463
6253,0.289165153131292
3684,0.29976480957277035
4437,0.27086162264952945
13825,0.3910926024397183
2599,0.3910926024397183
11202,0.3228241159342732
839,0.36110064035318407
4800,0.22246878241580909
7095,0.26667944578353964
13559,0.2794128734825261
939,0.3629995670653783
17266,0.35005403258629164
3894,0.34466152364743363
4583,0.10059876149210777
15265,0.3367836622315417
3680,0.2753540551209888
5226,0.3013730228720145
3011,0.27335089300880294
15484,0.29152319397733206
9381,0.20104329919698435
9339,0.20104329919698435
7283,0.2179872820863003
12183,0.3089922082395312
1328,0.5358267904621599
8386,0.29416136975892615
7393,0.2994285796256294
7489,0.2994285796256294
15830,0.27135825146264975
15559,0.28063254685348576
12745,0.18900606920314242
20037,0.4031406101550211
8890,0.3175409999474659
13355,0.3741823000636863
10130,0.3741823000636863
11619,0.3741823000636863
1970,0.34366080950366273
15410,0.355365769067627
19852,0.355365769067627
2847,0.23601014737988246
7294,0.23601014737988246
41,0.3057019936740418
3099,0.2618526723405946
2338,0.21455853039220593
4779,0.309536175797157
1946,0.6138138514598307
4145,0.4567570502061088
6625,0.5359365591138183
7835,0.3271091065286916
10692,0.3371462944101125
5401,0.3377628975965222
2414,0.3099528689120479
18492,0.3099528689120479
18884,0.25120593046957534
7173,0.3106404016207912
4760,0.3190325444423695
15780,0.34268523348922253
18543,0.22489432851058036
16554,0.22489432851058036
13861,0.29248547301284306
5088,0.2777248415228843
4105,0.3001852073805429
6261,0.36103173999711796
15634,0.24289958538368145
16573,0.24289958538368145
19967,0.29976480957277035
9144,0.2726618274466496
10783,0.2726618274466496
18864,0.28076851249478896
4406,0.28076851249478896
19204,0.5068944300331223
12251,0.2674836450005808
16261,0.260866276133172
9437,0.260866276133172
6121,0.3634882540577556
18350,0.29358976943097886
14975,0.19974753281957303
16659,0.2418768630040138
1316,0.2685982266372746
12547,0.2685982266372746
13411,0.2685982266372746
18797,0.4137036578679504
757,0.26134544110613045
18468,0.20200590035689775
2822,0.28146474090978113
13088,0.2879718603190835
14014,0.27315824642676984
17264,0.27315824642676984
10572,0.27491537062289806
13147,0.2804926599345947
13962,0.26161369087630126
8849,0.408890555230226
17974,0.3500639757468755
5600,0.217541035164754
2095,0.19349041819329432
8793,0.2956721347145536
19338,0.22269274805460815
19952,0.33544626714456294
2900,0.4057503530985983
14877,0.23183324389878657
9612,0.23183324389878657
19943,0.3349812145623931
19757,0.3206846723958344
9093,0.2663220448152823
13051,0.24120492625066633
8009,0.2503893987381977
1990,0.09019997872424285
1335,0.16080049758761572
11403,0.40539069736049627
10023,0.5230621133255333
15224,0.39368437053212124
19089,0.3516335845397112
8067,0.36842102741029625
11518,0.10703863080689374
19298,0.43348706603871856
13476,0.3303404478054015
13992,0.263178288839414
9991,0.263178288839414
19767,0.3892592018526295
13127,0.35066515056096537
3124,0.24164464129884242
19443,0.2814019824049913
2838,0.26108450470313105
14955,0.2853990399939181
12399,0.29695154427158993
16893,0.4369485760951334
3203,0.4369485760951334
15112,0.24470505431162992
2662,0.23740460553490794
14790,0.23939423039899715
16087,0.23939423039899715
17437,0.29053951673959255
11988,0.3900427536144934
6942,0.3900427536144934
14453,0.35522532204445467
4639,0.3342501703955362
13732,0.2513286695731564
3176,0.2880227394371731
5008,0.22084844067321047
9044,0.21643821196962512
5785,0.5654704152719715
1827,0.5219189174902052
17221,0.3231327195783076
8655,0.36122229884366025
19077,0.4188542581399245
10858,0.31804649543864894
13661,0.21838083805491668
13193,0.2949590531729535
18414,0.25400352998874337
12817,0.3891075809715578
12844,0.3657445022727748
15891,0.3149261062826835
16763,0.2247540383555518
13656,0.3007123364394212
17857,0.3007123364394212
5903,0.27381370607799965
2629,0.27931652650057087
17395,0.26790016184899235
6393,0.26790016184899235
8573,0.19795586008127958
5066,0.3279291837330392
1566,0.28472144369383096
6945,0.26164450954657575
10814,0.26164450954657575
16289,0.19191673010478486
825,0.21589315342681287
9551,0.4317575703793505
4172,0.327927194092466
8537,0.31775362772275934
10625,0.36638623643250867
5714,0.36638623643250867
18366,0.28045995449066463
1599,0.304182520277264
12837,0.2849863777087428
15191,0.21857089398342905
7594,0.45363342418509556
12184,0.45363342418509556
12049,0.32268231083311943
8309,0.36759277508273297
4191,0.33342032043430064
10186,0.33342032043430064
17585,0.33342032043430064
3953,0.25449101373830013
14401,0.2696114744411892
424,0.2633273881466168
14631,0.2633273881466168
18602,0.19871761176926778
13238,0.2809209050942529
2473,0.23876303151356354
19948,0.18104560782022167
11596,0.24822435309019675
14506,0.22950938464178122
3379,0.20641043790426367
3066,0.2786256524064621
1836,0.3052849538549599
9436,0.3315903998946137
7301,0.2599653164385713
2120,0.3887584329516689
634,0.3271763737191749
881,0.37427352112420154
4712,0.21294660468335375
6803,0.21294660468335375
18926,0.21460810241418912
4308,0.28287156797649615
6911,0.26739579190749796
3826,0.1730923148027435
18240,0.39349442669593304
7796,0.21747288945760385
3452,0.22652388797364087
7519,0.39797688998919695
16836,0.35185744630367344
6098,0.2437405913386884
14356,0.23951010156580588
6918,0.3010615783340005
10069,0.25308769630247663
6299,0.25308769630247663
16177,0.44258886355425636
11427,0.41706826449300854
10638,0.45279096336981545
5622,0.45279096336981545
6872,0.2609989787271117
16787,0.22760855820975326
11091,0.3132987749093111
2383,0.41027063854970297
10133,0.41271743969656743
18653,0.2210335259774192
5312,0.39746388720077236
14109,0.339590848116736
7674,0.3211344455684816
1992,0.28758437150174243
588,0.39477513862508007
19514,0.24953444207906317
8925,0.3160787667080322
6607,0.2679957313862178
3821,0.312261709400828
19325,0.2510620096673033
9480,0.23382038502635819
2693,0.23382038502635819
7587,0.2768931674495365
10923,0.2768931674495365
16500,0.4981375481611356
8011,0.4981375481611356
14035,0.4981375481611356
8603,0.4981375481611356
7539,0.27134817398877054
20078,0.3350614412239351
10661,0.3552834719537249
9639,0.29078095624840167
13416,0.38879071913505836
17183,0.32850342647729686
5766,0.46213107453338126
8555,0.46213107453338126
8220,0.2094775552402024
1349,0.2094775552402024
9704,0.21938017775484067
783,0.35833009669642457
10902,0.22472931113401384
4202,0.22472931113401384
11970,0.22472931113401384
14556,0.36077621794529724
19352,0.33251325504845447
963,0.3031315716425292
860,0.3367628859076204
10296,0.23723654515176246
7833,0.26328318889155566
14827,0.26328318889155566
19906,0.26328318889155566
2451,0.2617832079763583
5122,0.34738603031152027
17929,0.34738603031152027
18708,0.29549681959683927
2040,0.30430412293649944
7174,0.24746205166760293
13066,0.6024455780507925
17924,0.23119379930634
13676,0.26282662336631246
19353,0.34975258520008135
10481,0.29701487875163574
4892,0.2561339662776769
10579,0.2665412017550985
4697,0.27275240078483187
9080,0.2642954307280303
15355,0.2851595403860343
3842,0.36143901805028567
9881,0.15611003471927676
7649,0.314957645493147
20084,0.2997843350214937
20131,0.2531436762240534
11813,0.2713875573417899
4634,0.013692803153600427
10821,0.270275048477244
5141,0.23285662658955555
10641,0.23963694782139636
15141,0.24666839823960363
6582,0.3117924540277455
15120,0.07836564659244735
9108,0.3619297995590257
19210,0.25697271928294074
2065,0.2842107404681228
1326,0.2604943259950008
3873,0.3578324046466371
5548,0.15875370333076966
10453,0.33013163910467996
2104,0.32344275828885893
1439,0.23417769474965988
9914,0.30365836926857315
4467,0.32131566282920665
7416,0.24609996260822598
5614,0.3879554499842689
532,0.31051076922664056
12247,0.31051076922664056
432,0.24907339822275537
6874,0.2611497475100696
3330,0.34618029412627704
9118,0.6766773689601623
7329,0.6766773689601623
6020,0.2822836274992066
5769,0.30355489603297636
9571,0.31749431432189584
7354,0.2782980051617665
14390,0.3381605099163801
8674,0.31258087613338625
2983,0.24860576820211205
14395,0.25061260999146673
721,0.31756451682964115
10207,0.30058258910346697
19853,0.31816781235354746
6994,0.26071442391557625
5683,0.3301210661039631
1579,0.32164500177612
17270,0.35129473674972334
18688,0.2976892243810986
11311,0.2976892243810986
11163,0.2957435159528783
1367,0.2954167240491504
940,0.308227649775614
14724,0.2784510430021958
13040,0.3141292538130646
13220,0.3265474454949646
15152,0.259319902192986
18664,0.22939646721664733
19275,0.32244144710557576
2205,0.271198713133291
4388,0.40987337465178475
13965,0.40987337465178475
12847,0.27036726683939455
12337,0.2517959213685176
10227,0.2359953018830749
2009,0.2961127597047583
18228,0.24853221866536968
15769,0.2626086181312142
3912,0.29270738002547236
9599,0.2541143295252751
1490,0.18915709078858217
12174,0.38027048608403835
16637,0.38260558735266637
16683,0.38260558735266637
5203,0.328834019563875
2116,0.27453724059972645
9313,0.20936357360422211
10906,0.29389998426251107
577,0.32507614407910274
9714,0.2978028537301567
18445,0.2978028537301567
8957,0.3402966932322174
15007,0.38141226525685146
19908,0.32242048333951245
11866,0.297069139285739
4516,0.28917303986503196
12253,0.2960238929745376
5698,0.21314321123463958
10615,0.326069335865895
16947,0.3220994827066682
13086,0.326069335865895
3562,0.2367232922995857
19271,0.21434444895658944
11322,0.3692455149043358
1164,0.2897073916517291
19025,0.26090868323028343
2435,0.3126906029305794
6662,0.26350496975955867
6128,0.3237494328286138
13945,0.32669513153536167
19013,0.3644256693450107
14448,0.3051145277856541
11786,0.3051145277856541
10145,0.29021944766989904
14873,0.24061457104194675
17718,0.3245422129651856
8942,0.31743115833218005
18969,0.19608588103163138
2468,0.680310406768796
5895,0.31842403276265696
16105,0.3270485458284164
14039,0.3125817544798853
19541,0.32209776373843585
18263,0.4899665490372095
4532,0.5321045728341024
3200,0.3956115818778503
16051,0.387012212445031
14088,0.3511077540194784
4916,0.3511077540194784
1138,0.32746309156090286
5626,0.2513474978662687
4662,0.3523529880249742
8080,0.2696114744411892
7331,0.27001514650114233
12589,0.286440824599806
18036,0.23239342490578707
7482,0.23239342490578707
3140,0.5470461533149011
9321,0.1795400323302496
10681,0.2277501506501364
7782,0.25383754679291004
17873,0.5855247659629293
6239,0.5689516090880749
15767,0.5855247659629293
7105,0.2182322565130771
2406,0.2182322565130771
17830,0.2182322565130771
2616,0.250136313474284
9579,0.19538120580425009
9378,0.3298074714255938
5779,0.3283599072511595
11781,0.3005684212206201
876,0.20007830993687958
3963,0.20007830993687958
13626,0.3721759481553334
1302,0.24911535329267415
10545,0.2502295996151087
16680,0.254956170945663
15912,0.2525543572629326
12436,0.3186891070554233
1223,0.30258107720556726
16093,0.2669781081749039
15530,0.2669781081749039
993,0.2516699742074995
9048,0.31946297238312005
7171,0.17867370991422132
1544,0.17867370991422132
14118,0.2670902008227876
5109,0.2670902008227876
17849,0.48492682296621986
17371,0.5032967650455351
6420,0.31893212624586054
9646,0.34696703563276277
13377,0.24033340140773585
20072,0.27794424784942284
16604,0.16600086126550706
6372,0.29819777891059884
14578,0.5139314023951108
6752,0.339771666752714
7269,0.20004666238050414
8815,0.20004666238050414
4520,0.2627786867476292
11922,0.2627786867476292
1824,0.29473226197684754
4490,0.29473226197684754
10152,0.26002743264084577
2966,0.4956338525697287
9417,0.4956338525697287
9950,0.4956338525697287
16171,0.3383991891739196
19036,0.2461740624436729
13662,0.17778189364405672
7855,0.3220387284344799
19638,0.3220387284344799
8062,0.2598425319373663
12626,0.2560175876446175
4566,0.2219474839316354
2716,0.31311118043651953
3005,0.33643337615134583
13667,0.33643337615134583
3381,0.3451893346978305
7274,0.3451893346978305
7324,0.308515593422642
3403,0.2134393234304752
9926,0.3638467000376328
2466,0.3638467000376328
16764,0.29872352910681427
13702,0.25311202750409184
5211,0.25311202750409184
9117,0.31269617840560704
3600,0.31269617840560704
19069,0.3278369470254272
14585,0.2850995087234331
19886,0.25207512974698815
4486,0.3746311476649012
12116,0.3874524003624443
15262,0.32403257798410123
19699,0.24474767283661988
9895,0.21001865699310557
8610,0.3335393231747027
15367,0.3335393231747027
19484,0.3335393231747027
9878,0.3150455153766182
1029,0.3150455153766182
11990,0.22396392629288217
4879,0.3416418526683629
10938,0.2780498718231088
15469,0.2780498718231088
13206,0.2780498718231088
3169,0.22795045025837538
16657,0.31125426582581706
11549,0.31125426582581706
18769,0.3393810806252613
14703,0.4899665490372095
5380,0.30898498364520577
4842,0.2580693630994498
7443,0.34004291949093185
5535,0.19824423169795377
10773,0.3600363515218941
16724,0.3600363515218941
10929,0.35983518785950497
9252,0.270349902592234
14457,0.3075242756407729
14881,0.38996782998733265
16889,0.275874695857577
655,0.275874695857577
15860,0.3156155368241326
14362,0.35101194314117784
9409,0.23911382428363115
4806,0.31628183095745255
7245,0.24144795848496295
18601,0.28867923436575676
16883,0.2976913366923704
5099,0.2976913366923704
19787,0.29772153590063244
15985,0.2943230645989902
14593,0.3342977901633356
9397,0.3346022958809466
11335,0.3382659536671865
794,0.34109214108252395
2434,0.24206827932707978
15,0.24884523141264375
1853,0.24992448931703398
3237,0.17792453291122073
2564,0.1911655901496659
3089,0.24912096546749657
16989,0.2661668827493454
7647,0.2661668827493454
2563,0.39306086710959454
17448,0.25318761904440334
16944,0.25318761904440334
7547,0.25318761904440334
9438,0.22726063538680844
11338,0.2784351070675091
1611,0.2784351070675091
10375,0.22011544613806744
18113,0.22011544613806744
10637,0.24608756465995346
9469,0.31226796556522823
4755,0.29694221511328556
20007,0.29694221511328556
3145,0.29694221511328556
17748,0.3558744686002292
5503,0.20156757678510423
15728,0.2739854055348859
6645,0.17292604346804208
14992,0.2558937422042642
16943,0.2558937422042642
2998,0.2558937422042642
19024,0.20005765390364622
9354,0.20005765390364622
3293,0.36141160426989116
1383,0.3195726215507739
19009,0.2649083947761927
10982,0.29624876986814885
223,0.3192781948737977
9550,0.35143394396956196
3743,0.262609370591862
10492,0.33971238453805125
14454,0.3318476323686985
2307,0.20758591256360734
12739,0.27710984231727953
1028,0.2285042182974564
14250,0.3319032526143243
1471,0.22994065923829676
13490,0.3044534356730199
12071,0.2515408063907604
14192,0.20479052744501489
1295,0.20479052744501489
17159,0.21360044673744893
7261,0.26253692152640934
15687,0.21178636311211896
198,0.33846553162503223
14229,0.23483990841112382
310,0.3640812117030581
9356,0.3640812117030581
7792,0.30927530087007815
8991,0.292557502071348
16272,0.23918159336579364
15384,0.18603824892020085
612,0.18248992461634098
8455,0.18248992461634098
17319,0.18248992461634098
8189,0.4349461278043014
1823,0.3586671946077511
4799,0.19033967400914578
10927,0.43293653493268813
5177,0.22465006879287347
17123,0.3125728061344991
708,0.27500048653361947
10589,0.22528907745524374
11545,0.24276919763882163
4373,0.39730993170729834
19508,0.41586513884283777
15764,0.21173077303872134
7578,0.30993182621887094
4551,0.12588083564578267
16300,0.3349821796200869
9720,0.2838119302286657
4967,0.20466634259061406
4555,0.17690910537482357
9709,0.3646928912251255
18173,0.31875649704233094
14575,0.3027243249883714
11870,0.2850302177851372
5612,0.21206700608322301
9059,0.220132254100449
4986,0.24822886867844074
3771,0.24839925783180658
10096,0.32175339483708276
20226,0.32897344503132186
14325,0.21152631558733384
20108,0.21152631558733384
1727,0.26174862114780945
383,0.2103239758921278
6438,0.2103239758921278
7158,0.2680959829709217
4862,0.35035326322726834
13121,0.35035326322726834
3888,0.23668743469337392
9446,0.25881583571057337
16021,0.25881583571057337
9891,0.24200095311739034
13733,0.3369603384903236
19162,0.2951621378983771
14902,0.1846940797790507
7268,0.27713441693580443
18099,0.22527196992969375
17506,0.5624530736401305
15216,0.24864259294652055
5062,0.32900398550391347
14353,0.32900398550391347
12825,0.3889614551017842
17070,0.3428482247952326
247,0.2173695262272598
5742,0.2364971646305417
3913,0.27032080778245776
16126,0.3444562995652662
19520,0.3444562995652662
7655,0.326429988470599
3256,0.2550832572881302
2324,0.25560301209084696
7345,0.20826669423314664
14113,0.2545920292279785
8868,0.25025815635931326
4385,0.12941563438178294
3910,0.20135618642857694
5851,0.20156095738877106
13862,0.33808159160919027
3377,0.2143903151223572
16715,0.415750442088561
3810,0.34293871703098644
18061,0.3684159328723563
4686,0.19195921588762588
9640,0.2777569275217453
15318,0.3670167647025718
19480,0.32293635753822003
14665,0.41245235012711334
5064,0.38820388831358
11216,0.3195275416354333
47,0.32301426961235896
16162,0.3081170458458374
5676,0.34453460860150936
9171,0.22694989705036792
2854,0.33309615424567285
2333,0.3852895810893545
16091,0.13169791177022389
18809,0.1277157999818537
9500,0.3536768235277977
16818,0.3074541394267046
13976,0.3349035005285147
8183,0.3210332124794591
8613,0.31148599571747254
12966,0.306272771306715
7827,0.306272771306715
5115,0.3267785093448919
9401,0.3267785093448919
8457,0.30728014296920053
2684,0.3085374348272176
16005,0.3005940090586668
13675,0.3125617453852367
4766,0.32896974694419634
7670,0.29716316888348054
18488,0.2862797064438847
14156,0.2862797064438847
19668,0.2862797064438847
15348,0.3114928105954983
1531,0.2728140218626609
17055,0.2588783235537294
19760,0.288315939147976
14766,0.3320902723296555
14858,0.3159009108695282
19000,0.26670313952403885
8829,0.3222950983075138
6865,0.30833063735883187
17878,0.27346846658328894
6858,0.3404031905865844
18137,0.2620038945146152
753,0.2407403652960033
16761,0.2269723352995351
816,0.4136029421861461
15635,0.31458775690214935
8316,0.38686502019239594
11015,0.21024916808060054
17905,0.32255439995877255
12407,0.3164108508533864
3009,0.1975728970040148
6638,0.2714450415398133
415,0.3093289675999581
8389,0.373980852971711
69,0.29021797107065467
5166,0.3149889285290205
19949,0.32738937074258095
14940,0.2786891837596988
16214,0.2732140323288444
13008,0.43183613543102184
10221,0.2664291388495799
5531,0.28520845228150715
8514,0.2895247114545336
9024,0.2895247114545336
16238,0.3082253122519162
1811,0.2470174539847408
15126,0.2122244219736683
6689,0.2122244219736683
10239,0.3181854031872967
15408,0.3181854031872967
4644,0.3181854031872967
17853,0.3181854031872967
19892,0.3181854031872967
17559,0.3181854031872967
15472,0.3181854031872967
16260,0.3189247096928589
4719,0.253363910845073
10321,0.2638952079173053
19604,0.32524640760747214
15963,0.2960397858398536
9879,0.2960397858398536
9790,0.2976227361198859
16772,0.3839776393689017
4097,0.42261051055675436
12787,0.3720390298258713
7476,0.3552394360738991
260,0.2651793396633321
17284,0.38097446232163096
17516,0.31654616472843555
13883,0.32550847284455775
5275,0.3612745229365464
5547,0.2895388173673335
455,0.3232142053685713
16585,0.3164582371371708
3808,0.3189662129629772
17567,0.18465355466262173
2710,0.18465355466262173
11855,0.5059709051705344
19021,0.34198997931606695
12252,0.3161604441887286
3789,0.34370721078637656
9452,0.32259893079536245
7890,0.2962543314925786
3642,0.29817262979003006
8052,0.35754527040967743
16626,0.39038324930955837
15160,0.2859888692334663
5807,0.2859888692334663
11105,0.5107293265743584
3410,0.30372285917628117
8376,0.26738381442353654
12947,0.4853041737208794
3530,0.4853041737208794
19445,0.265823962020822
323,0.29468427453623663
14133,0.3783085076150007
10682,0.3102625287377433
14086,0.30394792924325814
18491,0.3351136672913744
6382,0.3763168087361294
6551,0.23106835975351847
6634,0.32072963073225014
6843,0.31130212012657177
1558,0.18284208068275587
13509,0.5601681852469448
6526,0.5717071441204556
14202,0.5717071441204556
2790,0.3415964969316079
14774,0.3415964969316079
8517,0.3690957824201347
1675,0.25351630473499287
15226,0.31902530858833866
710,0.31244933131190594
15315,0.20553242757994578
9014,0.20553242757994578
12979,0.46160029964736005
19558,0.28454016407323085
4479,0.34101930950988424
1707,0.34101930950988424
3036,0.23183391785351462
17796,0.28858514895483567
8549,0.2314625219783943
10271,0.3193476948675536
16923,0.2759956275917024
4141,0.199286191404594
5989,0.43060470290936576
12609,0.20469202711653156
16550,0.23457667193510892
2411,0.23977561289346888
13788,0.4487870499235004
13818,0.3420032905830349
15450,0.28520196478362025
11522,0.30162502474329855
16998,0.19146045042924487
14548,0.21638849979828387
7513,0.25163103571214473
5835,0.2784962673335851
16201,0.3472685707052015
20049,0.3472685707052015
9416,0.29727723654107313
6497,0.28381653402201285
8671,0.28381653402201285
17529,0.4430797354176566
17192,0.6412591165035577
9756,0.2712693490068152
5634,0.24929110730997076
18068,0.2418768630040138
17811,0.21088894853312654
3703,0.248603463331776
1702,0.2944193494880777
13611,0.42685631439722255
16740,0.5679069601596524
17643,0.2134622491941057
19614,0.29671501456636595
2277,0.3460152998125202
18549,0.21166493191885732
13767,0.2374120089394765
20110,0.2812123939642348
2910,0.28521755630755513
15103,0.28521755630755513
662,0.23528704161517006
18528,0.5716081445467381
18001,0.6207671038647058
14677,0.6207671038647058
10264,0.3065158865483971
6113,0.3065158865483971
14130,0.2304130572962148
19020,0.19508402663118984
18444,0.2794700059081255
2431,0.40142221403854655
3185,0.5359365591138183
10243,0.5359365591138183
19825,0.5359365591138183
6242,0.6313210696576566
5832,0.31616058336224595
16248,0.31616058336224595
16274,0.27933964579276044
3421,0.2259601036559496
4491,0.3157490732388183
15649,0.26798769118806987
5140,0.2909561891647463
10281,0.11873523887717155
3247,0.19813497342314496
7371,0.24122309440016976
4740,0.30603142330284583
12674,0.3372467862746137
9880,0.3372467862746137
9406,0.2110395584783814
12604,0.2110395584783814
19897,0.28190181636568845
3851,0.30576416593653627
766,0.29898083060769864
11290,0.1724083655973821
19915,0.13710343185152638
5112,0.2594217409795345
16169,0.2810152368211701
14813,0.3710688346576562
19632,0.20553673965523955
14138,0.3126031985215839
18205,0.4541217571722638
5288,0.2978968217315604
12381,0.25263425926639427
9224,0.2406699534379569
6496,0.26060718473903516
19308,0.35967920892622124
15290,0.45924608951259277
16598,0.24595936162942253
9758,0.31796264537525215
18060,0.3435233464136014
13982,0.2755360136182549
19082,0.1936155113456223
16316,0.4795492726736303
9696,0.22074342346492482
4950,0.27489923233291946
5819,0.2576083166560699
5861,0.3643692850340876
18182,0.39184846554039815
2581,0.39184846554039815
19568,0.2616874810918447
8689,0.2954893031150351
15294,0.2791243821864917
11715,0.2257567243882533
1057,0.321814001607213
10175,0.35049888116708217
4710,0.34593091376215224
13701,0.34593091376215224
1687,0.22838700706715098
17039,0.5676093939932804
8025,0.29040599383808047
16074,0.36097184765900897
8947,0.21204973991449028
15832,0.333806288962759
6313,0.22560535491084696
899,0.27434896487654725
6798,0.3106020915752332
7050,0.31240268435123014
19337,0.2995739954047064
18588,0.2378025766415024
3198,0.28329255229425354
3538,0.28015563055891435
18742,0.23305394741758093
20128,0.28579469638001664
10841,0.5789663421076482
7149,0.2971297939424175
11310,0.29820841655468644
863,0.32016322175210193
5765,0.32016322175210193
6580,0.3163184207736437
19919,0.30088105886944155
12353,0.44788753608036075
7585,0.5722859083862107
2243,0.35455007912671277
7622,0.4342611345674083
16523,0.3841806839322858
17034,0.20903189558928362
6523,0.1847340067602797
4882,0.26845253702928296
6785,0.29819387122056645
10634,0.2984773090781041
14492,0.34935243158168067
16954,0.2793812486756807
830,0.3292411823042632
18055,0.2639943416215728
9684,0.3228496283237382
36,0.34074472272269946
1749,0.3681301689406563
16221,0.28253633429071506
18859,0.28253633429071506
7523,0.18879909936133743
11132,0.2785328716555962
19866,0.2785328716555962
7036,0.1611186113424651
6049,0.256407926345822
16096,0.30324726345089836
2217,0.2958717372548243
13845,0.2860873371060063
5489,0.33455207849561475
4647,0.30772711493497634
12633,0.5093243377016176
6411,0.5093243377016176
5577,0.5010721713026874
3070,0.319989947806968
10391,0.3197786221116832
6576,0.3582395089327664
19990,0.20039174190437536
17580,0.220218841309398
9569,0.31026561594260943
18371,0.35249979313555146
17247,0.3598535415181846
10519,0.1993812218883473
2752,0.2180451050510959
14216,0.23620614228425735
11309,0.5566136803981138
13927,0.3362627431503618
1634,0.1883294106068421
2565,0.1918335107466582
7720,0.19266883651751163
16392,0.29260029002538174
13562,0.29260029002538174
5657,0.29260029002538174
8355,0.29260029002538174
18150,0.31607363395080235
7201,0.24356899781932084
2697,0.5708589726827308
11135,0.24892559880175383
12548,0.3415633153152219
7375,0.2838531127758951
694,0.2838531127758951
14816,0.20545650265725215
9976,0.26444353395423514
9587,0.3640805232569508
9327,0.3280628370798238
18040,0.32579138871452257
3502,0.3280628370798238
1347,0.32579138871452257
13816,0.33274991053512976
7799,0.39152854658885317
13249,0.39152854658885317
6694,0.29342880614789785
1202,0.2175610867336351
11836,0.5468521898306401
1601,0.4416680028158499
17960,0.24045305084394533
14038,0.20266370096778033
6535,0.34338167664872865
4234,0.2225080953377004
14514,0.2127948542004054
12932,0.2764305689791299
14073,0.2624166715050089
10270,0.2586013462106745
1159,0.25385242265675395
15306,0.3683398683261816
10996,0.5661807911402387
18313,0.3401466586460064
300,0.30028676524357484
10917,0.21484128549967538
13313,0.28765422527470413
17693,0.28765422527470413
8461,0.2681909134920623
2469,0.33150075529289735
17508,0.35067427330398426
1822,0.3351130254169814
17903,0.3351130254169814
16029,0.2001270006593879
15421,0.2001270006593879
16115,0.31349805365204053
20127,0.31349805365204053
8132,0.31349805365204053
4434,0.5397747245661456
869,0.3067259345239658
2147,0.3437389844630122
12960,0.3437389844630122
12560,0.28098492444831336
12957,0.3285411178827603
8016,0.3455345336457289
13381,0.326016550927817
2512,0.28733686926694757
1395,0.568035009562459
1571,0.22164201888398985
19779,0.184127214402044
19163,0.19524232020602636
2890,0.34629490591251266
17031,0.2611092513105766
17158,0.2611092513105766
16078,0.13623490615027756
926,0.13623490615027756
9276,0.2722716322176478
12153,0.35388688508857424
3781,0.306126280653239
4102,0.33494476298584236
11486,0.24527086225400235
6201,0.16097290694432292
4804,0.2402482779642998
18842,0.36002234961550794
19383,0.36002234961550794
9124,0.35561251497396335
12791,0.22458182295102536
17391,0.2130003897320508
17127,0.22717367263842236
9310,0.2689053546784873
8496,0.2608567393980711
4574,0.2608567393980711
16050,0.2530754350589189
8168,0.30479884297235404
12865,0.5227095558022965
2192,0.2641837143293604
453,0.2931250903264857
1844,0.3400353642498226
13722,0.3521861259862247
6984,0.21761940088723258
15448,0.21565640254212068
13498,0.27677884536316694
19629,0.3231874841368739
8760,0.2753734297831868
16556,0.1571173093321719
13793,0.370872551162145
19845,0.5539408449987161
19411,0.33266977306659296
18187,0.3556470233383251
16418,0.3556470233383251
9705,0.3556470233383251
9754,0.24176131070336257
312,0.24934334065150005
6966,0.24934334065150005
12028,0.2673219269926884
8605,0.30602776541122706
16993,0.2520466964233359
15849,0.2520466964233359
16940,0.2319731014676067
11326,0.2545820936371614
19439,0.2548015982446075
11109,0.30510680970062515
1961,0.34723018848178383
16961,0.34723018848178383
6915,0.2587098456767998
7224,0.22305480896034302
1955,0.19012941203080025
17962,0.19305613594792329
18222,0.4775491769265727
19690,0.2168176682428953
8066,0.3496936782146304
16819,0.3254121935902521
5735,0.3254121935902521
17898,0.27878496546291515
14044,0.1886707360364926
16159,0.22363888126396914
15519,0.302013435195752
8934,0.282821824708818
10362,0.32498041411100476
9454,0.16884013383995966
16828,0.5037338185916892
214,0.23452103001577757
113,0.23452103001577757
1603,0.35988590758163463
7609,0.3745111029064556
14408,0.3618068381578191
10485,0.3618068381578191
11459,0.27344865383757355
16869,0.31139929158334817
2889,0.31956213238599074
15090,0.31956213238599074
2530,0.21591588051915547
16371,0.3610776956540213
19270,0.3412730111895239
13768,0.34182820289808186
14525,0.24209084030500672
1639,0.23070877911813006
6685,0.23070877911813006
1886,0.30753479412392093
10068,0.30645707632168445
20000,0.19768055554702246
17066,0.572122563729142
11743,0.23175103589195692
8958,0.24453898654445402
1975,0.25864828884654734
15514,0.26396544846190395
1282,0.2657783123015697
15361,0.24344571676866134
6599,0.3153956795223958
16941,0.3163654693152745
9344,0.22178013877271527
5067,0.2936341933531385
14184,0.24346224268861724
4675,0.21292658238020218
1704,0.2449913417023334
11065,0.2804063197516676
2384,0.2804063197516676
6992,0.6372798714863874
616,0.3283825049001836
11849,0.3376040410339331
13397,0.27736640555491365
683,0.2129398959107754
20228,0.3119974902548127
3701,0.3157205864278829
1183,0.25142098792887074
9345,0.3990817167303013
12778,0.3431268844127716
19101,0.3018920400905259
14749,0.31289986549175464
12682,0.3018920400905259
2541,0.2544573220085255
7215,0.2576600241434871
5568,0.2299009365336596
9384,0.2309572737361515
18572,0.17599311552302807
6784,0.3210999944697273
16417,0.3314155635936309
2145,0.3314155635936309
8728,0.31038032548367916
18618,0.31038032548367916
13823,0.18160109600126428
2013,0.2350734127096047
3178,0.30772711493497634
12167,0.5594265268645977
2456,0.28831272101340777
6249,0.2970853114921967
6023,0.2970853114921967
11902,0.2090091800358077
5754,0.2114406878622735
19840,0.32525197864579836
4721,0.21256932826043234
12572,0.2358140935410469
13269,0.654472378613761
9773,0.30179286582261144
7616,0.3091064288394784
10368,0.323427084997803
14455,0.323427084997803
9533,0.2336268253228355
12780,0.32672629933469133
583,0.2711916149253665
6790,0.23275715140586484
7599,0.2580755915986406
2118,0.2687438265019782
2395,0.47064996203872456
2491,0.5880969552144237
5926,0.27665432317747124
14374,0.2746144288331802
2019,0.2570816398354021
10527,0.32028397431789857
6204,0.39889415817694296
14921,0.19872178637789034
9032,0.27952071026223907
4371,0.27952071026223907
1255,0.3626717784706032
14740,0.2729033688719731
6842,0.2729033688719731
2139,0.25167527285694663
594,0.2635960064242198
5350,0.3396421108621908
15275,0.3088543181535808
5901,0.2953452853820393
8018,0.2557737018386879
12829,0.23301766982171845
10300,0.1935857744718133
10926,0.23721870079804488
10885,0.31918887512427774
19597,0.3125527616717122
20142,0.2620121910620592
12016,0.16789281133701692
14999,0.5549939375395669
17953,0.5549939375395669
12379,0.3226975986204053
2198,0.3299867813659263
3708,0.29710421123654707
10967,0.1401433674393503
9990,0.1401433674393503
11167,0.3148287324009912
5154,0.34659079315392416
9544,0.24230002681184412
196,0.307998777344432
18307,0.307998777344432
18869,0.33912674910915475
9779,0.3340062502918573
3870,0.23629187776767108
13469,0.2257646092929288
16770,0.29253708062428335
9509,0.29253708062428335
16572,0.29253708062428335
13342,0.26845395333203215
4965,0.24363827041529734
3621,0.23240510359686092
11214,0.23240510359686092
2672,0.3277421343501895
7042,0.30507204836258195
16327,0.2983442151212315
12197,0.24500593278294813
11045,0.25639035975690405
2590,0.5280339694734549
15123,0.5280339694734549
9264,0.5280339694734549
16270,0.20883353389267847
14711,0.2019587679437174
326,0.19790317106387378
14191,0.29777684995734177
10866,0.26734515870896947
15086,0.34906982639086126
13256,0.31638547410872214
16624,0.2046726525385892
12998,0.3504486974909087
6495,0.3229270568780393
19953,0.26649336839379784
3690,0.2878199728837162
1509,0.3404184035219638
6075,0.3404184035219638
12858,0.2993766170470253
16030,0.20906500278834056
1614,0.306432612387809
5803,0.2278472085446505
203,0.2518424303222135
19092,0.2592337335703466
8103,0.2592337335703466
12725,0.14086790699644022
1214,0.3871274843345691
11388,0.3871274843345691
906,0.38656968488698606
5808,0.3681723765649585
18082,0.31763458686059387
15565,0.34940934076391195
2922,0.36010191627988236
7545,0.3073840235835535
661,0.3073840235835535
15788,0.19669372709196697
6492,0.3274608925825448
4706,0.2665804704550245
12814,0.23133618358180497
3605,0.2715678312679152
2582,0.2672184456742775
6325,0.26859311620703297
19252,0.27286177522201627
16388,0.26859311620703297
13286,0.20832160202805672
13743,0.21044993489607938
8872,0.32108919120629664
8006,0.3202621417329444
7300,0.28326542742094496
18731,0.28326542742094496
10182,0.2595907517945228
8291,0.2595907517945228
8154,0.2595907517945228
8438,0.2595907517945228
5853,0.18015169402026887
888,0.24607543467002263
7548,0.3597485317418294
3032,0.21793497001167536
2722,0.21793497001167536
2352,0.2883783061735428
14312,0.2871270337767259
9749,0.2677538836474612
1376,0.21003874496238567
16139,0.25823135703507694
541,0.25823135703507694
9719,0.5165416366215454
17560,0.14745335332967213
9003,0.22343495238226752
3688,0.2225922086062886
8479,0.22667781503521517
13621,0.41177717558005666
15913,0.41177717558005666
8585,0.29356792417849026
5353,0.3065169630525775
11861,0.2199226229377206
18807,0.20091653204204155
3231,0.20091653204204155
12257,0.24477612301292337
6659,0.21537556931762836
2873,0.3571292190184561
17139,0.27429732314061295
14957,0.208670339556624
14923,0.3067574098868831
14550,0.269242351656167
8258,0.269242351656167
18520,0.3013880105087813
6533,0.21504172532606916
14059,0.27606432399577946
2532,0.5534025681030795
14913,0.5534025681030795
674,0.3410404904254054
13872,0.20524472613884678
10129,0.20524472613884678
525,0.35073441907611147
19577,0.35148132203823035
7900,0.31274639356408473
3699,0.23198438404828495
10707,0.2709635288583752
5344,0.30342908433233684
11788,0.28638471600429893
13632,0.3216643812658626
136,0.29347423028809017
9266,0.3502871469861297
5359,0.3097149479856787
7736,0.27881455969569324
388,0.26911848092561347
14507,0.29116368817125554
17947,0.2973878000372124
7570,0.32567629898876566
4768,0.32567629898876566
13044,0.2284635484344622
4939,0.2988512050205473
15113,0.2936146864226411
14613,0.2270357224181607
19421,0.2270357224181607
6635,0.19314366096129962
3133,0.19314366096129962
13533,0.3953007757603495
677,0.3258348612232964
4090,0.3287861789813258
506,0.31472533070324726
12808,0.2290667317244338
3508,0.3853527523344357
13919,0.3202249421597935
11611,0.3044067740575983
7718,0.3202249421597935
9699,0.2158398277986378
19939,0.2870067901832271
1526,0.48233116663159886
10427,0.48233116663159886
370,0.25431519488101223
19531,0.3219813874214022
19526,0.27189239069775045
9543,0.5592250641171176
11053,0.23265546957884048
2963,0.2891589157358286
7869,0.36526641298435836
4411,0.2827353342641182
1132,0.24881651699680093
19493,0.30560556894714463
12322,0.22846636672918444
929,0.31019200548461245
7072,0.34142026362585653
7257,0.3253306622364983
17740,0.5798135453645402
7411,0.5798135453645402
10085,0.36104991335719977
7723,0.3272934027155758
12965,0.24358661359682926
13975,0.24991556553786304
8737,0.3406275884819231
8858,0.3320961738153122
18693,0.2920807012615988
17430,0.32751420235660744
15726,0.2536787005535678
7419,0.23009482958158511
3979,0.3101300303617576
2197,0.3330134053749074
19109,0.3229546418561094
11894,0.19936205103355203
14996,0.18871064005628646
16984,0.4581230317927682
14725,0.4581230317927682
12089,0.22386481297876548
7985,0.3954616085173166
8113,0.3106914314124467
11846,0.3106914314124467
11123,0.3106914314124467
2721,0.22239441138810395
12332,0.20516985409462268
19999,0.2809696759307113
1820,0.32046121296435004
15414,0.32046121296435004
13810,0.3474903387709577
11722,0.2997719329222843
8691,0.20751209402196044
10857,0.47853775334924376
18753,0.24728240632787557
5665,0.354426391397733
10865,0.22133888031497356
5313,0.2851792760917414
12258,0.32077155397583484
15504,0.2239643775087648
16349,0.28185256227198774
12513,0.47187187850354473
15386,0.47187187850354473
11732,0.2727766367872469
18455,0.3480726090687718
16870,0.2975095927474792
321,0.2975095927474792
6390,0.2146418860583853
9600,0.37320211349339716
14198,0.25096786485224093
19451,0.28903134184913526
3512,0.32611197712127815
5188,0.26227116700366687
16485,0.2929717127097997
11562,0.2713634443760685
4282,0.2713634443760685
14905,0.3068120166192161
7980,0.21640447848964292
6854,0.3406613747108423
16321,0.252318907821029
11654,0.22296543331629826
17598,0.22196576340303334
9083,0.29614459645745084
9237,0.29614459645745084
6591,0.3018975367495784
5574,0.3456306670736794
7509,0.39343191540533273
15105,0.3064320495553128
3315,0.32330653910030105
1414,0.20618556567721702
9069,0.20618556567721702
6430,0.27573635514248124
19212,0.3198177697162794
171,0.3486075762001305
19380,0.20417551258524594
6244,0.21212642134951937
8883,0.3146879564103564
7225,0.3146879564103564
10834,0.3508042505464375
3409,0.2900313923178899
14851,0.2044541311193908
4563,0.2044541311193908
1070,0.2509554226938483
18317,0.4364654989587919
19873,0.4364654989587919
17917,0.2902220510830052
15495,0.3341622109033094
10712,0.23543103064890386
13501,0.3129090025766357
19154,0.3112862452881352
14648,0.1936090187024246
2814,0.276683094952725
2742,0.28799091980798935
9757,0.2778607664458245
2348,0.322885889254784
6695,0.3229562250779173
1297,0.29120849297404333
2598,0.29120849297404333
1488,0.27734649400783107
15080,0.37332829401443834
19959,0.3552181199637771
5134,0.49713744214604705
7936,0.216486122553656
12861,0.34194761870759083
18983,0.356795442295893
9057,0.31137192399106384
16956,0.31127729604275073
16301,0.31137192399106384
15592,0.31836226654249006
2725,0.17632903929491991
8742,0.17632903929491991
5349,0.17632903929491991
11604,0.1792655319475829
11231,0.1792655319475829
2538,0.19956083052198567
14063,0.31582755263000006
12876,0.2127489823107245
14830,0.28444983460813683
8460,0.28444983460813683
19574,0.2268171124903924
14203,0.2829171224673752
2375,0.3564764500925197
8751,0.2550159071677856
4344,0.18890737909756533
14667,0.18890737909756533
7627,0.32895233676327357
12850,0.3199843698203028
16480,0.3268633626209939
1015,0.317888236225113
11533,0.36329272651681016
15253,0.35421930122370426
6140,0.18665700968366883
7122,0.32761891035265733
17469,0.32798945703768234
15759,0.32571139438675795
3845,0.24987549396674055
11016,0.2709122581936868
19258,0.2523306837255017
8409,0.27735905230186864
17216,0.3576467137004864
5400,0.3272486861103442
20139,0.3576467137004864
16544,0.3172208550931593
3922,0.3407415572530576
16752,0.3407415572530576
4327,0.3284260248083404
8551,0.31024393892417856
18643,0.21399013100098363
2045,0.42717494824284374
3652,0.42717494824284374
14215,0.3159702962134111
9084,0.2214392500656232
13771,0.3325588681117516
12349,0.34139065940556074
4488,0.2491791996213075
4341,0.2364971646305417
17579,0.26747856529228353
5260,0.3735851895450532
19821,0.4134371650040264
851,0.3827548538065662
11329,0.3092563911386507
9363,0.31990589255330576
6765,0.2616075143676525
5933,0.2616075143676525
12362,0.3032096429621241
7559,0.3263370670071213
9119,0.3263370670071213
6929,0.28830344680202885
4092,0.2920748918545071
6909,0.31962277829868935
3579,0.22461082860041737
11136,0.3555737525204173
9553,0.3048757144932911
11246,0.3267128491350515
9444,0.24325667171164148
9962,0.36006246731365876
11701,0.18365995165669977
10150,0.3517073778959556
19455,0.3013038985517231
9583,0.3013038985517231
15492,0.36042767923471064
10761,0.3172644345582194
8375,0.21523235067265442
8629,0.2827878900191205
6144,0.2750379012330786
11565,0.24616579360813634
15199,0.21791114110538856
15125,0.17779293878675825
15956,0.21788769943148772
8534,0.45977221825938286
14959,0.48080288454871667
395,0.33876699470863725
9995,0.322555415290468
19237,0.3201344576565095
11938,0.2440358445601592
8752,0.23855429169871958
3601,0.2701612779043454
1834,0.2701612779043454
14428,0.3447338237749095
17861,0.18846417204860796
8211,0.29664206235618557
16440,0.24977699005986925
14387,0.28417590505196905
14668,0.28943245421262137
10698,0.23012711119515059
13958,0.34664427984402474
9153,0.35207214928440816
16647,0.23903462647117915
4731,0.2646562642830347
11979,0.25776444997714437
19972,0.34161725799309045
12832,0.2729917680064524
18784,0.4259764552939872
1055,0.4259764552939872
3710,0.2578446488679552
5068,0.29588335750123185
13155,0.2638668448614392
18128,0.35135026833589855
3570,0.3416927255456708
3510,0.3416927255456708
9548,0.29843520290540554
5542,0.26624173521274885
8802,0.2851301527226579
2144,0.23116305677184604
12100,0.36042767923471064
2709,0.31013573602455025
13488,0.23346878306969177
8568,0.2850588462074781
18481,0.2835749228762978
2265,0.2613903877394095
14765,0.3026148652955472
11278,0.47890224852056024
826,0.39168388311917707
57,0.26558135848854375
12239,0.20513336615697766
6007,0.32562942866271083
17555,0.2622098374003705
4626,0.25380899785796057
13477,0.30010248065776224
8911,0.3223572517018317
7628,0.28992302634436407
20004,0.33690507708295486
4059,0.25217784962847734
3101,0.3041034742653006
6198,0.29224093708101606
11503,0.29224093708101606
5596,0.29224093708101606
8093,0.31973209787509227
1213,0.22792441029204596
4473,0.31246476067244483
15404,0.315733207665907
157,0.2818059451642864
6468,0.22242680642955623
6619,0.21647186913202854
13001,0.37359711756658853
3827,0.3569339466990948
20251,0.3569339466990948
12483,0.33136026504072436
18338,0.33136026504072436
688,0.33136026504072436
347,0.33136026504072436
15346,0.3314760116411156
8880,0.21564444191779614
9920,0.2312425383520021
8609,0.28593768940082487
18882,0.23435160994253434
17361,0.4241247300934661
696,0.34161725799309045
15168,0.33654329338913874
1685,0.33654329338913874
1663,0.26811510988252385
13516,0.27301272927827575
1547,0.2911915519777386
18624,0.30750133410515657
1717,0.30750133410515657
6155,0.26442397163015496
6301,0.26312817500408003
19289,0.2629965388826293
7259,0.26312817500408003
17240,0.2721484476349852
16815,0.25828627554569106
10380,0.2669315277147562
3250,0.2669315277147562
14984,0.259424780846591
13438,0.29343448240191644
19299,0.2652702637400845
17812,0.3496163842804708
7623,0.22750562456424328
1754,0.2873933687214581
2314,0.2873933687214581
6334,0.29321047969551217
12611,0.22435427027681631
2185,0.2209795114320222
10400,0.23019263976365698
1831,0.25748813708528673
13986,0.249569202235391
10446,0.26107102075382815
13766,0.26107102075382815
11808,0.24281328104512248
1323,0.26351296866847496
3714,0.26347158038601687
3317,0.2712374066104721
137,0.2712374066104721
17149,0.21519659174455885
2568,0.24657014088698753
13202,0.24657014088698753
20218,0.30632287919227524
7658,0.2302114440271978
2739,0.2442811645653353
4802,0.3349336326781146
15601,0.3349336326781146
5307,0.2566798352835808
14120,0.24821183687602572
1134,0.27285530590196383
7272,0.29038482253250497
7344,0.29593280836090313
6674,0.34704077965287117
7537,0.30202598652504875
12693,0.3089430869570909
5573,0.24795799509112582
8497,0.23251714037419013
8141,0.3034963464785885
7801,0.25945707623344366
7845,0.3744405187596985
8094,0.3744405187596985
5272,0.3744405187596985
20155,0.26810598642119354
9831,0.2701138368654814
19367,0.24964122671604733
9944,0.24964122671604733
18097,0.26047198529382704
8410,0.24237287767927548
5024,0.3160086725855337
8233,0.3160086725855337
19193,0.3540521550983824
17758,0.2301814367149207
5468,0.303958084560376
6670,0.3160165772376189
1431,0.24200054986714448
17023,0.2868323320355753
7689,0.21664412136619549
10958,0.2680828602348355
12683,0.24358342299974417
736,0.2554928660692637
6604,0.2439069935739227
11411,0.3368639150777759
17135,0.24354455784444076
19322,0.22430184390937113
17514,0.2731718644429618
8028,0.31823745141448634
17814,0.24904790958415304
9706,0.34219500601821196
6821,0.24423544252557272
6597,0.32428702769452467
17460,0.2553175847361487
12537,0.2676957827813535
19244,0.46589636716774135
542,0.34346737758098467
18033,0.3599596110736117
5880,0.3599596110736117
13920,0.32375666482981535
18995,0.22482344826988912
19377,0.311875348763607
7325,0.3371305821935172
9563,0.1619154307468213
2016,0.1446162651087357
7161,0.2707135293591819
15477,0.24761572440058754
2927,0.3144711656496566
14499,0.25965467156556626
274,0.35003683460559065
10029,0.24176567911373323
9738,0.2431045917561217
12235,0.2431045917561217
8956,0.23362563668626382
20064,0.2984785028959997
9482,0.3107636956142663
16654,0.2906474231478778
10650,0.2906474231478778
19515,0.3294007582991651
8943,0.28938058670526307
5896,0.3042719414105424
9496,0.3042719414105424
2161,0.2988801921777113
6493,0.3331453002527317
10406,0.33671483672890734
501,0.2914225657001617
16192,0.26896475940001285
6384,0.26896475940001285
17950,0.25979451226325756
6346,0.4285389320235425
4187,0.3555797720347764
14540,0.2943091365025505
4453,0.2943091365025505
17272,0.2943091365025505
6771,0.28584222880079435
6926,0.26295501510745134
6539,0.35481420679950193
8794,0.32012879260822735
16832,0.3255059212778954
8719,0.22212576925332073
8053,0.3793597764597434
2980,0.3793597764597434
18650,0.3426590090877868
15022,0.24530870487875417
13879,0.13969796338588103
6584,0.2758498894572244
17867,0.2758498894572244
6702,0.3032060066379737
5209,0.3032060066379737
14929,0.2830621212061228
2518,0.29499521930164013
12491,0.32263016914180215
9665,0.2381806450853453
11234,0.2774144434547654
19798,0.2903325610025918
11908,0.30696930086549756
18496,0.35353929995377986
3136,0.37214043729343066
13688,0.3565794145404332
17627,0.19880860952123497
7602,0.28241023465393444
9498,0.2807438993617264
3923,0.21514350188159265
17014,0.21514350188159265
13590,0.26138019720791944
18948,0.26138019720791944
2059,0.24941521555838825
8202,0.2888192320183137
18108,0.2888192320183137
8754,0.35790401086714835
16694,0.35790401086714835
4062,0.3508136706111413
10245,0.32301672782562874
11837,0.32301672782562874
10956,0.32301672782562874
16669,0.2920686921836951
16305,0.2598537338874331
12078,0.29757702494492566
4119,0.27255425279869067
512,0.28044300727982346
1456,0.2916968571168605
19240,0.3116853150122403
12031,0.3154827123352744
17381,0.32627427408870435
2589,0.3154827123352744
12307,0.5933180723465283
15031,0.3258563857536464
11598,0.3258563857536464
6996,0.3169603013624068
14792,0.29702239682881676
17617,0.24016823931016365
749,0.24016823931016365
6656,0.3215328896347929
10791,0.5956366835328802
11243,0.5956366835328802
9330,0.5956366835328802
6877,0.31866981824124313
8452,0.29262672387812366
13612,0.2236691269913555
7910,0.3150734828518831
13211,0.3086316301435351
8448,0.6021439235815531
1637,0.19284527254505343
6953,0.32058069372355497
16532,0.23476052014805934
16176,0.23476052014805934
8661,0.3034274019500819
10104,0.1539440030542451
647,0.3132813047722665
4960,0.3115738377721988
15800,0.3132813047722665
8672,0.28493562718788157
2391,0.291606855557965
810,0.291606855557965
12405,0.28845053070669335
6289,0.30580821582125556
5216,0.3988767472952654
17191,0.30480114533933966
2977,0.32410117934945326
805,0.3194585412889017
18629,0.31850986078757854
1325,0.3106355964840659
2108,0.3009480132446992
12687,0.1814212473983769
1655,0.2833919275694531
16271,0.3252769711052262
17190,0.25137962353874255
9603,0.24709853039788132
104,0.24709853039788132
11272,0.24709853039788132
11381,0.31175584943813184
11868,0.2744708444114723
18431,0.3168376550141149
12895,0.3887871132793444
5121,0.324022556537673
5952,0.324022556537673
12659,0.20413443582155866
10959,0.25352394475314405
13184,0.46223790203217696
8676,0.33805227849816055
17002,0.33805227849816055
7752,0.27108205072621266
15826,0.24723809460014984
16759,0.29059959630557913
17412,0.29059959630557913
8741,0.33449708242493037
10964,0.33449708242493037
8864,0.3926960743314497
19250,0.3186830190188656
2542,0.3171854616609249
7422,0.3171854616609249
11629,0.287805352863958
5153,0.24865204779450936
12467,0.24108527998353388
303,0.5855904396857015
11429,0.2882034887340561
18267,0.3167434163623124
16632,0.21459063030180772
6499,0.23957509528852586
19817,0.2926148557967882
8165,0.4448308228715776
8519,0.5657742486621365
6759,0.5657742486621365
9151,0.31701507104251336
15493,0.31701507104251336
11998,0.2828228459684277
3232,0.33649546432829336
10071,0.30292944701608804
8293,0.35941215947512434
19566,0.30311123505105636
9532,0.2780128648168364
10607,0.2780128648168364
2346,0.2964619410493196
10510,0.4597417900858318
6711,0.5134388793884652
1459,0.3296743826676314
10645,0.3296743826676314
13881,0.3323432983631346
8303,0.2482811831885029
2070,0.24136226097310406
17526,0.17157883891800077
14650,0.17157883891800077
14483,0.48230602828456015
4095,0.2683218961114402
20120,0.21903203776287195
1833,0.1989707159714958
110,0.3024452967874582
13997,0.33730794552415033
14521,0.21187970127379857
2694,0.4574227841311228
15958,0.2480302160495147
18788,0.2454280310388587
484,0.18731885421504735
17375,0.21018199367931029
7618,0.2593096125064814
3876,0.3247458659336472
18856,0.32004957230676534
19139,0.49988810805207917
3897,0.49988810805207917
3691,0.20633121223970538
11597,0.31158771739559116
19202,0.31158771739559116
18218,0.31158771739559116
14680,0.3035051638766509
12705,0.180583310607831
12354,0.180583310607831
4867,0.2660852440004356
12286,0.38780885839433843
16478,0.5258552650253446
16986,0.33572996105642394
3606,0.32322209188515244
16118,0.32331628653883693
7310,0.3159812920129096
7546,0.2865939407691349
4250,0.30874575583248237
18858,0.3196673849870719
16608,0.17857822661849712
10553,0.26223510548153933
16999,0.26223510548153933
975,0.3565856983765616
14210,0.4433592483220227
6018,0.3194064099246388
1916,0.2740507131927298
9428,0.27235138905960804
17625,0.3297850934727632
14890,0.28945312072679596
19587,0.3300304995007258
14547,0.23244764017614544
8216,0.27597465534669824
2736,0.3322531591484592
18638,0.3322531591484592
11467,0.36974841864052377
555,0.47333519816348807
4193,0.3366078067948438
14536,0.2569015461926089
10525,0.3300050032979497
9429,0.3152756581374544
13628,0.290344230527998
5023,0.46234526169020185
3450,0.38970065780126634
11000,0.29193106341787506
18579,0.2491244591372318
361,0.30761745903972754
2849,0.3134218341175228
1058,0.2604781664042186
16223,0.25128649569574424
15758,0.19554310254014823
15705,0.306657950236492
18596,0.5756219691861838
12722,0.34332662797153474
20102,0.3058389060486347
13277,0.25281150486556314
5021,0.2860881104955911
11698,0.322987553876559
13663,0.3501472337905415
18249,0.3501472337905415
10006,0.3044799783730765
18479,0.26282981644841236
19671,0.26960690199251247
10980,0.43666629912022725
17408,0.27563623891214284
4681,0.26786044286659233
14822,0.33053753588210455
15654,0.19607647697711683
51,0.3553725616394764
18654,0.3553725616394764
13651,0.3521477515722452
2187,0.18744388230704684
18838,0.29988862765320057
17260,0.2544171067088178
9475,0.28733923704287123
1390,0.264006883898724
11466,0.28565341700392727
9888,0.5570464792587105
18440,0.30234088986551744
8295,0.30234088986551744
1722,0.27210180163126674
19641,0.30087641595258174
8100,0.30087641595258174
17245,0.32869880976933086
10153,0.31201513029781797
1676,0.2596196755103665
2073,0.40672982729716317
14404,0.2788165877216966
19973,0.3301850641664305
8465,0.26270349762377276
8112,0.34102074096948126
3950,0.2528095188504579
14169,0.2528095188504579
8871,0.29253343868316173
973,0.45286985699614174
19144,0.3379543026245315
8919,0.48570005436872676
10976,0.24374546651707807
5165,0.20214841163546018
17452,0.32972912625281925
100,0.38249099874001796
18985,0.22935449681485673
14601,0.29491850107631246
11826,0.2487580357229313
3991,0.2487580357229313
4315,0.2487580357229313
2883,0.2487580357229313
15909,0.2719856517832595
2940,0.282589714898372
909,0.22188380334488755
7362,0.21724758981419262
13988,0.21179775185818772
4028,0.3121503300010424
8916,0.3276801464908438
17818,0.29819426074492583
20087,0.2797753429218298
9893,0.21076002884680745
9799,0.3004789737714283
10790,0.4397412600189748
16833,0.34360348260084783
3549,0.34360348260084783
7356,0.32709084768382196
14825,0.3153652669057044
8296,0.2851312666064202
7388,0.3030186778304223
15874,0.2688656359452203
20056,0.2688656359452203
8633,0.2762948417925625
9174,0.3007490672943776
3544,0.20740714067138138
12224,0.20740714067138138
4776,0.29860625032541543
15569,0.19400711897822676
11529,0.6114931221801566
19662,0.6114931221801566
7365,0.3649564450746983
18044,0.3649564450746983
3837,0.2631191660199137
2891,0.2552593476442029
13148,0.28455437874253703
6432,0.31678627686550287
3210,0.3251170032238653
3970,0.24686390742037562
18139,0.26403450390694766
9269,0.488618541458043
10212,0.510396290925589
4220,0.2642568762190549
6748,0.359297648961753
5274,0.2920990739229965
4365,0.3245740811189374
9009,0.2920990739229965
16068,0.30260967924763116
18006,0.16242515100713537
7218,0.30495244598778903
8346,0.3347201022070851
11936,0.3347201022070851
7645,0.294975485267699
18088,0.3514352152194891
4692,0.24909162475201468
2417,0.26695890908762165
11010,0.26695890908762165
4817,0.28684112105536086
14062,0.28684112105536086
11925,0.27239604367148185
11682,0.25299435657036506
5988,0.35013478766301476
15696,0.32925707477356325
17465,0.3218948122851746
17505,0.3264506638703654
18466,0.20599921293519868
11358,0.7089945200940296
10345,0.2768206121741613
13678,0.30619495939042707
4401,0.30619495939042707
16434,0.30619495939042707
19831,0.30619495939042707
153,0.2854027689944143
13292,0.2877602868195676
16217,0.2888813833732002
14948,0.24900360223050383
4221,0.24900360223050383
2743,0.36437699495608944
17739,0.2782843409508973
19010,0.2964307409026835
19745,0.530088338018622
15066,0.530088338018622
6440,0.20319192484170473
17750,0.24318951406515868
16208,0.3121845356747104
17993,0.25513759561128274
15129,0.23766790309618774
405,0.4301797459963861
4814,0.3382476481135122
7683,0.3932460530409313
638,0.33923414136569546
8039,0.28724759998411503
967,0.21147063131580357
14799,0.33531619753154357
5329,0.645279191565836
2842,0.2831325339581281
19494,0.2916798875099057
7621,0.2916798875099057
13433,0.2916798875099057
3659,0.2520316113888658
4536,0.2520316113888658
16313,0.31687166532997113
2689,0.19943400208998352
15372,0.1924932322685512
4625,0.3126982945419277
7061,0.24537576128711752
15029,0.2872062719823582
3427,0.2872062719823582
11144,0.29855478018602744
5378,0.26204880967189215
8247,0.27373331452413374
8091,0.309535836814308
3335,0.3249891490396622
3463,0.3249891490396622
2088,0.2946247819541668
11723,0.2975450561548507
19043,0.28180384807376957
1931,0.1976412900089577
5977,0.23633463337787702
4324,0.5709767923754943
12276,0.312232515971532
11392,0.30557528045999804
15409,0.20699808543699005
18527,0.2683892680985588
8570,0.2664107430806918
8941,0.19046751959280347
15176,0.19046751959280347
5246,0.2929775692098715
9717,0.2999552661078402
17906,0.17086740988031576
7504,0.2971330885705605
3199,0.2971330885705605
13551,0.29581130916515475
4599,0.30379847450312475
11269,0.2764150731279457
7769,0.2764150731279457
3179,0.2852502420127159
10394,0.2852502420127159
1800,0.2852502420127159
15871,0.2590317236143389
9632,0.3372867484036073
7709,0.2163416549156253
11296,0.32819382868204305
17919,0.28705195996546684
12709,0.2563642508790832
3138,0.23143234056140016
16361,0.19807455952509265
19003,0.2577707620463318
3248,0.2577707620463318
16026,0.2577707620463318
5638,0.21675948042208942
811,0.22232167878967865
13759,0.2911720242149488
11179,0.2145021931918713
12902,0.2653943570041969
12763,0.34747593435175533
4645,0.29797518900731534
3249,0.2762901502265052
13928,0.3126512470641559
1062,0.3129517020722278
3785,0.19975666352074564
19487,0.19591941512417138
13367,0.1964115557583589
1107,0.26028009180779893
2441,0.26028009180779893
9644,0.26028009180779893
10376,0.26028009180779893
7601,0.3332680686588791
9935,0.32983507643627186
1400,0.2031914842546759
419,0.22886228937955383
4134,0.27307399182890113
5589,0.31731271643376613
17738,0.18968853333972027
12070,0.3710710869505487
11573,0.34665611748573266
1819,0.34665611748573266
16736,0.18320696928848418
8954,0.32457887223346116
2268,0.32457887223346116
15539,0.40097689048247476
16081,0.26294774166790974
8172,0.29571650673769095
16160,0.28313569643806746
5040,0.20147229662172333
8714,0.3737717238453161
17235,0.10995848421836348
16269,0.32028397431789857
14246,0.23813063361949915
19793,0.23813063361949915
17948,0.27830054316043973
7459,0.27830054316043973
4026,0.33804659035462126
3211,0.29754418077961803
11898,0.3999703670969361
15884,0.30055084941897897
185,0.2787725300674417
3481,0.2787725300674417
16773,0.15549323728190353
10386,0.3001099189386747
18391,0.3200353981964916
12765,0.33620673030249093
14446,0.3318339330699971
13302,0.28623038339469103
12662,0.36566784482739084
7894,0.1781737317730128
1262,0.20313386556648258
13298,0.31488065444241486
5432,0.24871484806431066
10016,0.17603810350400487
4281,0.1661392369452423
14415,0.3303994039637522
7291,0.3428436463205684
1368,0.26767355294401746
14443,0.22680808400564884
7815,0.26184774313530945
17837,0.2612213442248551
2153,0.26184774313530945
17199,0.34999703707119334
8177,0.34999703707119334
11360,0.2102681709022924
13179,0.3460549834690204
5389,0.6506612145318537
12927,0.6506612145318537
16750,0.30910043462375647
8007,0.30910043462375647
15502,0.26500465519462896
13985,0.29342724108060314
11480,0.2405171804480198
7176,0.23565572814845767
276,0.2631324349290643
11055,0.24202999501955647
18416,0.28988475748876424
262,0.23576284889293905
10880,0.20326867932880546
3084,0.20326867932880546
8523,0.5382461976628664
3592,0.5524826891808164
8175,0.2826384871235474
1703,0.27043015296566025
3671,0.22804279243929654
19605,0.27628058166904396
6138,0.1847402821032696
2646,0.3372571202222055
17844,0.23278120197171057
2695,0.17786272919385074
5156,0.3865634615582969
13161,0.3865634615582969
13072,0.5442252107380408
7237,0.5608473349696691
7470,0.24598662134625968
15181,0.2685741006702903
8591,0.24385666939161815
14924,0.4922100215346839
4524,0.4922100215346839
1189,0.5661234141691192
17198,0.5637903665119188
16531,0.24073341594061246
1889,0.21730030367376
11113,0.24396880705308074
19626,0.23004784784240384
10846,0.31675162918918426
1698,0.2595367388377747
15403,0.4720774158156474
5510,0.20808866632958586
8328,0.20808866632958586
20003,0.33137360317915593
14318,0.22108781222196194
10701,0.22108781222196194
2704,0.30172725062522066
1287,0.20486410573012012
19944,0.20486410573012012
12668,0.32046302059394727
9489,0.32046302059394727
11147,0.2195375960705659
15636,0.22517016194696227
18401,0.2993948135853055
9591,0.2993948135853055
9088,0.22761242999392559
18096,0.2805632120980446
16592,0.2455809308287732
3940,0.2764423130408154
15154,0.31303698860450135
15387,0.31303698860450135
4851,0.29134548341750505
10520,0.2619083718491764
10919,0.2506804646803015
9934,0.24319213828252942
17571,0.4045577925577847
17250,0.22677121270576264
8259,0.309142230239138
9295,0.30374089561280804
17433,0.264646023653178
8590,0.2383354191586012
10210,0.2935659487658265
10561,0.2912593821835061
8116,0.2791445227497287
1848,0.2673969069634156
1118,0.19823667774031012
18789,0.25009400648795094
10780,0.31045190541346573
4973,0.30215547800931264
10286,0.2640954076675254
1612,0.30687912102358517
16934,0.20746727583096508
13764,0.2649492320826082
7582,0.2649492320826082
15719,0.23414389125668209
14608,0.2653382480098014
18894,0.30581799336660065
5761,0.2874987594269254
8056,0.5202032849911673
19304,0.3737002690376184
17466,0.4385263472350167
4086,0.20596801557046104
19452,0.18712572859847026
2284,0.18712572859847026
15010,0.5384086418874501
1789,0.25724782270354457
1300,0.34280455711150337
13755,0.339684785296337
16420,0.339684785296337
4247,0.2710809119500436
8961,0.3149183880270798
4015,0.4284339067487608
11537,0.31737087742493725
2665,0.2595609713132107
20170,0.2595609713132107
6424,0.5931083549407169
11880,0.4658333977126461
10339,0.4658333977126461
2381,0.3679075019256085
9396,0.22970278161426202
15540,0.22793975476778439
8806,0.34325874012267377
2303,0.32630484163776763
6054,0.26279079983426523
5887,0.26279079983426523
6230,0.43566602153643275
2620,0.3138252590414241
7568,0.24054662670302776
19231,0.2842809319158561
10469,0.25337079195045076
15055,0.28528695888202155
11315,0.28528695888202155
353,0.18441852060145247
17098,0.44306771001816353
6476,0.44306771001816353
4000,0.4681184263157406
7502,0.44258540110519273
17230,0.29267447146031095
13957,0.31233227570147887
15781,0.31233227570147887
15480,0.2420360510150767
8274,0.2420360510150767
13910,0.2355239407072804
7048,0.29234950173343816
6119,0.4627708991298203
734,0.26178114739547736
8918,0.25167517321799515
3062,0.2500973699950359
17797,0.25199090911641475
12234,0.25199090911641475
13365,0.3594302541318006
15880,0.29459642145466225
18224,0.37562006196508113
18154,0.2359419613706171
2364,0.2414025034697912
1060,0.2414025034697912
3844,0.28646317235770646
8904,0.30086548544389924
12465,0.30547158111662415
738,0.2750428311258469
13058,0.2340316153143744
3599,0.2531885129144698
4475,0.5162236744537427
15525,0.30077091673220835
2287,0.23469467089311438
2184,0.3405863735588782
14011,0.28225967053773565
19655,0.3180212089332526
8475,0.3180212089332526
19320,0.2924685640921342
12764,0.2924685640921342
2119,0.29976853041223056
8847,0.29976853041223056
8784,0.3306761163214031
13871,0.20270272420625118
7002,0.18961615347826474
3004,0.22937182892629004
14200,0.2633521024919382
6295,0.2633521024919382
5603,0.3515339019575789
14292,0.43914434170634165
2511,0.30150253462012855
16066,0.33040310424567904
3560,0.2785806752285419
5522,0.21229014761005166
18644,0.21229014761005166
14314,0.2689404432177316
14303,0.22031257786982425
15065,0.21084505132029957
17980,0.24589697781411496
14267,0.2789775306836926
4415,0.03353914273317826
3295,0.03353914273317826
12125,0.19857120894012442
15077,0.3298539745332573
19616,0.31935652810627546
20182,0.293334343588664
11725,0.293334343588664
15144,0.337746537960325
11623,0.337746537960325
13795,0.17898512323792598
10310,0.28833414586843314
14620,0.28833414586843314
5107,0.3223890462789212
12413,0.5805754520063728
18854,0.5805754520063728
8352,0.20511928259081866
17301,0.39288189915512833
19607,0.3050909448476573
10486,0.27555138217966096
2400,0.27555138217966096
6624,0.27555138217966096
1101,0.27555138217966096
8022,0.328473958102942
1463,0.328473958102942
5298,0.3010239328462292
6192,0.276630420270661
2408,0.22360112369066631
1068,0.21013091095249625
2273,0.32261351526865045
19530,0.33509251508358867
16856,0.6051421785147174
500,0.26836576509099175
10700,0.26836576509099175
18175,0.30250821763420527
16185,0.34112576833491703
13323,0.34112576833491703
18207,0.24622946523622813
13084,0.3447071543526153
5172,0.5411786216217399
12594,0.29787545313326774
6832,0.28087708706507514
1078,0.2843182093042894
6343,0.2843182093042894
18605,0.2843182093042894
2675,0.30710501293522324
10249,0.30922461845857496
6194,0.22002200568679553
11700,0.34930992289445695
13787,0.34378448055014166
4899,0.5549968861227716
15941,0.31134598804355595
19964,0.2422967963946955
13245,0.2612962305827194
15854,0.2612962305827194
16011,0.3437747367085937
6641,0.29215342329129895
13075,0.3445929647483369
472,0.17739285041869735
19277,0.5889710986081489
4794,0.31134598804355595
16117,0.2839657741975068
8528,0.2810239310269477
9900,0.22943171290932868
3817,0.22943171290932868
16879,0.32849912361729605
4951,0.21258275665681314
9400,0.24725382358147113
2720,0.257564572278644
9918,0.27821552561709745
11825,0.150305672059251
13523,0.1709030672884005
10613,0.23882882034388614
10905,0.23882882034388614
11799,0.2529557403265454
11856,0.34243938675643804
9407,0.2045437498568115
2796,0.27454071718819906
1841,0.27454071718819906
18235,0.4720728693101347
7085,0.24668403502689687
18867,0.2678330252035423
16888,0.32948225477233245
6919,0.331623393972886
13807,0.2910105584550286
12510,0.2910105584550286
12244,0.2910105584550286
3572,0.28402719933059384
4734,0.2772870365021226
17515,0.1006186961167569
18314,0.24458558138182648
10199,0.3396385259396742
5411,0.22524373997169664
17434,0.24660389868714627
19965,0.3029729021698899
6408,0.22434103048014906
18134,0.3314529011688277
16262,0.3228241159342732
30,0.22456332373699966
5090,0.30489030357974567
14219,0.3050509769368142
15200,0.3050509769368142
2711,0.23763895275712776
11567,0.3089922082395312
1867,0.10132879958055416
6297,0.5430555946201163
387,0.3312711105995
2937,0.20207156622717323
17704,0.20207156622717323
14612,0.12194020559204224
2735,0.20137299708743675
390,0.37146122982101837
7940,0.2754035984427531
6986,0.20902134454887786
17503,0.20902134454887786
13253,0.27135825146264975
7923,0.2839987907796389
3418,0.2839987907796389
15324,0.2961732276337802
10975,0.29600161156457144
11957,0.27548004313302854
16820,0.20797689172716574
14702,0.268855846985326
8913,0.268855846985326
2396,0.3432958733705551
15351,0.21248513464312005
19333,0.28853133493126326
13140,0.28853133493126326
2528,0.26569256755700077
14442,0.49499331473822894
19673,0.32442899967280925
14289,0.3179967664424319
4326,0.6435532810729045
11945,0.4567570502061088
1342,0.3271091065286916
7743,0.33001964381213283
1116,0.2679821147424421
1995,0.35482666076416747
8826,0.24036569046497774
1926,0.2826986482753549
15232,0.2826986482753549
18661,0.2652765297463494
9389,0.2102470734147201
9839,0.18813148473542224
17013,0.347699626953146
12079,0.26213183908906706
4285,0.24289958538368145
1988,0.25757605001173
5646,0.23042746318227597
6578,0.2768732777508806
16121,0.20171105149517027
18004,0.20171105149517027
15280,0.21999622488898776
10509,0.28076851249478896
16881,0.6011265267121417
4409,0.41020642848947586
10360,0.2649810838911756
784,0.3515803840351701
6047,0.20693765559270907
8713,0.2687963707482144
9323,0.3826437558809976
11406,0.3826437558809976
8975,0.27315824642676984
16283,0.2885490245207372
631,0.360632205590493
6091,0.43590489318094566
12196,0.35928259622158953
11559,0.35928259622158953
3952,0.217541035164754
17022,0.217541035164754
17058,0.37885911264974315
2128,0.27446063491288286
15910,0.2295045382713466
4883,0.11536558158078561
11149,0.4027654103790197
1643,0.4057503530985983
15831,0.282252025598672
1332,0.33579199033470997
6139,0.33579199033470997
4351,0.28109014080197453
5286,0.34796188557258323
19697,0.3047746572101019
1976,0.3209185660334887
16298,0.3209185660334887
14238,0.23661458266286667
15877,0.23661458266286667
5914,0.23661458266286667
11985,0.2336411909162731
15684,0.2336411909162731
4446,0.42122588736809874
8021,0.5001021743538661
2484,0.3008683569409976
13370,0.3008683569409976
2775,0.24276285216914928
14562,0.24276285216914928
17816,0.3373740670706135
17662,0.34248523847013035
16575,0.272959193049951
14987,0.348524307968994
15187,0.36842102741029625
3115,0.251256278831718
5159,0.10703863080689374
10945,0.10703863080689374
4421,0.3916928822456619
6042,0.3698443614237979
14543,0.24811872416623598
13777,0.3074006592552217
2926,0.35220803327262307
4687,0.2534251816211517
6136,0.2534251816211517
9210,0.2534251816211517
1322,0.26765117640242636
4006,0.2721170661228351
10417,0.22362861938802547
8354,0.22362861938802547
1534,0.3741937863263533
11577,0.40237617600378
7933,0.3059539237019224
1108,0.2767673573241916
7400,0.29706326455123766
16193,0.5654704152719715
14981,0.5260638720980181
18407,0.3643136552829561
341,0.244478281345117
11661,0.43046231452279715
17231,0.31804649543864894
5958,0.3183023898151345
19096,0.3058721235988462
5233,0.30109386401748145
17053,0.2818874691866743
11482,0.44745273937170993
11805,0.34305251173470286
18610,0.2942626423487038
7058,0.28275264659864546
12630,0.258142129293537
4364,0.27931652650057087
101,0.16760907195153613
6512,0.3995955335329107
18978,0.3280366213332586
3153,0.3280366213332586
10109,0.3099200597483649
9887,0.3068005940821748
19976,0.3557524145758937
6039,0.34391584662366587
14315,0.21978431137441667
17723,0.3105568093502215
9377,0.23653516187882748
8706,0.3320041163046367
2008,0.3320041163046367
10004,0.3320041163046367
7909,0.3320041163046367
10201,0.32268231083311943
61,0.3264183724665819
17641,0.3264183724665819
13840,0.26719184673657426
1432,0.2314908478890118
526,0.16041379727897667
8129,0.26741678801286245
18510,0.22785718947610273
11672,0.3242931581663852
10040,0.5612189882239345
18713,0.24365204077329206
12274,0.3116101095656239
2667,0.2677566933421111
10706,0.25208714754108197
13200,0.21103206512314301
11514,0.21103206512314301
8665,0.27743839353761357
19981,0.27416791068331414
10425,0.28702862083254116
9752,0.3725059923100049
9868,0.3862200809119223
3951,0.3725059923100049
9364,0.3438813082777858
2064,0.3438813082777858
18593,0.3438813082777858
1580,0.2439024554759034
10817,0.2968614479258399
7954,0.2968614479258399
10299,0.28680618710432737
19837,0.28765423682540325
9067,0.25735709247084515
10727,0.21747288945760385
4157,0.4279691257210983
6096,0.35185744630367344
11008,0.2437405913386884
13227,0.3010615783340005
17842,0.25308769630247663
15098,0.2760455703329609
10672,0.376037317096073
12477,0.006747345223108886
53,0.23794712587101907
4849,0.47990006081214076
7995,0.306107809470979
20203,0.306107809470979
19247,0.32685373229391934
2553,0.3354407079211915
13891,0.39477513862508007
11644,0.4601756218440845
14861,0.2737869171564328
16551,0.2737869171564328
11306,0.4860209144726243
3689,0.4860209144726243
18993,0.2999377553745609
8616,0.27760134977968776
9106,0.23816899686783904
11057,0.24535372312977172
10357,0.3640368915543327
11313,0.38527931692644285
14111,0.3741211749848946
20136,0.25817041434405097
14308,0.29078095624840167
6643,0.491397563852939
8832,0.3450182428942632
13212,0.3450182428942632
10455,0.26078753675863964
1729,0.26078753675863964
13654,0.2756963034981429
3134,0.2964619410493196
10549,0.5431145752139301
15738,0.2827263446108934
9953,0.26467068738792365
6800,0.21938017775484067
5422,0.21938017775484067
1672,0.3296743826676314
11553,0.24192237736696712
18727,0.24192237736696712
49,0.39033242295642623
5798,0.36077621794529724
7381,0.3031315716425292
15353,0.2596756894543937
11254,0.31317593719717757
4274,0.2164968192668634
846,0.31299121131219765
19749,0.35617041257911736
6209,0.3598491659244982
3014,0.37496457384460957
7121,0.38504146523935623
3711,0.25794103688703596
12458,0.23263541716369188
8727,0.2727239137768346
14231,0.300464306297555
15797,0.300464306297555
11556,0.5914675254921014
1978,0.2844972488201301
447,0.34931558032419513
12024,0.315103412174891
14166,0.308259173585387
7524,0.3606247158150425
10575,0.3335014533034384
19214,0.3335014533034384
16086,0.2851595403860343
18461,0.2851595403860343
13715,0.22266543100410766
19947,0.27270355307795857
14167,0.42568735916995926
11260,0.42568735916995926
14821,0.324273873929385
945,0.31937357355848295
4982,0.3867190398976704
2760,0.3602576598151433
20150,0.2876296203222002
3465,0.10710108899292772
17253,0.23285662658955555
8921,0.22945815558592247
18121,0.5916885855574237
16583,0.2049500161059829
12773,0.27148070808389213
971,0.35377549445277207
6059,0.35377549445277207
15247,0.26249676850091136
7047,0.2352798576444309
18447,0.2604943259950008
12415,0.2922595188888297
12478,0.28355623817677683
14347,0.2601619616016056
16994,0.36676294286231015
9270,0.36676294286231015
11078,0.36676294286231015
14287,0.36676294286231015
14882,0.286787980646775
9595,0.31024619726585373
10601,0.33277687951625423
18301,0.2986675080465238
4568,0.6485851089594817
10714,0.649822973181724
12427,0.12721846250881663
15524,0.12721846250881663
11505,0.3323340338242062
7746,0.3336510943811449
16732,0.3624049588320062
9001,0.3218793304591422
19580,0.2738970168666628
16877,0.2611497519347853
2306,0.2950906997861079
6356,0.296568334916425
16735,0.33253056888525706
18054,0.6408765762568975
3626,0.18972619781386807
11523,0.33414473786550686
20169,0.3588570537536568
4035,0.31436212176626427
12898,0.31436212176626427
6391,0.34596186851063526
6288,0.24244045916747647
10083,0.3019941503844522
15190,0.30295622841602593
6312,0.30295622841602593
9150,0.30295622841602593
12127,0.21964218863922694
7063,0.4126489632950802
17640,0.31749431432189584
15415,0.4126489632950802
15872,0.24860576820211205
6222,0.24860576820211205
11244,0.26244532481650135
1847,0.3052515427994767
14433,0.32799558559214137
14012,0.33071906078050206
4595,0.5617681422842503
12509,0.5617681422842503
6108,0.5017041610716396
337,0.5017041610716396
3173,0.29149179056652924
5212,0.2878095231542782
16748,0.3790222726260862
10352,0.2938314218068789
11022,0.25901202841051524
19740,0.28531011508885545
13718,0.2784510430021958
5943,0.30705093600043515
17969,0.2543779466316427
3123,0.24871633955636754
18860,0.2768125583702869
6589,0.26232888365570983
7109,0.3641791042341831
15991,0.25809923062905876
14741,0.5581862919710193
12065,0.5581862919710193
9072,0.2809208019478893
15312,0.34008798417716
4590,0.35365941983693405
18695,0.26090868323028343
10115,0.2517959213685176
12976,0.26090868323028343
297,0.23972474046544193
19572,0.23972474046544193
6035,0.2961127597047583
18156,0.6183082619383184
497,0.23613261031027794
10262,0.30926577143702133
14265,0.2268705963652245
17609,0.2268705963652245
17726,0.3716097216546874
4342,0.20059367332278433
6455,0.2053653760088625
2803,0.3086195301691582
6990,0.6969467028276555
6596,0.1956260910968997
13160,0.2962431995587341
12605,0.28366443966551247
10941,0.3396398953950209
15299,0.36471669491372916
4181,0.28203544738635866
4584,0.18444619323628594
10764,0.1880821259889462
11927,0.21311293631605085
5022,0.21311293631605085
5020,0.2128653466274066
15905,0.3362031353506577
8809,0.2897073916517291
9634,0.2897073916517291
797,0.2552785526891658
13042,0.21433344357338652
10587,0.5375799985398088
14072,0.2925794966768433
11382,0.30673113568005184
15533,0.37311069437535266
7385,0.3051145277856541
13406,0.25468384438082886
13358,0.24186746737751258
18675,0.24186746737751258
7768,0.30365021752123766
9604,0.30365021752123766
3253,0.680310406768796
5250,0.30112247970931716
9129,0.3911134050865158
18843,0.31826872856732863
7742,0.3327514647998926
489,0.2981765304080195
19565,0.21159622965020028
3994,0.21159622965020028
12619,0.21159622965020028
8640,0.30619221009496667
12312,0.1803980397178369
4169,0.3125817544798853
486,0.3678319500955939
9598,0.3678319500955939
3974,0.36614863960417887
19198,0.387012212445031
19535,0.387012212445031
13728,0.24489262186539995
4784,0.24489262186539995
4932,0.3611387596714716
1818,0.38665234665655196
150,0.3571156888028709
6254,0.3318649643907534
5786,0.3205103233651138
12720,0.3205103233651138
6196,0.3205103233651138
16196,0.2633228704164636
19208,0.6478629632947326
18704,0.18945035257145054
9491,0.3799242248568841
2005,0.3799242248568841
776,0.31082096854821073
13291,0.21655447902023436
10913,0.21655447902023436
281,0.22317109901093318
8299,0.2633995318045888
1480,0.19538120580425009
1235,0.3425432380213743
7307,0.3380881065923431
7027,0.32079812937934915
5205,0.32079812937934915
16380,0.2502295996151087
19422,0.2502295996151087
7563,0.4975703578073823
8524,0.4975703578073823
3467,0.4975703578073823
12068,0.30415316240527507
11816,0.26141786521029914
13175,0.34851871547314905
9850,0.34851871547314905
17828,0.36306388515625154
2281,0.22841309000593749
11220,0.19324032550193165
19328,0.2388343429531085
10054,0.2868930947698504
13014,0.5429466364119128
14742,0.5429466364119128
5937,0.3383991891739196
10974,0.3752922705104307
19093,0.3374539261510303
19019,0.1744164748039352
1638,0.2979778761301685
16359,0.2979778761301685
19442,0.2831213243711606
9012,0.5032967650455351
19453,0.3425023461412775
17344,0.38716857381977826
804,0.2706047494177398
17868,0.2784482177847367
658,0.26803147132384
16242,0.2837582450312805
16676,0.29864186828808903
16288,0.34478238719169246
11488,0.38775748116604974
16150,0.2926970600627837
5331,0.26346332543665346
15203,0.26346332543665346
14850,0.3669449337809896
13415,0.2710513223658777
18294,0.23603291115624658
10614,0.23603291115624658
3700,0.23603291115624658
7022,0.26002743264084577
16032,0.26002743264084577
1167,0.24725541524302566
5594,0.48032536063478937
20134,0.36802792116924526
16483,0.32776132456255375
652,0.3327084598337664
18117,0.2990088995186637
7160,0.2990088995186637
3925,0.3098726645841531
2256,0.3638467000376328
17792,0.3638467000376328
17800,0.3638467000376328
19080,0.3472248734518464
9200,0.1998567074557421
3458,0.35814223419104907
5206,0.35814223419104907
18382,0.2652310834087303
13083,0.19643263699953006
19706,0.19643263699953006
4943,0.3314932879993475
8653,0.3278369470254272
5671,0.3610373934156474
16423,0.25207512974698815
10105,0.3746311476649012
9814,0.34857834664342324
13786,0.24474767283661988
1556,0.20917875767282745
18844,0.3335393231747027
4034,0.6331519532393559
18415,0.22396392629288217
15564,0.20593205924811603
11659,0.3567587513994516
4857,0.17769493000325715
10484,0.25252144349597566
9096,0.35024599416141244
320,0.2780498718231088
19758,0.31125426582581706
20207,0.30293442715846025
14688,0.31125426582581706
5608,0.3453379518403572
2046,0.24569931406791565
428,0.3733690628481793
1562,0.35862375568503924
184,0.3678144366863494
18079,0.2460126358889955
6553,0.35983518785950497
5124,0.35983518785950497
11645,0.43807954931794457
774,0.3205079414508718
785,0.45788645703162545
9383,0.45788645703162545
12971,0.31589413097008884
14112,0.22557040400948336
16460,0.22557040400948336
6660,0.23152819437904265
3603,0.18176993109014453
3242,0.18176993109014453
14735,0.26976444111550996
6322,0.2920985847390648
6354,0.351771697694461
9822,0.351771697694461
13897,0.3491489858400113
15011,0.3365289077427658
5319,0.28305280061868665
15620,0.2862388151550058
2982,0.29324935944728114
4922,0.33181992059337057
13223,0.33986111668434016
18101,0.2803869735909222
8656,0.32562942866271083
15853,0.2398090260761902
18059,0.24035634632559577
4961,0.24035634632559577
1444,0.18747862872502696
20114,0.3227627880154711
19467,0.32613611242767915
8484,0.37745250610782866
11434,0.3290706986015874
4805,0.3217783698111013
1425,0.25318761904440334
4242,0.4356835005986947
16681,0.4086277041977931
1418,0.4086277041977931
4297,0.22726063538680844
2345,0.23235926503965404
4736,0.34661867535641866
8400,0.33128856819340746
12377,0.2784351070675091
18735,0.1785064439010916
12492,0.29559237796660237
6016,0.29559237796660237
706,0.29559237796660237
8540,0.31912984782184306
12721,0.25695443339421503
8594,0.2743463237191493
5416,0.2973198758452515
1487,0.27287848122639546
7931,0.32186980677984156
7819,0.24650109328427083
17064,0.26574460056196203
10093,0.3314729287043305
12336,0.4493651464347961
9375,0.2679090237938759
1631,0.2519043611576659
11779,0.2649083947761927
12431,0.31844366664608126
7128,0.31844366664608126
5061,0.35143394396956196
13402,0.3318476323686985
18732,0.20758591256360734
6416,0.3479288666253898
27,0.28145422855061636
3722,0.31867620010390113
17886,0.26476889918233637
7959,0.26476889918233637
3326,0.3405876475778149
12077,0.321674769513716
17487,0.321674769513716
2176,0.35698940724836425
1429,0.21665865505968057
8723,0.24817784905186133
19912,0.33846553162503223
1286,0.3474197359303
11721,0.3474197359303
18482,0.324579048498849
15770,0.31144251448417504
13440,0.26748257650403695
7035,0.21566048473013022
17120,0.21566048473013022
12055,0.3268538095778687
8489,0.23918159336579364
12449,0.18603824892020085
16092,0.18299163819718722
17668,0.45502405766789816
12624,0.5746004317389658
4118,0.3946682442508976
3313,0.22756997714361443
14911,0.26886308889129945
9453,0.39622355744887794
15255,0.31660303701592585
5924,0.2650077924742569
9077,0.39730993170729834
13841,0.2687207618835786
15282,0.2615426286615653
17731,0.3151946577678382
17147,0.34317712466229267
16382,0.229146932200254
13707,0.229146932200254
3936,0.23672920732823233
3854,0.2694582464718188
15682,0.25279943824075773
19196,0.4132300433989699
54,0.09767253142021895
6028,0.21206700608322301
10015,0.2088946422474455
7222,0.21206700608322301
3303,0.2581222404128775
4834,0.2531356144669257
15048,0.2581222404128775
4450,0.35886048916985497
10699,0.337643043645967
7651,0.233213249880283
9423,0.21152631558733384
17725,0.25331843688588684
7368,0.651389973919277
5466,0.651389973919277
3008,0.5982611883378579
1890,0.32770023563107037
17847,0.3902313179476272
17339,0.25881583571057337
17057,0.24256444081136191
10193,0.2556578494192858
18321,0.25483502444254835
6298,0.3189143305057601
16788,0.18246835250186402
8068,0.19111450850478195
5856,0.2097650551388251
16012,0.3556470233383251
12954,0.17244297785257715
16240,0.3345759205784433
16427,0.33943330365239194
14213,0.25560301209084696
18921,0.2619727542032598
10303,0.2619727542032598
13326,0.23944548537168778
7922,0.2178208292350019
17730,0.23018142428189725
20034,0.23018142428189725
11211,0.22994948443516505
14187,0.22994948443516505
10452,0.14143595030771325
9505,0.20235894465885293
7919,0.3581818014260165
5192,0.3513169524099625
6223,0.22873984028680672
11935,0.3164137933309199
19188,0.31361618917334744
604,0.2587862424102151
17588,0.33481069238579664
6279,0.27217816594053323
12345,0.27217816594053323
11127,0.27217816594053323
13098,0.3893665233581289
560,0.14722437871562857
12986,0.33798369346052654
17239,0.32677300383346797
4526,0.32293635753822003
13646,0.259372182176723
19105,0.22694989705036792
17110,0.2720011146758963
4027,0.1610930104448137
12445,0.2148323118785718
12300,0.19469613011470843
1178,0.23441987739729664
10981,0.30452136633741256
18649,0.30313536149055553
7837,0.3833126543455296
7555,0.3087948430263631
16653,0.373152128456655
4505,0.33034626565506536
18738,0.27888672078415144
202,0.3074541394267046
16937,0.3113235775690255
17553,0.3132172849455212
7286,0.25079333314458624
7139,0.2517597109848857
90,0.30337591002078435
13333,0.30488180591062236
1769,0.30488180591062236
220,0.30993307175676255
269,0.36386646679098034
6814,0.3219338588367321
11115,0.31523431756601056
10602,0.3320902723296555
158,0.3261767201171933
9342,0.31423177166826977
9467,0.41304923213529254
19057,0.33950985514764687
17315,0.31772803578161424
17131,0.38775748116604974
8699,0.2783570323098914
11493,0.31253192141166275
7702,0.3061850584331951
18639,0.3061850584331951
18903,0.3218006976177954
18073,0.2798831391787777
12775,0.26037808663061723
2171,0.2798831391787777
14252,0.2798831391787777
7880,0.2725325634593143
3856,0.3316898257314205
8217,0.3316898257314205
6345,0.30625696724868307
13775,0.31927818677662084
399,0.3163588001096778
7528,0.3866288718963596
10309,0.28963351710417334
7447,0.2757593764501092
6217,0.4051485243612919
12190,0.35799808469439287
13858,0.3227914078872225
3676,0.28446225829952104
4066,0.28446225829952104
15885,0.29872050054362337
6324,0.29872050054362337
10330,0.3181854031872967
8042,0.32652004974024035
7507,0.15577524845600238
13458,0.2960553381132303
8393,0.30275718273784885
1569,0.3369350030395641
13731,0.3693846426809233
6699,0.3693846426809233
9584,0.28463833374638015
146,0.28463833374638015
229,0.2816572659957151
15763,0.2816572659957151
5703,0.301333388245975
12464,0.31541386739740823
14458,0.33346440944740363
17988,0.2601712869481138
14891,0.2878095231542782
7350,0.32379397535940074
7569,0.22108270959303403
6544,0.3123352463250533
9204,0.279064986428752
13756,0.30977456995327646
16457,0.5485263224519301
15196,0.5042171442920079
2741,0.28442329164596747
3692,0.3164582371371708
18984,0.42248809900151796
3476,0.34198997931606695
7363,0.481979635289948
16687,0.5117318295893515
13141,0.2772599737875469
4542,0.28309529106967524
12134,0.3433089925727375
19698,0.39396366147486955
18813,0.2962543314925786
84,0.2962543314925786
16190,0.2997310713928139
1115,0.3531898436169589
10017,0.39038324930955837
9090,0.31770016211792695
19988,0.31770016211792695
5749,0.28609626981354636
2237,0.3293595521023457
11264,0.33329545914862835
10504,0.27846557618188944
2521,0.27846557618188944
1096,0.27846557618188944
11436,0.545295949415894
19849,0.23377880936251424
19470,0.2593339452201728
17483,0.19423178246196007
15515,0.19423178246196007
6657,0.3562792427752328
5204,0.29583911830367493
12878,0.3437389844630122
8444,0.3351136672913744
5418,0.2806257030969833
12631,0.31130212012657177
14584,0.46434618823655505
9464,0.3415964969316079
1319,0.4669527016887268
13419,0.30859032318091806
6009,0.30859032318091806
5071,0.2857595317027347
9846,0.28195043372860235
17026,0.22123980784229286
7427,0.36829653458734674
16411,0.34641454868855437
145,0.3528229385305266
18155,0.2254222555325438
19483,0.46008300415200154
178,0.33714483579145327
3728,0.28633733179744403
15622,0.28096162502765437
4317,0.2871685854168685
3240,0.34101930950988424
2245,0.2257567243882533
1227,0.21629487764374833
13642,0.30191052389749007
7247,0.19823414046548193
7202,0.19823414046548193
7436,0.2082178805375161
10840,0.22429832098723457
14662,0.2328939270182814
9245,0.18963408269043913
19044,0.2216213173339859
7691,0.3448146877157645
20183,0.3590069588810605
9764,0.3386759949796367
10119,0.24168224207073624
13349,0.2518901308693456
5889,0.2767673573241916
2571,0.33388728992929917
9361,0.21534154871133404
3742,0.19779109688414043
2385,0.21534154871133404
15690,0.24929110730997076
7824,0.24929110730997076
3149,0.248603463331776
7096,0.2868916465744182
7495,0.3680779067792115
12398,0.23803198080506852
17970,0.26225589408293665
17604,0.26225589408293665
13364,0.21688784069321845
19630,0.21688784069321845
4745,0.28506929615229665
5753,0.2974448276096558
1204,0.2974448276096558
19026,0.2952079009227217
13700,0.2952079009227217
11419,0.2682494461229429
10297,0.4388590744158932
6586,0.6686932641445802
3109,0.24843150248192628
1242,0.22893391838547017
18217,0.29880754869246334
14313,0.2794700059081255
14085,0.2837281574399443
8869,0.3048780449434634
5176,0.5501422934488294
5538,0.2795219177236887
9468,0.28329134100014
17386,0.28329134100014
19877,0.24709247632626333
16065,0.2259601036559496
7811,0.2259601036559496
12201,0.25472806882730414
15865,0.2957768203859025
7870,0.28930842751500013
14367,0.3157490732388183
19598,0.27128017619518136
14359,0.3827358801038139
8041,0.3827358801038139
17188,0.19142119631980148
11643,0.20978762691843816
19427,0.3047799104815769
5541,0.2541305623274614
14094,0.2110395584783814
6425,0.4044877324813282
3729,0.3059264183215207
13579,0.5889710986081489
7481,0.1021900217541136
14491,0.20553673965523955
18418,0.30983321353583715
15618,0.19948735332916517
8773,0.20643249323296992
20060,0.10490570698901375
13272,0.2977418859668384
17456,0.2977418859668384
17003,0.31796264537525215
19553,0.34716556091644224
13430,0.20813715861191817
6459,0.5041291235451574
3399,0.5437943563654012
11129,0.3280569884811427
2631,0.22880452921846106
16792,0.22880452921846106
13961,0.22295419103541697
3488,0.5460990534679937
1269,0.2515783956594631
3935,0.2752376788945907
8630,0.2752376788945907
19552,0.2752376788945907
18614,0.2954893031150351
2457,0.34382217098445106
16163,0.3185419836040053
4098,0.3083099364432461
19117,0.298343980230665
6963,0.36797920577652166
9225,0.36797920577652166
7006,0.28146809762026015
840,0.47155284297583755
14451,0.2788202073463961
1981,0.1898307390488
9979,0.1898307390488
18832,0.1894870069122845
12066,0.33241978651678605
19100,0.344988283814356
5249,0.27532769107348765
3529,0.25006139898033314
11811,0.28329255229425354
12216,0.32298947922393095
12840,0.3382509696401802
15731,0.3382509696401802
528,0.2661343912745983
1775,0.27752638506717114
4109,0.4040632338343613
9621,0.38257130945448964
5277,0.4040632338343613
3098,0.4040632338343613
11104,0.2959453215579513
11734,0.2959453215579513
12913,0.3023580393207169
17474,0.44437471776839516
16432,0.26174885259145414
10953,0.26174885259145414
12035,0.30818624555594964
5833,0.33883412095349863
19335,0.33883412095349863
5404,0.33883412095349863
5103,0.33933917017973964
5711,0.3727176115437306
6478,0.1847340067602797
7977,0.24888235466061112
19303,0.26551920796784867
3820,0.2947806895184958
17478,0.31354135506935465
12120,0.3292411823042632
266,0.5204426782781859
1662,0.5204426782781859
18578,0.2800654516915586
9135,0.36566784482739084
6088,0.3681301689406563
9998,0.2808320289884928
18880,0.25380805487107
10088,0.2959393044153845
7668,0.33949566606471865
8231,0.39929046920417355
3695,0.33455207849561475
17881,0.5093243377016176
15256,0.380834441181582
1907,0.3517715562055251
11359,0.35653828688408584
11712,0.35653828688408584
5787,0.2648156055182086
14060,0.32764431622190954
12874,0.35249979313555146
14241,0.3756914202946354
13131,0.2147650767383078
11939,0.2147650767383078
15058,0.2147650767383078
7766,0.2837547568466043
15992,0.46668552354234594
8121,0.26298050774143245
6265,0.28108693999556117
3417,0.30028676524357484
9092,0.1918335107466582
10542,0.2080028489755329
8032,0.2642774349330132
11025,0.1907432513487786
15751,0.1907432513487786
16564,0.1907432513487786
232,0.31878817711533036
6983,0.29690181812174593
5447,0.29690181812174593
15869,0.29690181812174593
7421,0.2754836775368227
3051,0.2436669380622025
10787,0.2436669380622025
20165,0.3415633153152219
12533,0.219576756949411
2278,0.219576756949411
13243,0.32579138871452257
12621,0.139932714339989
15213,0.2866385844368769
13635,0.5568181899030101
8008,0.20266370096778033
17171,0.2324934921987986
3978,0.2660076814184704
4743,0.31254614919323354
17376,0.3683398683261816
3259,0.2001270006593879
15640,0.2882470713661735
15537,0.2882470713661735
11258,0.3401466586460064
7920,0.2681274999146597
4503,0.2127621792664669
3327,0.23193856016088432
3836,0.20529182028000373
367,0.3293595521023457
139,0.3293595521023457
2621,0.4882289164955792
2516,0.4882289164955792
4672,0.3303258089215458
4087,0.3619774608062443
16913,0.19423178246196007
5826,0.21804102099951755
18273,0.326016550927817
10502,0.326016550927817
18928,0.286537222280695
7437,0.0880985969434585
13980,0.184127214402044
12905,0.29436302258773483
2969,0.3409916351011779
4836,0.3447210823628155
15300,0.38428085712113913
6939,0.24960460665764322
4001,0.33153967168619736
11082,0.19524232020602636
1674,0.35005600420912497
4142,0.31881621565115636
13520,0.3514900339527012
5065,0.27725089873853126
9263,0.18682128628661435
17033,0.17186927149399206
13246,0.3615416751417597
14248,0.3096301979884651
11321,0.27951762797877544
19414,0.3266443082222894
20144,0.34111328983051015
9212,0.34111328983051015
20214,0.31177474440212166
5493,0.1775125490373132
6705,0.1884248143446136
9175,0.1884248143446136
4632,0.2402482779642998
11652,0.26206718826258957
12900,0.2488734618799268
19211,0.22680653937845868
14897,0.22680653937845868
8836,0.32456942552453266
2078,0.32456942552453266
9408,0.33469216968121085
17864,0.342648289867025
7797,0.2108689524254772
17817,0.3075121918325814
18243,0.3075121918325814
13278,0.2743218130149737
3917,0.31321501241360605
4984,0.31321501241360605
2034,0.26496306740883535
12210,0.20813668572548233
3385,0.2931250903264857
15538,0.21323996290809522
3373,0.19661957563084212
17083,0.2533668343047754
11527,0.21992610022712494
18477,0.21565640254212068
19564,0.1968888604397805
14663,0.30602776541122706
6575,0.3106685457754542
4184,0.2753734297831868
11739,0.32465023938323356
13880,0.3094941508186711
7534,0.34942323152813337
13289,0.2084425922829812
11273,0.3796432051380411
1658,0.20454046937878018
17251,0.3563005002182841
17981,0.3518600070621748
10285,0.19085539355681708
11293,0.23646059308785317
8208,0.2673219269926884
1715,0.2673219269926884
1161,0.2673219269926884
18146,0.3164619216925382
5558,0.32102607719094
18419,0.2520466964233359
2956,0.38240452498716
592,0.38240452498716
17675,0.38240452498716
10673,0.20407776931826282
10078,0.21404782492128538
1530,0.35214488609483896
14628,0.3080750935750102
12964,0.3402176664364417
2811,0.21841573661298036
8102,0.31503747364143686
17384,0.3164334945296716
3977,0.3715531970149308
2770,0.3715531970149308
3351,0.3496936782146304
10347,0.1886707360364926
8726,0.2590318370949082
13998,0.24757709109279208
5788,0.24166615243670084
11640,0.2897771212156832
13931,0.19631288727383778
20248,0.3139467733848705
14857,0.3139467733848705
11937,0.3745111029064556
12937,0.3745111029064556
15562,0.2815952198029549
5899,0.29255623217355675
12317,0.29255623217355675
17777,0.29255623217355675
15336,0.22846636672918444
14776,0.2542307591636682
6786,0.24929720780705306
11265,0.2896481093297864
13190,0.575426130851704
10610,0.22362321008186636
6395,0.31452937041093504
11959,0.3153482099518625
13263,0.2245187653790568
12730,0.23826721910121662
17338,0.258297233860448
17299,0.3513880083810741
13752,0.3277129056648847
6226,0.28661253788066016
16152,0.18159438762863145
2872,0.5373880246033705
20191,0.28277886613764786
3483,0.28277886613764786
15658,0.3289734416934282
1790,0.3153956795223958
14019,0.3153956795223958
6123,0.24346224268861724
14989,0.24346224268861724
7505,0.2503487820639167
1026,0.2503487820639167
15806,0.2503487820639167
14645,0.26922933116592074
1291,0.2804063197516676
16128,0.3283825049001836
17047,0.28163456001444886
3013,0.2309665648417847
18576,0.312353732561442
4560,0.18134322416017457
4528,0.2601638162497626
19755,0.2576600241434871
19946,0.2631784184945133
5994,0.2568221698238018
13056,0.3294768746824336
18093,0.235407868041707
7873,0.292812433207676
13829,0.29748369645880485
12950,0.2663716942585278
1885,0.2663716942585278
9617,0.2241171121068482
9231,0.2241171121068482
8789,0.27071050725197965
17936,0.2902572593021129
13361,0.5076365021833842
14393,0.36234289258246793
18758,0.22866568253115965
2316,0.2114406878622735
3316,0.29168100077821346
1310,0.29168100077821346
6640,0.17055333826987817
4178,0.17094978565136656
11023,0.17094978565136656
12926,0.3263524703382359
4649,0.27110562126820437
15747,0.3168659549625269
1354,0.3176241558437782
3243,0.20208245264846836
10318,0.2711916149253665
12051,0.3493118251260036
2071,0.33760399876678926
18973,0.24090790696710462
15648,0.2774025087888639
1253,0.3574376914009197
11599,0.2246757196993509
3087,0.21865672031207944
5391,0.2755336759958329
944,0.27854155898639843
5028,0.2714636707878919
1595,0.10995848421836348
2266,0.22205690133029599
11955,0.4524417838838547
7715,0.35796536552726554
7692,0.3273409981107562
2727,0.22739340366652053
8738,0.22739340366652053
6902,0.22876683037976794
5253,0.22795440225614266
3493,0.28838124170379853
4844,0.2773621797913075
4138,0.27452304225477464
408,0.2773621797913075
16358,0.2764048726735904
124,0.4004533237779192
3598,0.4004533237779192
16306,0.5582719904356713
5814,0.35453637172577773
11257,0.33075113074563517
19274,0.31048325570017427
7781,0.31048325570017427
9999,0.22657815812052112
3362,0.20347155335637082
16513,0.34791637432496536
5907,0.3125527616717122
4826,0.29539743567082655
17512,0.2705034972598683
6887,0.3220057108222415
18744,0.27684908759635063
2402,0.20699808543699005
6311,0.24419321269088803
16439,0.3148287324009912
19543,0.22235465787412115
3776,0.3051878287751681
16960,0.27710030734729985
11188,0.329272444644842
12433,0.3234305799785708
18855,0.28828795661482154
15709,0.5752220582070092
18458,0.2260043672289762
11887,0.2512710902631741
4531,0.2512710902631741
11510,0.21195571949059805
1044,0.3301607128737072
18380,0.3333522538323417
5588,0.3019518094034038
8292,0.24363827041529734
15931,0.27678468171198634
2706,0.2804063197516676
20073,0.22728121188913317
10316,0.33307409137377264
17507,0.33307409137377264
17350,0.3075110131125575
2445,0.21051747982050567
17048,0.26762162408588924
18837,0.2166144396003345
15330,0.17984241946898047
6704,0.17984241946898047
8408,0.5280339694734549
6827,0.5502308837365256
8704,0.2604840200155378
2673,0.33195345438140456
4593,0.28763415802885944
10009,0.28763415802885944
14568,0.31499187957544106
5074,0.2613320830081452
18998,0.2613320830081452
2763,0.23077355731221869
10005,0.23077355731221869
6835,0.6132911076083363
9238,0.2160722781734645
15993,0.29263172895812656
16801,0.2824421736362798
15320,0.28680401006380263
3646,0.29607761644588243
7744,0.16458321235692397
13021,0.255197403038276
12888,0.3516192369224437
20177,0.3504486974909087
12519,0.21635942881309825
16606,0.2404032906074558
13314,0.4275024293859959
2798,0.27505638956968687
15252,0.2810696532729156
1915,0.2518424303222135
1348,0.26786883823962127
8724,0.27613855806051646
6453,0.1860447664814754
7527,0.20741824854057817
43,0.4176983047181849
3496,0.3324665741619342
16980,0.3082218187949066
5982,0.21147063131580357
12723,0.21147063131580357
17888,0.13076921042502704
3122,0.30067969902933467
18949,0.20832160202805672
10664,0.23746800355072648
11913,0.271187038770031
6792,0.339076239811785
5385,0.2489275302558281
15260,0.20177474644666782
19882,0.63271167185586
2062,0.17051895397057068
16706,0.1577434224045331
1500,0.24607543467002263
19260,0.38359488842950384
13565,0.38359488842950384
6780,0.2680993477330244
9466,0.2894242855765047
11145,0.2883783061735428
19297,0.2778403785900121
2127,0.2778403785900121
19510,0.2225922086062886
14372,0.23777325978707603
2862,0.23777325978707603
12481,0.2880987009474684
14809,0.39027027916379975
14844,0.21003874496238567
15947,0.20958584803102714
12931,0.4752593032602858
11528,0.18275809973692186
1894,0.26779634540826835
10351,0.2880987009474684
15733,0.24017826568027623
19094,0.24017826568027623
13973,0.2685562734711564
10620,0.2685562734711564
14129,0.4236966885037747
7120,0.31105845717211633
8502,0.31496943331836197
11207,0.3063045892182433
12523,0.3063045892182433
13347,0.2756181066813908
8666,0.2389684923405428
335,0.2715952669606604
14953,0.2715952669606604
11414,0.18401349944352094
18184,0.36962368756361413
20106,0.3685818948885802
9054,0.3685818948885802
10627,0.29898254056979506
4307,0.27429732314061295
17464,0.30693983925470125
17486,0.28999903849514946
742,0.28999903849514946
6229,0.33717234505805715
16945,0.33717234505805715
8900,0.22106869482790922
7669,0.30342908433233684
6813,0.30342908433233684
8581,0.20629455385619128
1267,0.20629455385619128
1941,0.22499526157730196
1258,0.17056798659397024
15746,0.23840253015536797
9907,0.4149958456121068
16790,0.2901082259012153
6308,0.2214624702457565
13451,0.5128834714665266
14153,0.5434666011254099
16701,0.21945468242600763
6389,0.22839930003860945
14780,0.3853527523344357
5582,0.257127626635737
7973,0.21519321121137652
15214,0.2435352689710929
4979,0.2435352689710929
8378,0.33340954961588076
19700,0.2770529583271012
6614,0.27189239069775045
8077,0.2770529583271012
17243,0.22365428172271368
13310,0.2803560688939491
18749,0.27928297004929786
9159,0.3289499209964334
15279,0.3198679123813097
15139,0.19971795277842452
17174,0.23265546957884048
9795,0.2891589157358286
10030,0.32595761446087285
11286,0.29255623217355675
8720,0.49564615503849
6378,0.20472025357255474
16758,0.22028963328068513
10736,0.22028963328068513
4071,0.24285957279244258
4294,0.26616699128822324
1813,0.34609010854970546
12848,0.1814236064644563
16436,0.2301412641325569
19792,0.3511298974384558
18868,0.3511298974384558
16202,0.28193624198804884
9474,0.2366617453544167
15697,0.2831242232119365
15234,0.3900580634190617
955,0.20285670557807234
15327,0.4709604579777055
7016,0.3295117733890831
94,0.3295117733890831
16299,0.3004085231433874
9833,0.27634699962632797
18888,0.3474903387709577
1512,0.3474903387709577
9328,0.2930099886473699
10033,0.4614992362985191
15156,0.4614992362985191
9666,0.3632973446039292
20046,0.26588048964838706
1181,0.3454538544799271
15034,0.22133888031497356
15406,0.1899929260514446
14108,0.2582803169331359
10794,0.20036865061002676
9187,0.36629281985500944
14796,0.24412629000110164
13428,0.3289714030086843
19865,0.21681433330223182
17989,0.2854607436842644
1974,0.28842271800727604
4439,0.18284835368417934
16273,0.3063380296520039
20118,0.3217486124784142
334,0.18290725373045452
8968,0.20783974596585214
20227,0.25513307636710897
10348,0.35007217666127743
13400,0.322395650611087
15025,0.35378700100203053
5478,0.2887936837279577
16100,0.29149005473888834
7457,0.19401285938997678
9693,0.23722627918340208
4869,0.321002529465521
6179,0.321002529465521
17427,0.30648218178046005
16885,0.2470690927503138
17292,0.29614459645745084
67,0.29614459645745084
9518,0.32239849953189564
4633,0.32239849953189564
14979,0.21231868067618068
8566,0.35623409512941595
13617,0.2651806223170429
9703,0.2651806223170429
16422,0.3224439305565132
16338,0.27790568329203746
3620,0.3261163045602375
9667,0.2509554226938483
7333,0.18674135141616183
4778,0.18417717766513347
11853,0.1945841814930771
267,0.24915106973342452
5520,0.12282999100989873
3582,0.25624670797176974
2812,0.3341622109033094
523,0.25965932138942244
14931,0.25831757181089265
13231,0.33604179600231243
2580,0.21543162623972623
9674,0.19415411805726407
6353,0.4156829739968023
707,0.2786150061762852
12372,0.2654411823648693
11968,0.2654411823648693
12212,0.322885889254784
10003,0.31934714544154447
2289,0.3229562250779173
12892,0.37568435646554244
19594,0.37568435646554244
769,0.3649401457504739
15217,0.217704361320549
1903,0.19893570256253473
6675,0.2003039338228984
15810,0.4093662672397008
5089,0.2877090651975361
777,0.2702654252565368
7757,0.2735699675542214
18916,0.3159039343513262
10331,0.20606615694232097
9073,0.20606615694232097
14471,0.1895445999658028
1064,0.21193344594958305
10844,0.3448796403629274
18026,0.32002068587506804
12272,0.30853663358582933
7395,0.18049812257480324
9267,0.2900791092493804
627,0.26775524548233387
12577,0.2829171224673752
606,0.2829171224673752
18645,0.36571273777800584
5780,0.36571273777800584
7250,0.21452145697575342
13798,0.3564764500925197
14843,0.19519847155665537
14223,0.3375063160314041
18665,0.2803278288725511
14773,0.2683388619933697
13218,0.3215529487674261
14243,0.35046397399401685
5661,0.3714624679020276
16004,0.3846651565368931
20147,0.2279428018842367
16995,0.4669978160308389
15159,0.4669978160308389
6883,0.24377258194242396
5528,0.34956580371353707
474,0.300887045034272
9209,0.26018786908330876
6163,0.2709122581936868
13454,0.2709122581936868
3841,0.2349944049038904
2789,0.26135547528066705
14031,0.21121000742263651
15132,0.2214392500656232
9203,0.3210689427661445
16062,0.3210689427661445
16771,0.27867789256426223
12198,0.2531356144669257
13550,0.2663490601176822
18768,0.2663490601176822
9615,0.3387015521142705
12017,0.30341944297164614
9316,0.3405715562221876
11394,0.25236358270804055
11860,0.21696315682921524
13583,0.3032096429621241
16595,0.25747319269794544
8963,0.29791534151558546
834,0.3021654306812248
4208,0.22461082860041737
18399,0.3555737525204173
12714,0.3070239362399377
18569,0.3070239362399377
12915,0.19939837278624375
15943,0.22705630297455542
19039,0.24963440219473113
17279,0.36006246731365876
5974,0.36006246731365876
17871,0.22044168600207864
13903,0.21740778923143797
105,0.22044168600207864
15710,0.3246520995720039
13625,0.21771334979958168
13710,0.29613047928681274
19378,0.2664285804073071
17415,0.3203025556728871
14655,0.21537384551583968
16149,0.309861824714544
15574,0.21793494748814685
11612,0.21788769943148772
5890,0.21788769943148772
10369,0.2954008994077876
13268,0.2954008994077876
12069,0.2440358445601592
19550,0.2969148238544211
2080,0.3120342714826933
20112,0.29483469433412895
5500,0.195827844101977
6405,0.3125497224793608
6893,0.39867336599829395
13090,0.29805583747847864
17537,0.3178277213563185
17780,0.3019842910403892
6709,0.3019842910403892
19266,0.2062512498226575
663,0.3137995716887387
11489,0.28610658079030266
8443,0.27697450112732386
18606,0.27697450112732386
12592,0.4365789367790291
15329,0.28650577177487435
3024,0.25678197454758606
19970,0.25678197454758606
8642,0.25870759633563994
4010,0.3063300560085318
369,0.226156727752659
6573,0.1895018797678965
7143,0.35135026833589855
18356,0.4041644191661003
18049,0.2896667073704137
2806,0.2896667073704137
18423,0.44092432885216315
13850,0.30123959981295534
5514,0.2570875389853698
7360,0.31013573602455025
5017,0.2570875389853698
18229,0.24388685170962948
4423,0.26614607230064863
19435,0.3058821292832784
896,0.30258068999027654
3076,0.2813136258023031
14440,0.20812071370284868
15825,0.29324935944728114
6186,0.29324935944728114
15981,0.2906846676807569
4669,0.3037232466182188
8980,0.20743104575045646
14583,0.34736594567271073
12075,0.2622098374003705
14738,0.26834806577807
15919,0.32426513168454896
18506,0.32426513168454896
11455,0.3901411440005121
957,0.2994791518427942
5537,0.41513198123770334
5377,0.3036187674522987
961,0.3469292121306972
2377,0.3346567849538176
1206,0.3346567849538176
6002,0.25929063231005123
10170,0.2667878654944915
261,0.3025501756319484
5091,0.29598113855637287
3654,0.5709690924028135
7913,0.378141667697393
2877,0.378141667697393
9661,0.25505878285278594
4803,0.2729627764274816
14354,0.2818059451642864
5672,0.42565598295207363
19191,0.33329595136984724
15796,0.35993583668179185
8222,0.4369601589368191
5705,0.2901335616851271
5824,0.2901335616851271
1937,0.2901335616851271
8282,0.2654657775164459
6475,0.36890255006905487
15673,0.29083170523860713
2918,0.26766222811312906
7795,0.2278752279161951
11806,0.21750743806382278
5488,0.27416410706921807
4127,0.24951166301114397
16565,0.2810995934764276
16267,0.2810995934764276
17383,0.24951166301114397
8157,0.24965417336160772
10157,0.24965417336160772
19063,0.26107102075382815
12920,0.22435427027681631
6844,0.26911301252101527
18535,0.27367030374251594
12698,0.20661156581270043
14716,0.28574884521165167
13677,0.39493567111291566
14842,0.21023511180350052
13019,0.24655666343630706
4190,0.24655666343630706
20039,0.26355535942782465
4084,0.24628855581859826
8861,0.24628855581859826
15295,0.3058762830105313
9421,0.2598968937337822
19969,0.2373362372873072
16459,0.25110603179651175
10402,0.2712374066104721
2753,0.26347158038601687
18469,0.28793038466024823
9641,0.30726309493996773
20129,0.24529681035698386
9835,0.27577755511237356
15749,0.2708959362359959
8449,0.2103692765768889
15194,0.29593280836090313
16695,0.30328513482614017
195,0.21231868067618068
4199,0.23051339878135488
10565,0.2327757276931664
15467,0.273280859699395
5047,0.24071526452516806
6506,0.23394315637539462
10388,0.23394315637539462
3880,0.25759726134168015
18295,0.2548761688028448
2843,0.2548761688028448
11778,0.25437035676484704
1796,0.2579303979832401
15611,0.29211185072848317
8586,0.31760757216533286
8425,0.2301814367149207
10513,0.24538325073870162
2361,0.2408600715175921
3608,0.3160165772376189
19113,0.3065783143174652
2327,0.24200054986714448
10994,0.27842438493212746
2717,0.22430184390937113
19236,0.2342076093257956
1615,0.3264322151254823
401,0.2480728129697068
10784,0.2480728129697068
19812,0.2562805396822588
18176,0.2694034525157367
2403,0.26821227501186323
12155,0.18724527197791999
2177,0.24904790958415304
3780,0.24905518836619583
11080,0.24941521555838825
4854,0.2665451485852543
7802,0.46668299659983725
18561,0.46668299659983725
13344,0.5783128439136804
10584,0.6135912362619066
16147,0.401118033336669
4863,0.34017484326223596
4969,0.34346737758098467
5504,0.34017484326223596
396,0.27687046363296325
10466,0.19586508725529694
15628,0.23906304344172333
19713,0.30256501400195934
2319,0.26906353392680443
864,0.2361016512749697
917,0.2361016512749697
3233,0.4685565315172501
11667,0.1468647891653657
14386,0.3144711656496566
13682,0.2498700574335383
7392,0.3129314206359637
17572,0.29163846344028316
17073,0.2605486879025164
10131,0.2959631104220601
12400,0.24580794744316525
19384,0.339928392466124
17601,0.3163999877405168
1613,0.2984785028959997
1757,0.2906474231478778
14758,0.2906474231478778
17416,0.46331109122810865
8558,0.34085870099705395
9097,0.2697114180029211
14880,0.33546296447875745
14622,0.3220504962397991
10518,0.30360441886669703
16336,0.3254892511523857
1307,0.29446301749139303
12009,0.45113067312507027
17316,0.33463508587268154
10026,0.25397545610473604
15302,0.2880536016563492
10468,0.2413399334057348
10478,0.3119705387209187
19030,0.2988801921777113
17979,0.452621189188139
19516,0.452621189188139
2141,0.452621189188139
2357,0.2775592246241161
10793,0.2627420525231892
10142,0.17084704182474197
8803,0.17084704182474197
4039,0.31318639282708716
18177,0.2889444863077106
19037,0.3212743083743038
1113,0.2874099929386793
16022,0.40746190741195576
17926,0.3400747283876292
7949,0.3032060066379737
9761,0.26550543989220055
4631,0.295800615097899
3446,0.2609844983956602
12298,0.3827370654850029
16755,0.31173031076300267
6668,0.2744590220535228
5161,0.33630735589193267
4670,0.26138019720791944
11399,0.25136622463584934
14607,0.3040611611657385
11210,0.4172767187121993
4798,0.28506494055122483
12801,0.2828406429467928
18814,0.26682860731433755
10063,0.2528905953533355
751,0.3061529078335633
8069,0.29502297482039463
14339,0.3083579299810076
8332,0.3330149431968109
9493,0.33845494790979913
7731,0.5487000058799449
7584,0.26730156037871994
7551,0.32573412067079055
13806,0.32573412067079055
18573,0.32697969424519496
3121,0.2521839775277181
14438,0.2521839775277181
4384,0.29989318777756174
11445,0.30836645123266776
9561,0.587644544961273
7777,0.31866981824124313
14146,0.2885771446424219
17678,0.31969737034754653
18437,0.30436622796927093
17049,0.24890220299948118
15308,0.3434997023519173
8855,0.282013666454302
19974,0.16578781874035042
4737,0.2340009195046921
17728,0.3816780118935348
8875,0.15614672756601303
15006,0.34237422181611477
10934,0.3644673053101583
16151,0.262147834959787
8381,0.28453883901940696
4395,0.26730675797918907
4680,0.3025126929765792
2373,0.28853526810447805
1495,0.3010255343721658
12159,0.3010255343721658
7412,0.3026286975184476
8660,0.26159426334378433
19870,0.2217207716362532
19177,0.26159426334378433
2605,0.3024545312523512
9100,0.31858079858161104
10785,0.5435334963843285
19195,0.5321419645086177
6652,0.2766856260269706
16425,0.2766856260269706
8402,0.3644673053101583
16603,0.3644673053101583
10984,0.3183628071606567
6598,0.3025126929765792
14804,0.2545660692288821
14546,0.5784686320795276
12658,0.24808605527989497
3441,0.28593423767605014
13537,0.3106355964840659
20205,0.30484636679534394
9614,0.5861735944153136
5804,0.31603275191707053
15018,0.45666495301289745
10055,0.34210834436464366
6224,0.20518611255827587
13946,0.309073732448807
11509,0.30647330982370136
10,0.2728361951476601
1677,0.2911838221406179
441,0.2911838221406179
2908,0.3623533122112351
194,0.34332298822288687
10551,0.34332298822288687
11012,0.21665855123265743
5666,0.4577369106020047
14569,0.44069241687001715
4671,0.41781720384275267
19440,0.2933878462226692
14641,0.19712713870317278
10476,0.06769470431058855
1563,0.5518678748752991
15609,0.23342270084344846
15496,0.3171854616609249
7267,0.3171854616609249
1572,0.2083409938656029
7029,0.28618323005510266
3556,0.24108527998353388
16399,0.24108527998353388
13386,0.5855904396857015
2513,0.5855904396857015
4390,0.3781983206820848
13439,0.28680183670205817
8516,0.2793203852926699
11557,0.2231098384209973
2816,0.4926405024246553
10633,0.2074391924750874
1709,0.33649546432829336
17133,0.33649546432829336
13398,0.33649546432829336
15638,0.32702008475839095
18442,0.3019518220952437
4926,0.3019518220952437
17004,0.3771186275530013
915,0.2840834785220523
699,0.28907276199123966
1318,0.44512699202803097
6897,0.22609549426538697
7671,0.3248277239924616
7496,0.3248277239924616
18656,0.35448491794763526
13138,0.336783821240648
4534,0.313877876292
325,0.23601033663257417
15722,0.28360112970027124
3044,0.30084737559870767
8017,0.30084737559870767
4679,0.2980029389990183
11628,0.25371159816069877
13532,0.2918516401868617
10573,0.4692639133686621
4962,0.2480302160495147
17104,0.22834978055870261
12219,0.29565021120225304
17282,0.2065695281892352
16691,0.3204798967793479
14222,0.3204798967793479
7100,0.3204798967793479
7032,0.3150345695409713
18007,0.31699437547068876
7754,0.22736508815311812
5860,0.31699437547068876
2334,0.2248719939804366
1129,0.31158771739559116
15702,0.29032014815122703
2162,0.3185176557842711
5316,0.3230249657263659
18640,0.22864910515209513
13514,0.26933822657559103
15977,0.32949669229543316
14461,0.29155951555689996
9445,0.25342568635210033
13114,0.28131755907861244
1692,0.35261384599751067
5639,0.35261384599751067
2638,0.1867100690149775
11143,0.25948161822681565
1163,0.26223510548153933
11490,0.26223510548153933
17835,0.316402348502561
12173,0.33076833761580804
17318,0.33076833761580804
1245,0.30898301073431494
12304,0.2314710280582548
18166,0.2725242092276601
13405,0.29901162674940934
18509,0.3271116194737068
9329,0.3271116194737068
9885,0.3271116194737068
6094,0.2504294660884074
4337,0.34633660509581937
1428,0.3500614004365269
2625,0.28945312072679596
18747,0.28945312072679596
2460,0.38590359910307215
17148,0.38590359910307215
4729,0.3854036034938265
5736,0.2837191485652137
14752,0.2837191485652137
206,0.27235138905960804
10582,0.27715220731028073
584,0.2826470362125373
740,0.3382273766143975
15656,0.3382273766143975
19875,0.3842574564058301
1939,0.47333519816348807
7011,0.49891061209327103
5222,0.33998264700420583
6199,0.3366078067948438
20211,0.3689355561793925
16890,0.3689355561793925
5469,0.30169045270116596
8658,0.30169045270116596
18718,0.3179725179100833
10111,0.3300050032979497
3300,0.3189298255467809
6044,0.31522668779684876
16387,0.3353820641643239
17366,0.3697956980384306
1874,0.27986475589707926
20117,0.2491244591372318
12026,0.2491244591372318
1835,0.2422128453694038
8535,0.3134218341175228
14104,0.3134218341175228
11050,0.3189298255467809
16648,0.33839417920313564
9079,0.2488539684546225
15954,0.2488539684546225
16144,0.23908379504530264
2699,0.24364833569057043
12193,0.21158891911475058
13002,0.2425721683464199
8155,0.3052627523958628
19404,0.3084483937425786
3627,0.6167247478366564
19313,0.5464872590278967
19497,0.3154380910140294
11876,0.25281150486556314
13394,0.2410169510833387
3275,0.25281150486556314
18671,0.3621287206417659
13800,0.3249875158144312
9741,0.36798165420557
13554,0.21599766234029932
9350,0.24761228341508495
8638,0.27891729516080477
4383,0.27891729516080477
9793,0.23702610911275562
2596,0.5129159164807948
8380,0.387681332214631
17630,0.2927824993037641
15325,0.2927824993037641
16183,0.5718314139325613
17698,0.5437119554484873
18162,0.5718314139325613
5381,0.3020280391444879
19688,0.35383942481896735
17808,0.27701738899747563
4617,0.2826600092508529
3261,0.2826600092508529
15598,0.2762430683669554
20059,0.26435497853329915
17899,0.28733923704287123
4696,0.2694701231469429
5725,0.40340445313982687
2370,0.31374414856043265
954,0.265270508836336
997,0.41700704407765754
16058,0.40817497943084335
17539,0.31278559518859983
14273,0.24286944530862759
625,0.22292435046742864
15678,0.3293673214519343
8895,0.261924336984071
9735,0.2546703493025418
14197,0.31201513029781797
3302,0.36824762954701273
8294,0.39234946758091016
15999,0.5869090712517923
15725,0.31315638368858223
13035,0.2919817835280693
15021,0.2708992872732777
16623,0.4775747605046083
17803,0.34192143552014914
6170,0.28944595995080113
10813,0.2797337565732561
2904,0.19703153327109624
11469,0.3609363094983009
3065,0.20214841163546018
7013,0.24408351018441748
2880,0.2151162811474882
6514,0.2608315873584214
18902,0.2800174740243356
9126,0.25532724597456435
5046,0.2607463389815295
19120,0.3659655829844147
6524,0.6754368077100131
19147,0.6754368077100131
16912,0.34663062227411323
19768,0.36838527517794706
17228,0.3983961315129546
290,0.3575999135591693
389,0.3147643183702107
19887,0.22339670605022607
11864,0.22339670605022607
12969,0.29257364521229295
15341,0.2797753429218298
809,0.2999600791237594
13779,0.28918205349957976
5398,0.3146591050573095
18132,0.6686086593955194
7774,0.34360348260084783
2882,0.34360348260084783
4907,0.19721894364179152
18403,0.21076002884680745
12595,0.32471413185411274
16926,0.3043235336130585
15821,0.33084518245654776
7377,0.6199376221815365
5681,0.6199376221815365
6085,0.6199376221815365
5565,0.24455780187381393
13827,0.2557868058166707
17562,0.2441783028483541
17337,0.28359016295198003
2992,0.30397768236228095
14534,0.28455437874253703
13372,0.27008297036748985
19570,0.29658762583744397
4445,0.29658762583744397
16917,0.21722944434417632
9470,0.247498274474325
12893,0.520490581221911
15481,0.3080334063652666
2759,0.2920990739229965
9253,0.2324123028141746
4657,0.2945249201982951
7254,0.190410227584974
1994,0.2511608223598106
19014,0.279114914187693
18292,0.279114914187693
1855,0.48527668448992395
19167,0.503283442390874
5053,0.35185578079127744
12410,0.364820234027032
17081,0.364820234027032
11247,0.3108129048704187
2747,0.28378427404574585
1477,0.2513300225826408
10284,0.3215340931063173
7189,0.3218948122851746
576,0.3218948122851746
3869,0.16863970909152798
14833,0.3295791428825693
747,0.3295575465036603
16667,0.2765689312332812
11283,0.31265613429127437
17076,0.25585691651976916
13136,0.25585691651976916
14056,0.2833898758768178
6782,0.2842437572480848
15794,0.2854027689944143
17074,0.37696959171116773
4403,0.2956847913018349
13933,0.1956018578735635
15694,0.2480371971776289
5863,0.3158501605639492
2991,0.2606647427049056
3118,0.2296045741925719
13704,0.2466414078340618
17207,0.27132383988166275
16514,0.4301797459963861
6917,0.3362705779409478
1475,0.1460484263262092
4923,0.21004423442548031
5397,0.21004423442548031
11800,0.21004423442548031
14807,0.18470202312706058
14137,0.5378369045156675
20208,0.3425536528973947
6856,0.3394196200857992
13280,0.2735145208500544
9390,0.2225447690666426
15422,0.27695955831204777
1661,0.3317358084674968
4762,0.30516612591865044
17956,0.3317358084674968
4257,0.18316747048392723
7141,0.18470202312706058
1036,0.2756514266305602
11775,0.3126982945419277
1243,0.3126982945419277
9676,0.2743120741620332
6211,0.24089421830177693
1232,0.336915801997408
1591,0.32924211800146697
19836,0.30267601291113744
3165,0.2891412906262519
10595,0.32091098238732774
14600,0.5139596331215353
15333,0.4574140943781686
18280,0.312232515971532
2852,0.2711804010126505
12820,0.2596343660615075
15699,0.2713624714212073
15250,0.2999552661078402
12643,0.3109340000964492
9947,0.30379847450312475
20030,0.2483917825628518
14029,0.24172252730853805
8440,0.21901412700324116
1944,0.3524072211140401
19578,0.21011862440542078
9293,0.3648483773166745
8892,0.3447761448945432
19134,0.29581130916515475
4976,0.303695791016051
6457,0.303695791016051
6073,0.30740640758007515
471,0.30740640758007515
4053,0.24509261599510035
1357,0.2899480811474948
4044,0.28272599301862317
7847,0.25480254506620476
16205,0.2806102933824797
2443,0.2806102933824797
16142,0.3232926047112828
11515,0.5995225356200551
3798,0.5995225356200551
4539,0.30163417988852187
9235,0.2028426134012756
14429,0.27330700167954397
10819,0.27330700167954397
7448,0.2241148886234381
4048,0.2241148886234381
18282,0.2241148886234381
18019,0.17182131219129165
3717,0.340020532233952
15020,0.3038643238274876
6205,0.2907796015574239
4847,0.22335006555643483
17608,0.3446507801444387
3172,0.3446507801444387
11807,0.3089206852538633
20010,0.20663125435129792
13125,0.2701705261741146
18792,0.30598858413850333
11673,0.278639544354005
8813,0.24924216878467154
11605,0.24924216878467154
8139,0.35754845907671357
16808,0.1413380125093704
13896,0.1413380125093704
12923,0.28998863492102284
3296,0.28998863492102284
807,0.5205358508926728
2888,0.27854155898639843
7483,0.27854155898639843
9557,0.22151543695494977
8649,0.23124730106244482
15841,0.33050332276365524
19158,0.2592731400662047
12890,0.2831655301189518
8867,0.38844622627716463
13557,0.32900500778668174
3442,0.32900500778668174
20231,0.5637649889879305
10416,0.5189626232469974
219,0.30220554773423847
6006,0.2078462483792925
985,0.32154592159628237
16178,0.2921361264016981
13887,0.4595657683758687
2957,0.4323559588528314
571,0.20424775888211982
15837,0.3298353796785692
18821,0.3298353796785692
10289,0.3318339330699971
15394,0.3318339330699971
14468,0.3318339330699971
9855,0.276578696328162
15441,0.276578696328162
3437,0.31488065444241486
15273,0.23032212543399444
3110,0.1661392369452423
15391,0.33803316478621204
10928,0.24491404251151688
8357,0.27841062464716765
7946,0.18377229425086364
6540,0.18377229425086364
19249,0.3366547879918675
5951,0.5935451520796866
5295,0.25128205811814536
9627,0.2721005270176643
18635,0.3461553607478113
996,0.21667593074082347
18497,0.17466422638701712
19238,0.3377017803720743
15388,0.1874045048474845
4213,0.17779208996723722
19015,0.3460549834690204
7579,0.3725187441182484
14643,0.296324500635339
12365,0.3132046661876872
3298,0.29342724108060314
19296,0.2405171804480198
10639,0.2638472044744521
15966,0.18531128891215606
17369,0.26213426601753936
1711,0.09785957659205154
8210,0.2237743315963822
8184,0.5321561639507071
17080,0.28394869760665264
3435,0.28394869760665264
16168,0.28394869760665264
3683,0.27336657278016663
15632,0.36239928431418633
15117,0.3220109683387665
11059,0.2564696116697352
1198,0.27017636163211445
12343,0.28189175810877093
7441,0.22744473473186724
17420,0.3372571202222055
17820,0.27782981481910934
242,0.31949184508664635
6165,0.30535426508883917
5439,0.23898899524134873
6256,0.3865634615582969
7772,0.5027367996150421
3929,0.5027367996150421
6292,0.5442252107380408
2861,0.2453254065807597
8131,0.26223709437089615
18029,0.34025322075523884
3265,0.27046810573055724
13305,0.27228101694337
6266,0.332899345653519
9913,0.3276100360988351
3615,0.332899345653519
1522,0.3158741040342116
17577,0.47062676851802826
11974,0.27335912258089357
3021,0.24866817011045722
16187,0.2846534601607203
7675,0.2943387793803736
19230,0.2943387793803736
608,0.24584821417300953
7386,0.24584821417300953
921,0.3116709680841127
5010,0.3161692339528319
7553,0.2946391603295004
1738,0.2946391603295004
9894,0.4552357572729441
19471,0.267257399648826
13658,0.3707469449036973
856,0.2670701047798289
18310,0.3132516045657001
562,0.2676715345036897
14400,0.25186279118425137
10822,0.2244789984480902
8680,0.22536454426015193
12046,0.31389344851380385
6168,0.31389344851380385
3484,0.20880175072115456
6046,0.27797819621673364
14839,0.5583438981923985
12222,0.5568245685590284
17059,0.3352469285396698
12967,0.25429338284641884
16568,0.32900434387914745
2251,0.2547261835834331
8439,0.2547261835834331
4306,0.22328456608073352
10876,0.2639336017598859
16018,0.38327385557120014
17732,0.46741214216955257
16605,0.4823102932849996
18143,0.4823102932849996
1741,0.3269365312021708
3517,0.3199255861115347
5563,0.20697688582403023
8747,0.20697688582403023
3364,0.2759366058695028
18515,0.30580694858291063
19596,0.30788953397707297
11451,0.2698323020734872
6422,0.30089629676497187
9610,0.23231215575418646
1520,0.2472018533581723
8971,0.22886004876230553
1127,0.20674191193173852
17065,0.2219735818003225
16396,0.3216985813973926
14270,0.24078843835131641
8214,0.33077783113839015
1535,0.33077783113839015
2264,0.3555445574601996
14938,0.17919823564081283
11060,0.18481463099189635
3041,0.2593710679493863
9651,0.2646212869389456
7806,0.17560895571128443
2574,0.46937073078643055
16610,0.24479258075205723
732,0.30230641732669505
19525,0.25742498965671
4889,0.2222059818457273
8472,0.2222059818457273
4144,0.3201636195182375
1,0.2970468536219976
11692,0.2970468536219976
4630,0.2970468536219976
18699,0.5047752945823197
18058,0.5047752945823197
7138,0.2550851956951459
10064,0.21853622389149552
14805,0.3196073271236507
11525,0.317401608705806
4246,0.2667232710543418
73,0.2659691179725942
14846,0.446493963302318
11356,0.18427470884574193
3347,0.4566569263725021
19225,0.2756711188988612
3358,0.3504930823820901
8447,0.2985135187214792
3271,0.2985135187214792
2249,0.3252698190097403
6933,0.454612743267955
20239,0.2517695409232907
15379,0.2517695409232907
17275,0.22793975476778439
5923,0.3669279645196173
6712,0.3597990450666898
17075,0.3597990450666898
5335,0.273677284016017
9013,0.253513060207617
19491,0.43566602153643275
9624,0.5351027269941254
17697,0.23631646982313512
13868,0.32001966300901796
9074,0.24054662670302776
16906,0.29008015742195814
8542,0.25806832999678536
5341,0.30278781564559476
16143,0.41268639065224433
19028,0.3584832587488456
20254,0.24522673391189365
4699,0.24522673391189365
4225,0.29234950173343816
19458,0.29234950173343816
14456,0.27815887340519574
15313,0.5234343082949695
18992,0.23258301037032916
2006,0.23263686297326333
8981,0.23263686297326333
16386,0.333590297716987
12121,0.38955218208797204
13924,0.29013121626235977
9071,0.24115384781865418
5526,0.28646317235770646
10233,0.3720264542486021
413,0.3720264542486021
11305,0.3720264542486021
3934,0.30890092226449894
12538,0.22053880300786166
12211,0.2648284745851951
15851,0.14051419865326437
11568,0.14051419865326437
6714,0.23953916264394542
15453,0.28523064025413025
19053,0.3334612525990011
3160,0.3334612525990011
301,0.197033089727019
18357,0.5031593424197146
3719,0.2292141709818774
14114,0.23874292684095466
531,0.2249608376984188
19989,0.33203731879081577
8138,0.2785806752285419
6590,0.3038947161229804
6490,0.3038947161229804
1341,0.19048336506800018
4643,0.19048336506800018
9176,0.545646464621604
5499,0.2819772859817602
13343,0.3395775791917873
10873,0.3395775791917873
16848,0.3814556332743457
11882,0.4127331871521934
494,0.2675959348842576
12821,0.34134652633906104
14951,0.2708033814736042
6270,0.27333665276503943
9162,0.27333665276503943
4896,0.3298539745332573
848,0.6180407016428433
12882,0.25453078814150243
11449,0.3176822472862927
13048,0.20766744070662113
9737,0.24684799776859823
11909,0.2870931732777384
8074,0.3271399951246421
20181,0.22903994374980963
19112,0.20221661017582254
11407,0.34558694002996543
8521,0.28105803689830905
801,0.3389221607061339
5713,0.29778715838832975
8436,0.42962717150798657
9834,0.39474996426896053
11141,0.21013091095249625
5224,0.21013091095249625
10810,0.30250821763420527
1935,0.2988607157098112
5723,0.2115817034983164
18358,0.2534078398672732
6116,0.30424400927650275
11085,0.23202575506637518
13963,0.2889155278152013
6943,0.3552058674171801
5534,0.4920559168819596
14572,0.3447071543526153
18140,0.2895177641160776
6562,0.2730281381556294
10679,0.3549854985286283
15582,0.2988338263444935
5999,0.2795430878888358
10570,0.34802384737184894
6764,0.3552058674171801
14712,0.4920559168819596
12002,0.2014147559748296
6824,0.22002200568679553
18965,0.34930992289445695
19259,0.577545077304553
12494,0.2422967963946955
12384,0.28937224882986806
10172,0.2798642373474764
573,0.29773890311937434
8621,0.3313028146731051
17281,0.18095351477231103
609,0.2955200696347248
16661,0.2028192232890637
14028,0.2810239310269477
6797,0.22446288208061774
18081,0.24998095721544988
11656,0.33689384064804956
7992,0.2915931097394449
10970,0.2915931097394449
19119,0.31341773554701247
17360,0.33380819059076755
3693,0.33380819059076755
13033,0.20749144946276554
5014,0.2798470981001809
10943,0.26222239162595173
8701,0.3268335178237269
11255,0.2339281099430801
11,0.3448016990059352
19733,0.34254783551132517
2060,0.27454071718819906
8391,0.3940219966883559
18877,0.30589606980983697
15990,0.22539502380706555
12887,0.26947017370497656
2210,0.341991355147915
1628,0.30749422278569755
9122,0.26487706416621914
7542,0.23953916264394542
19203,0.19729321233918687
11122,0.31811622370758463
5081,0.3047480711735651
14763,0.28402719933059384
9843,0.28402719933059384
10335,0.277240126422519
6219,0.44417706071396634
13762,0.44417706071396634
99,0.2687778581450202
13954,0.27035128037153566
9503,0.3396385259396742
15575,0.36110064035318407
18824,0.2962144952937526
13474,0.2894556773089665
4529,0.28978513985089577
3617,0.24660389868714627
5817,0.3643398729618854
15932,0.3643398729618854
5991,0.35005403258629164
15063,0.3643398729618854
2948,0.27312166530321974
16977,0.31126953646602634
9724,0.32390765689038475
17016,0.3013730228720145
6622,0.2557587872204843
4597,0.26750546545925147
3638,0.2924235550101463
8023,0.23763895275712776
3214,0.5573788076589661
19055,0.18095351477231103
13273,0.21719458451336449
8147,0.3076607898052598
15268,0.2665656889673707
991,0.2665656889673707
17352,0.13257437728738022
13950,0.2625852167245991
10414,0.2120066335952756
13113,0.38021107171604274
5393,0.37146122982101837
18845,0.5391557699895649
372,0.5391557699895649
3215,0.32918368251943303
13424,0.2754035984427531
6326,0.3231489962667072
19334,0.3231489962667072
8373,0.30638877206502096
8562,0.2515422882109306
102,0.24118871350445498
6726,0.5578621950372504
5283,0.5578621950372504
249,0.5578621950372504
4135,0.46775124621067116
4321,0.35096400020449997
7564,0.28066209881938314
6093,0.3268637433628444
16825,0.21248513464312005
13548,0.4218136736067937
4556,0.2770533918326648
16138,0.2770533918326648
16670,0.35482666076416747
19576,0.35482666076416747
13492,0.3432958733705551
17603,0.23121279399506356
18628,0.2652765297463494
10211,0.2959101965509836
14893,0.3464755147832145
8823,0.3464755147832145
10678,0.3232132186497117
11548,0.2078312039544565
3081,0.3182476760036856
18326,0.355365769067627
15442,0.355365769067627
12402,0.25757605001173
20232,0.23404053095636224
14518,0.23404053095636224
1094,0.22048405505100901
16211,0.26961710711390513
186,0.21999622488898776
11437,0.3584715852485375
19559,0.6791037185861021
11046,0.33220644144720746
3389,0.2649810838911756
6876,0.2965875811033184
6182,0.2628909471702225
18544,0.20693765559270907
19459,0.27239640794005565
7697,0.2685982266372746
10413,0.24788158083223283
15542,0.6666158648063909
9964,0.6666158648063909
13034,0.3381386935105756
13870,0.23123464039678393
12259,0.23123464039678393
1209,0.273390484486724
17743,0.22877340601753743
10831,0.1929012425102447
3681,0.3127957039491295
7535,0.3127957039491295
18163,0.43800921450636526
14945,0.36373453740099754
4949,0.3206246054815567
9616,0.27763316354517453
3,0.316847431394213
15581,0.2796188952548789
4477,0.4479973274732705
833,0.32494347316071587
1119,0.2282487716978124
5692,0.3109369467326336
7028,0.28798364129270204
18323,0.2800693534407605
10097,0.28112002813601356
4610,0.28112002813601356
9802,0.2336411909162731
7305,0.09019997872424285
10365,0.4055575451138176
9931,0.41583031317726804
1405,0.3078177523242917
8087,0.31411283781969995
9431,0.24253483350763907
14852,0.251256278831718
3445,0.2714280318545087
19201,0.2714280318545087
9015,0.21932598545654475
14037,0.21932598545654475
5258,0.2749037048612616
6511,0.2749037048612616
5000,0.3149389699021292
9296,0.3098867267989872
13644,0.2949303593825062
18745,0.1292962582334425
6294,0.22928337527754455
19862,0.23172374977447768
15118,0.3271538759704491
15685,0.3812709018062494
13366,0.3812709018062494
10155,0.23769792597012152
6483,0.23740460553490794
11035,0.29667616589998186
12835,0.3531779473670798
6267,0.3064239192964378
14144,0.21459799147019698
1647,0.4090100823734728
16290,0.3317892382519486
12164,0.3217793597640649
16125,0.29645854431580676
13130,0.22152846896890163
14732,0.553767002179678
7172,0.3643136552829561
13295,0.4311025216633308
13981,0.3006352946083401
18920,0.2979328703551221
18057,0.261368445081636
7293,0.5333846372594939
935,0.5351934641387204
6815,0.5351934641387204
6970,0.3978061773315722
2308,0.34305251173470286
9178,0.258142129293537
19646,0.258142129293537
6040,0.27931652650057087
10373,0.2412222315226488
4772,0.37444538824493495
7701,0.3361474762182965
2632,0.28472144369383096
6850,0.2064173469893467
10216,0.3099200597483649
10836,0.3692871556431848
14309,0.33996182967085575
17241,0.21978431137441667
16155,0.21978431137441667
9955,0.23653516187882748
18012,0.23653516187882748
14053,0.2955734482412687
12097,0.2777933062816967
3631,0.28457523526465467
15210,0.35388992521543755
18449,0.5654223963031734
16263,0.3395305242714813
4261,0.25669925461550036
13601,0.2691484249036422
3696,0.2888260933808602
5572,0.2888260933808602
15644,0.2704884082529516
5338,0.3000760010861583
2399,0.3000760010861583
14099,0.36511814177724006
5801,0.3508274669078527
9613,0.3508274669078527
5413,0.38503631369803143
12940,0.3314895608760591
925,0.46445984948353725
3016,0.2724124470730537
7165,0.16041379727897667
6174,0.30739728598964583
1567,0.27950770261555247
19331,0.3243770771740925
7728,0.2778382002050215
16053,0.322008075087229
13166,0.36366555347864266
643,0.36366555347864266
13906,0.19937573702696515
2687,0.19937573702696515
11349,0.24968506690327769
3258,0.3786964613262226
1884,0.14362389783613147
2126,0.2381083648841551
16920,0.25735709247084515
7018,0.1306873281926238
14859,0.3641480398181126
1733,0.21941085705782343
15944,0.2786770769047755
5508,0.4082057968194616
595,0.22356548150506977
459,0.22356548150506977
6671,0.3185163980731798
12703,0.4995677462081765
3616,0.23373521271910136
13115,0.23629295131114292
15149,0.37427352112420154
7648,0.361547745742497
10267,0.23794712587101907
13431,0.43593227563346093
6809,0.3494672171062669
12542,0.23946763909365817
14262,0.29206669080150177
14217,0.36295511816352066
6069,0.27082863191283346
6037,0.3403082794378736
1887,0.3361169003077435
4272,0.262318240785461
4277,0.28215904887370347
1689,0.5713725551205269
5012,0.4860209144726243
9694,0.23139540710446382
7552,0.2412056377098716
5667,0.38527931692644285
8144,0.33797787147500213
18507,0.42929817485340743
2087,0.2760598511715365
17735,0.47879028740071156
4343,0.47879028740071156
1949,0.3562441362180952
16528,0.36255342913925576
12054,0.3375558350461352
120,0.39033242295642623
9458,0.28999154256321874
11107,0.5110623139669263
7056,0.3461567071505337
2860,0.38504146523935623
9873,0.31633553205759285
13067,0.31633553205759285
8117,0.25794103688703596
7531,0.25794103688703596
18115,0.2727239137768346
4742,0.3076065971936939
1787,0.2972144483264574
1398,0.3167788883719885
8565,0.34137138693232455
18999,0.34137138693232455
18592,0.3810595584433149
1952,0.3471507737105025
1549,0.2629666505300117
12697,0.25630389636203543
1782,0.25630389636203543
18223,0.35042134892304355
16017,0.5209058284221122
5866,0.28547034806723104
18660,0.31818671348166766
3624,0.314957645493147
17794,0.314957645493147
16310,0.3141718566511592
10099,0.30297513030725964
3713,0.2526222738167996
13698,0.2614378903223085
590,0.2957862331340421
16850,0.2876296203222002
10305,0.2532353715752726
2290,0.26574841097498253
13150,0.26046743937067024
7941,0.5935806701247291
2768,0.2935080660388645
2340,0.326293001413807
8280,0.24523234022545426
5739,0.280012922502827
9039,0.2876601101994498
19603,0.3426614457515582
19937,0.21492248184484586
5821,0.23737607758500992
19386,0.23737607758500992
17656,0.2601619616016056
989,0.36676294286231015
2017,0.2960526337102815
6106,0.24015617441923293
14100,0.30000814602065484
12435,0.30000814602065484
1409,0.30000814602065484
7428,0.3336510943811449
13102,0.3396759869928837
15982,0.33044806827308393
14392,0.3241098146490768
11719,0.3059760766883449
7213,0.3299808950570094
6623,0.18972619781386807
15052,0.2687980438214857
4637,0.3842543262468962
11748,0.3051889532490538
13869,0.3051889532490538
7467,0.24198779916978333
17208,0.21964218863922694
16665,0.22085901548009254
5050,0.2601619616016056
1378,0.2675683089965289
2094,0.2675683089965289
4058,0.33890628902639436
199,0.36941808722044145
15150,0.325984842207287
17795,0.26244532481650135
15863,0.26244532481650135
4833,0.2415267868187795
18516,0.23764327372043598
109,0.3052515427994767
3329,0.30695462551398445
6145,0.29503135339198694
5452,0.3052515427994767
2864,0.2927593856747397
16525,0.30058258910346697
1863,0.2942176174981648
15218,0.30051738126155536
16332,0.31295975779848606
17396,0.2938314218068789
3023,0.2627297141603641
692,0.259346811041949
12206,0.2985715982374481
7891,0.28294639307851205
12409,0.2658599140402985
16157,0.3788746525726075
14486,0.26943207555140114
19363,0.22469261650481331
10577,0.2351866678263831
16642,0.3631156929946775
9173,0.3726055201173205
2018,0.3088874317215209
11595,0.305974574740063
3834,0.2572214871609711
15811,0.27569576666470175
8071,0.24657716238867647
14080,0.35800599590538174
17067,0.32198031948773254
6987,0.36587333937935373
12340,0.2661043551707113
6375,0.23972474046544193
9156,0.30797284580023054
6111,0.24438378442216538
7851,0.6379924677280364
15927,0.2296012383878656
17214,0.2268705963652245
11704,0.31203098162010356
8951,0.31203098162010356
16645,0.31203098162010356
13467,0.31203098162010356
14381,0.32615244583945036
7320,0.19291023574662192
17558,0.2268183266275577
14010,0.6920563931994745
2142,0.21838805534552985
12660,0.3001240020357747
12242,0.3964247757396384
10459,0.31454596430760895
11910,0.3148104803312808
12616,0.36659879095264775
18887,0.36471669491372916
1192,0.30190890779482255
17388,0.19826946193049966
10041,0.27245706858771646
15762,0.27594975077600337
13772,0.3303638510954355
5606,0.32979507167748895
18673,0.2809208019478893
12471,0.2809208019478893
4441,0.3212135530888288
10686,0.3212135530888288
16487,0.3182915472261364
12067,0.2552785526891658
15677,0.28466742061494454
12454,0.6075794282504009
2876,0.23316250493850393
18767,0.29596107380204995
13119,0.30673113568005184
15520,0.3374064008603309
11373,0.3131933095390359
6916,0.24266621714056835
15627,0.2559192309853697
17937,0.23215868597538197
14797,0.29541156362405185
18505,0.6955091267063369
13790,0.6075794282504009
9670,0.680310406768796
9123,0.23425329130098663
13232,0.23425329130098663
17851,0.3640795254546925
14626,0.3213512596737327
12910,0.31842403276265696
12350,0.2233222595943407
18836,0.2901908158055032
15374,0.26684091517608477
13158,0.2103093937449263
17418,0.2707158046338466
10717,0.20457032095370875
19844,0.37222828280968284
20141,0.37222828280968284
2213,0.37222828280968284
2223,0.387012212445031
14695,0.24489262186539995
8764,0.23113871739349123
10072,0.3074203529875406
11099,0.23648912154776297
18047,0.18945035257145054
9766,0.35504216958830315
18709,0.3023580481601096
5438,0.3023580481601096
1063,0.28519381794081494
16929,0.24661320632340078
19889,0.24661320632340078
14638,0.2633995318045888
8148,0.5855247659629293
12842,0.24075366843502705
85,0.3593300275909525
15245,0.3197818956936685
10835,0.18614917592083413
19658,0.32079812937934915
10904,0.32079812937934915
13487,0.4639955369944209
2501,0.2577837683401527
15971,0.25191633248333606
18955,0.34851871547314905
2202,0.34851871547314905
10544,0.2970543201892964
19488,0.30258107720556726
3593,0.36915877684729476
7972,0.2629743245092034
15972,0.33619387401898154
8955,0.19456118294171987
8329,0.2240040133897744
1565,0.19324032550193165
15179,0.29940178043405974
7315,0.29940178043405974
9517,0.3244592455119563
5902,0.15694647907222692
17116,0.30070065634409554
19928,0.5427440837803841
5390,0.32130289899117476
9280,0.31949434216301414
13564,0.26904837163815887
20028,0.30238148056719183
2802,0.282329746468472
8300,0.282329746468472
9715,0.29864186828808903
9064,0.4750380371918151
10621,0.35263490959220317
18253,0.20794521186992176
13599,0.273150986368968
602,0.1707729117459383
9049,0.2573206601024349
6772,0.2573206601024349
15186,0.2805518183646746
3283,0.3028787285183881
2588,0.47039306307887396
1188,0.47039306307887396
20025,0.3456492095244026
14489,0.4043080410068365
16855,0.34004299880473
9575,0.376560917443961
902,0.3233925322119508
2519,0.2585461241305374
10457,0.3098726645841531
8946,0.32689708082245617
17237,0.2515476897175969
5796,0.31999550910872926
283,0.35020804363383307
16331,0.35845199271316136
8819,0.32731096013234734
13782,0.24606816445566315
14067,0.20028771939055942
18279,0.20028771939055942
11461,0.4326563614202316
434,0.4326563614202316
12529,0.3278369470254272
14358,0.26878728204659313
14221,0.34857834664342324
11415,0.31865342337088587
2037,0.32929611381656354
13082,0.3150455153766182
14840,0.3150455153766182
2258,0.16747639721154484
9892,0.3993864110529054
9559,0.20030179095235162
9519,0.35024599416141244
7549,0.28307612462299253
8715,0.4054156643145163
15605,0.358186049234209
268,0.38665234665655196
6263,0.3168869125805596
13657,0.2564586077122967
1877,0.20844929803242404
1686,0.20844929803242404
16615,0.20844929803242404
8240,0.2748398088886705
1211,0.3398231494500937
10346,0.3663605482149983
18438,0.33825078263284764
9362,0.23947506516757952
11094,0.23947506516757952
1724,0.31589413097008884
7292,0.2654900126421109
16530,0.21699227368452362
7960,0.3079534925729275
17799,0.3079534925729275
18355,0.3689690637705026
2828,0.36112916248173466
15704,0.398634551057473
3649,0.36445665026282076
13420,0.36445665026282076
2818,0.2703314931178991
14369,0.3365289077427658
5823,0.3436679148025804
13124,0.29772153590063244
14649,0.2958758529109372
4521,0.25330093185754055
18387,0.21979204511836847
20097,0.2444268061546745
345,0.23649400801019632
13076,0.3615326833658735
3339,0.235099329774358
8553,0.235099329774358
18174,0.4354791147916088
15616,0.23488179943801812
11152,0.22786016197962028
16539,0.23488179943801812
6427,0.31166896543757217
19326,0.25695443339421503
7530,0.2597800480876614
1313,0.31267776988888263
16831,0.27287848122639546
12974,0.36094472674413375
11531,0.3471467940755324
16922,0.24650109328427083
4367,0.2679090237938759
15498,0.2742386362816806
10198,0.4250095265755047
14726,0.20882498266327404
18172,0.3051634153198077
1195,0.20663466192871843
19841,0.27803485677672285
10797,0.3316614254764395
4980,0.3231795744918637
3891,0.31867620010390113
8347,0.2553289182406777
5186,0.2553289182406777
14876,0.35698940724836425
1155,0.35698940724836425
11033,0.35698940724836425
6238,0.21665865505968057
3824,0.22316921611174967
7734,0.26143056117435143
4197,0.22542056543836023
17403,0.26253692152640934
9127,0.25914070111782006
2686,0.33846553162503223
5556,0.3930483190134275
14236,0.27643275749043417
10315,0.21566048473013022
19890,0.2155401257831347
8734,0.21214825561616132
17804,0.3404855256985574
13681,0.3404855256985574
13851,0.24312431126955222
14898,0.24312431126955222
15079,0.19624809178230826
2263,0.1828258887948785
5944,0.33672378618781
11226,0.23007082023863673
502,0.33888866586835825
10372,0.3287874840157593
16827,0.30998806131948936
11960,0.24526387296774854
10087,0.34358752188018304
7114,0.3259284903715325
10302,0.28721174349425377
11186,0.23791594727307497
12227,0.39730993170729834
18915,0.39730993170729834
1962,0.39730993170729834
16639,0.26593041919588345
16006,0.238122396149873
8192,0.35964753943722116
20029,0.3151946577678382
19307,0.3151946577678382
8733,0.323386911419069
9992,0.4518396593056733
1671,0.4518396593056733
15140,0.4518396593056733
12680,0.22670114131722624
2250,0.2694582464718188
1801,0.2650077924742569
3527,0.2650077924742569
2964,0.2527918891005212
15804,0.22626330007489848
12203,0.09767253142021895
12479,0.37649116293212986
3858,0.37649116293212986
7606,0.2631224163212041
8632,0.2676152541342076
1089,0.233213249880283
20089,0.16676855446211045
5781,0.25531357577654007
13545,0.31346034759113306
14383,-0.005477542075634857
10665,0.3946682442508976
9247,0.2543298259549897
16084,0.2543298259549897
15269,0.2556578494192858
16373,0.16601648614529307
7270,0.22527196992969375
15081,0.2517568928680713
5261,0.32801258159910485
7522,0.32801258159910485
19679,0.3063162786688644
19449,0.3063162786688644
17219,0.37136822785671103
2475,0.3891110729923637
8156,0.23129204224819572
12085,0.17828051785893081
9708,0.2608567393980711
3863,0.3112126576175594
19824,0.3143723750759757
5429,0.26523228915359853
15128,0.26523228915359853
31,0.2545920292279785
7326,0.2545920292279785
911,0.3279334733724926
11758,0.37493689347709186
13956,0.3581818014260165
16561,0.3581818014260165
17600,0.28345936898939544
808,0.28345936898939544
11213,0.28345936898939544
15976,0.2689053546784873
18434,0.34293871703098644
6686,0.3511264865750857
5451,0.24599478021957866
13151,0.27217816594053323
19957,0.2627694470321777
2680,0.2853722074796236
19856,0.4499621429881492
11621,0.32677300383346797
17458,0.36521966726881605
10674,0.39611509131025674
15844,0.27642035010972515
6212,0.32642824166692364
15589,0.32642824166692364
8072,0.28464877078000667
2236,0.32788198767210686
11987,0.32788198767210686
16884,0.27597093537248907
15712,0.27597093537248907
8647,0.3192084503973239
2692,0.3660814508025812
2897,0.3316617226560045
7208,0.288315939147976
10251,0.31731178365910817
3235,0.3930483190134275
3422,0.39027234618388074
5865,0.39027234618388074
19924,0.22773822425447526
8948,0.3216148901433271
2366,0.2687027942339608
14819,0.2805847080356238
19795,0.2723746834772952
4518,0.4136029421861461
16213,0.2783570323098914
18761,0.2807235298293502
6063,0.30091866608279605
4810,0.2749683184451141
14771,0.2749683184451141
16181,0.2725747170917455
6679,0.36749376031895575
4177,0.3151017868401685
15236,0.2798831391787777
18716,0.34433626656472904
12834,0.350086850806558
12995,0.2854334319930712
17706,0.2881262342939104
12571,0.29268292125625184
17111,0.3321501112478139
5848,0.208655619836152
11513,0.37339463354523694
3964,0.37339463354523694
6722,0.2986506451635542
13448,0.29854063895881444
19977,0.3388168397120732
17402,0.2440657760573886
12607,0.3096807634844786
5576,0.28209743683703803
14737,0.2631728207993021
4642,0.22427070048351314
16227,0.4707693874669363
19492,0.48500899150526655
1657,0.28463833374638015
18062,0.30498770741384135
6296,0.28463833374638015
12554,0.26196910628010356
19255,0.26196910628010356
2293,0.15866048003805686
16002,0.343734951923464
10218,0.246053093564373
16343,0.257745837818687
580,0.5644169701455505
3546,0.2662415593145575
8783,0.2599870572525093
4219,0.22108270959303403
10891,0.22108270959303403
7642,0.29919840308002876
19118,0.26606576649373165
3829,0.30679610638006943
13866,0.3467579325303299
17952,0.3467579325303299
14027,0.49639876409270767
14863,0.1901640497684886
3727,0.1901640497684886
3787,0.1901640497684886
8827,0.21603139805012467
5912,0.45033471136112196
10861,0.24295106642313896
17072,0.28309529106967524
646,0.29962686593047244
6976,0.29477236987564914
10691,0.29962686593047244
12036,0.23324246071598523
15429,0.2962543314925786
10571,0.22699523608330688
3487,0.3057277804719994
2130,0.2904035537638689
13210,0.33244681238788654
16737,0.2968251636423279
18109,0.2790767666150628
7714,0.3193661899396832
1149,0.30461844341285943
2771,0.30461844341285943
2283,0.29312264886826966
3334,0.38456628872088533
10669,0.47443854019000187
3915,0.23377880936251424
4619,0.27469009975125686
15174,0.22975826694139306
6891,0.22975826694139306
7558,0.28947218490687177
9271,0.3055407151865607
6648,0.3073295274705328
14714,0.3073295274705328
18420,0.33361118853482985
7285,0.3002574763586398
19054,0.3163665540902
12732,0.2806257030969833
1651,0.31938943136254677
7302,0.31938943136254677
15114,0.2806257030969833
4989,0.2690110343158852
15264,0.2690110343158852
10918,0.3485330297597312
20186,0.2525642153655588
16953,0.29149520256814276
5636,0.30197786838346463
7721,0.29531390662587653
11379,0.36829653458734674
3297,0.31906075009803275
1304,0.21096080134711664
823,0.21096080134711664
4312,0.46434618823655505
9996,0.28633733179744403
13692,0.2752580096301035
14173,0.2752580096301035
814,0.36136096432507253
10007,0.3546282640728652
14782,0.27492880641148176
19017,0.27195429851306907
19735,0.21797267667896564
20022,0.2349005834198995
19571,0.30023491078494546
5928,0.32185048095373614
8486,0.32685110810693574
14103,0.28820852542467795
9481,0.2500976909701645
15459,0.33870113432793447
16903,0.3446207022260395
3338,0.5685809228471896
3022,0.22429832098723457
3291,0.23915118431507898
13307,0.23915118431507898
13459,0.24903259665285443
7140,0.2981578589453796
18829,0.4060342064549599
1784,0.3420032905830349
3712,0.4065620401499153
14604,0.3486807296807604
17788,0.19146045042924487
481,0.2239090343106917
11454,0.29776351361894116
4428,0.266166679767953
17012,0.3702998833188486
10750,0.21534154871133404
6487,0.2641906577157865
11178,0.2148839073039083
8326,0.24089494001769068
6173,0.2918719367154061
12587,0.3204130532209745
5191,0.23528704161517006
13855,0.3906674338554954
18276,0.22925522815828553
11980,0.22925522815828553
19171,0.1893231748838793
18818,0.32964585003861
4807,0.31813393828727804
8597,0.26631616772693
11744,0.3316388420290318
19639,0.3316388420290318
6838,0.299493606038535
18873,0.20458134905226144
13251,0.27579514743764844
7953,0.5368626332572162
3611,0.25224757601279746
4262,0.2693736382808959
11362,0.2941503915199017
18532,0.2667023766546779
19631,0.29327921955649405
3995,0.25905740640798763
16757,0.2315986944531764
2779,0.25977014989930985
15915,0.25977014989930985
20054,0.19142119631980148
6360,0.21688784069321845
14472,0.2541305623274614
8702,0.30165798815117867
10398,0.4044877324813282
19539,0.2912376185773957
2007,0.22714764949407862
9061,0.30867125846021737
11971,0.3328683725783942
19246,0.33974219634279335
8015,0.26724890136871116
11116,0.5592186999574048
2148,0.20768398946408995
19872,0.2978968217315604
15094,0.2978968217315604
19083,0.22496029391101158
4580,0.2763786553629916
2859,0.2840192282779773
14469,0.22074342346492482
12826,0.3188847371493927
5406,0.3188847371493927
1627,0.3196707773924855
3345,0.23194802424644612
1191,0.2511608737220326
16130,0.2490947315435766
14872,0.25818449973910024
13059,0.27489923233291946
10124,0.29606928762253576
18091,0.3455225745449634
8838,0.29606928762253576
18199,0.2970222677382411
8843,0.35293665309543804
12422,0.34507098801276753
4183,0.22295419103541697
16278,0.2752376788945907
19502,0.3108614264347284
5733,0.2499774731482826
13041,0.2499774731482826
13853,0.2499774731482826
6082,0.293719020085143
13097,0.3083099364432461
16098,0.27434896487654725
615,0.27434896487654725
1785,0.27434896487654725
2995,0.2754989303717309
19637,0.47155284297583755
11651,0.29335975973302614
6733,0.3623102824436483
1482,0.30076717606664893
18587,0.35352582728555426
8451,0.28551519142731274
7604,0.2994046725944665
17126,0.5153956731439149
3106,0.5153956731439149
14502,0.29051401798380866
16466,0.3725816056024503
2676,0.22860604156168005
17624,0.2673488086559904
17180,0.3329132050441635
18924,0.2661343912745983
6890,0.2664744873803957
13669,0.3849703934550996
11181,0.3207321103602818
14943,0.31251171446935117
6412,0.20824613202515124
7469,0.27154146747199054
8403,0.2210990658666465
10871,0.30168605563884554
17987,0.2825091348553476
6521,0.2503745725682101
8608,0.3239366852240241
9732,0.5151702952649035
14384,0.40170539638552494
10726,0.40170539638552494
4792,0.3777786403085197
4547,0.19659287620575622
193,0.28605368702520545
6646,0.30088105886944155
15369,0.30088105886944155
2555,0.34880154838353156
4140,0.32276177948412416
1092,0.5093243377016176
1654,0.4261931528681695
8583,0.26333334974826333
17785,0.2648156055182086
9043,0.20529947893698774
15671,0.2661447440335695
16895,0.2275057905667131
6538,0.5443381836211137
12733,0.2548171195766549
18145,0.3449687473898395
10225,0.2275231952230211
11594,0.2275231952230211
11125,0.2427975334473094
8246,0.31878817711533036
9045,0.31878817711533036
19554,0.3133889129857894
6879,0.31890617798653664
16473,0.2236427285614933
6777,0.2478924119844536
15328,0.3180484775625558
1467,0.327187859291832
16662,0.3198725662384413
8207,0.3198725662384413
17331,0.3198725662384413
19496,0.22117039771549757
1366,0.3642622024658288
20104,0.3642622024658288
7924,0.14014839263565992
6999,0.5708589726827308
4732,0.3473775319981076
17312,0.22923057086328028
15393,0.2660076814184704
211,0.205521415204308
8196,0.2971717070787919
18206,0.33296933200490053
19454,0.3549983835969142
5428,0.21829287234564457
12815,0.3780414283742116
5119,0.2858112515816769
6927,0.5178786055462067
1051,0.3330186181879994
11850,0.2681909134920623
19818,0.31180482846577867
18996,0.3455800154311628
17776,0.4663088323791018
13913,0.1727313480359274
6388,0.1727313480359274
5706,0.21440255411161208
4075,0.24468157894143003
7004,0.28321954041752107
14564,0.3272172932416265
10652,0.3272172932416265
19715,0.3272172932416265
18534,0.3474594887651369
9218,0.4498116444618241
18098,0.4498116444618241
83,0.20752577050446097
13738,0.23094327169615714
6488,0.25010022417003036
9391,0.5473456678972489
15446,0.5735339909996768
14967,0.5735339909996768
9546,0.3594414572046964
20192,0.26243708971224244
1911,0.26243708971224244
4940,0.29183168030601037
4085,0.35005600420912497
5721,0.3444806648380228
3547,0.33006270202862564
9585,0.33006270202862564
6755,0.33006270202862564
6126,0.27813085740748633
791,0.23827861223164268
11285,0.2210120004430596
1876,0.5149948941856339
10018,0.0880985969434585
19273,0.3615416751417597
5267,0.38428085712113913
4689,0.384036147835765
16838,0.2722336824520744
5940,0.30370412457112383
4461,0.3955313311549049
16800,0.32289341246763387
15399,0.32289341246763387
10242,0.36231301244391256
19078,0.31403709983256634
11287,0.1884248143446136
14041,0.2721751640714267
6880,0.5767753064659149
18819,0.22680653937845868
2921,0.22353771320387422
5635,0.2969970194209857
13264,0.2974876728908426
4613,0.30479884297235404
15136,0.1775125490373132
5175,0.26496306740883535
16198,0.2893939258645335
16840,0.2071952595445425
9582,0.22885899500011636
14205,0.22885899500011636
13844,0.21105360346107166
18943,0.25366537395316446
8110,0.2731636329854105
16286,0.33230262463188787
11600,0.32965049991986456
17242,0.2425003856756094
19648,0.3094941508186711
7212,0.20883564955541561
3809,0.2328592490433387
8821,0.3518600070621748
15491,0.3005464455806323
11304,0.35402252806696244
3426,0.21729911373453548
4695,0.20212104594467567
16951,0.2305716820306859
6789,0.21286509570208145
8623,0.45298789630654357
10367,0.41532530798354256
12254,0.18082110035323504
2146,0.36187553691164914
5033,0.36187553691164914
7859,0.5603139506243026
9875,0.5603139506243026
493,0.2548015982446075
16557,0.3716020188042835
8559,0.37807252943144753
18446,0.3303170041809488
14212,0.21841573661298036
2315,0.22363888126396914
3736,0.2428533853810637
11408,0.29397444055219835
19642,0.3164334945296716
2850,0.1545122132684747
7110,0.2008844851675337
12020,0.22095631062647447
1419,0.22095631062647447
17681,0.3514329059105256
16123,0.3534945584074514
12708,0.2575575310653402
12507,0.2959387314474094
10552,0.24166615243670084
13094,0.2991181288581695
15151,0.19631074791014239
6787,0.5423377722095033
14462,0.37935494540663856
922,0.3443344232000255
10392,0.2309983635026912
5465,0.24409812946206405
4449,0.16277805525092265
11134,0.2237036461415357
15307,0.3336660844252521
2091,0.3336660844252521
4440,0.2950518577700165
10139,0.22827284806848144
16891,0.288710082246631
2825,0.288710082246631
6218,0.3291649749330491
7321,0.29595929778050684
505,0.3153482099518625
9125,0.2245187653790568
19933,0.31336571271294256
5850,0.3453712717445918
799,0.3453712717445918
6559,0.2517091469825092
1948,0.25873911036047387
19429,0.29547842077701897
16186,0.30937307669668945
14885,0.21629299843732697
12686,0.5692977954671345
3292,0.2147756364768349
12396,0.3099444734867835
12178,0.24692758631400583
19645,0.24692758631400583
11422,0.3072599223367231
8306,0.2030586156123027
10482,0.2327957571003898
14884,0.24482281407083473
13926,0.3153956795223958
4501,0.3129028865964007
6960,0.24900662402154491
17353,0.2264325250033568
5718,0.3193214968593163
7939,0.6435261299981412
2547,0.6327635707728698
1665,0.22501856528377712
343,0.2747733423860594
19301,0.21599618094424985
9284,0.3232460855191565
18459,0.3232460855191565
11797,0.22211633621056737
1226,0.3159091098690742
5470,0.18331841816331904
10094,0.18674471746113347
20206,0.2507987138715483
977,0.2479370055472689
2994,0.2544573220085255
9784,0.2072543420699001
11717,0.29689545966692144
10185,0.2258577235568614
9596,0.168292021039491
16364,0.28618783372049367
16711,0.31638947076884716
9476,0.31638947076884716
3763,0.31638947076884716
19917,0.31638947076884716
10506,0.23520878141856827
8617,0.2241171121068482
16055,0.25078844628337604
1042,0.5441110102882537
19593,0.28831272101340777
788,0.28831272101340777
6276,0.28831272101340777
18733,0.20612793208558547
9388,0.23034224778693282
16335,0.20181862055913688
5993,0.32525197864579836
11702,0.3263524703382359
8307,0.34287004146818295
5178,0.3176241558437782
13196,0.3473602149861592
1959,0.20377203477017858
12922,0.3493118251260036
18878,0.3457367490892544
14691,0.33760399876678926
11047,0.33760399876678926
6470,0.33760399876678926
16905,0.21111621121313567
4188,0.29375329136591566
6171,0.3570583018066042
5527,0.3574376914009197
8049,0.2574227356647306
7629,0.21218490814605348
20158,0.362048041908542
18558,0.2908009144332848
11821,0.12418691295558199
16376,0.21059536204148538
8305,0.31855732417169835
12813,0.47481309017492007
4336,0.35796536552726554
13959,0.3366627443041701
17038,0.27348310443146046
19481,0.30450227653314765
18705,0.3015620574257844
11058,0.29423152011428666
11230,0.27452304225477464
13103,0.21059536204148538
9663,0.22029956804985903
7843,0.22029956804985903
7818,0.22029956804985903
3960,0.32242464295041484
5583,0.3319203360474664
13146,0.5169372604804734
13013,0.27375924952618896
2583,0.2433612227378161
15489,0.27375924952618896
10473,0.27348752783459673
2493,0.2542225918717475
7040,0.2439701916951527
2097,0.29539743567082655
4655,0.6078601783712863
19048,0.22885326460558997
19349,0.30708010377474426
7667,0.28029583990133866
12233,0.28029583990133866
18265,0.3497977034516337
15554,0.27964455223059737
3628,0.33676352307495216
3225,0.3411941890291059
16226,0.31063135034097106
14800,0.22760859265947123
13716,0.2512710902631741
7098,0.2512710902631741
3902,0.26437248667133084
3308,0.21749748141630643
4459,0.2469135758110303
12279,0.25478183755118167
17763,0.224733682084096
9515,0.33638362992871157
13847,0.33638362992871157
11684,0.319454055848032
8753,0.5467269050391805
19954,0.2600829006966173
18826,0.2534406293142396
1680,0.3064333376088585
3726,0.2030586156123027
14220,0.21679191020870556
13717,0.26762162408588924
1043,0.2173009570134601
3252,0.24668706835075066
19357,0.3302171928127666
17695,0.28553203474941563
17351,0.20302822492150596
23,0.2282002351670958
9825,0.2129770326721825
969,0.1916932902162989
6080,0.29777829641900094
12897,0.28763415802885944
12771,0.20886847376881704
19931,0.27195117169158467
7914,0.29155134199230404
2048,0.3187502488093078
19141,0.3176652765802275
2397,0.2961472843791311
2550,0.19047972559333878
2659,0.2878199728837162
17295,0.28261581710614125
13463,0.3454764007248912
5120,0.24395756071439886
5160,0.3516192369224437
9633,0.28982999438867935
3311,0.2404032906074558
11961,0.153834679830302
16802,0.7495773865263528
10961,0.18541808090117368
7342,0.18541808090117368
2232,0.36511846252920893
13171,0.2860075116373304
9589,0.2860075116373304
15068,0.2860075116373304
19612,0.25588421872715833
11062,0.26437248667133084
11706,0.22907941777591245
11460,0.3076218451917635
331,0.6686581165350052
7580,0.19669372709196697
8034,0.20094071718597173
9521,0.3373242338644972
11319,0.25616256328378756
20026,0.28911596014645097
17151,0.23746800355072648
1345,0.27111946635282735
12664,0.25894428645828166
7596,0.339076239811785
16450,0.21988149376918453
3536,0.26712314185011926
12635,0.28145314544785033
8959,0.28145314544785033
14139,0.22442823359307373
12568,0.29396374372125866
7773,0.29396374372125866
17765,0.2862677026950195
16558,0.23975138846601612
15812,0.4752593032602858
15785,0.17051895397057068
17755,0.17051895397057068
16521,0.24087783692210246
12490,0.2590162599059601
1570,0.3202621417329444
5475,0.30798934079549306
1007,0.2756181066813908
18071,0.24223579656027952
15787,0.6456485734781975
1840,0.2322038670564278
16777,0.2322038670564278
9911,0.305393715070161
15334,0.22771263507437933
7101,0.28523027127276945
9101,0.19811583168591718
19738,0.628823321716757
12774,0.24570846317826783
1523,0.35652377249914885
18318,0.27549158640713767
18850,0.275430472429929
14501,0.2501007619427498
19233,0.20724329758073845
10716,0.303758790537313
16328,0.2511608223598106
9311,0.1694435516441099
11843,0.14231427640009905
19808,0.4149958456121068
17335,0.4149958456121068
3576,0.26519903762216246
9650,0.32243230354130215
13228,0.259520990578249
18354,0.2901082259012153
19500,0.2284635484344622
2024,0.2284635484344622
18820,0.20324592279723896
7822,0.386657432919022
18398,0.26456984124625427
12573,0.2631627800311808
12953,0.2731033328665321
7065,0.3287861789813258
19209,0.32987449383306244
10997,0.22839930003860945
13552,0.29382154391055937
13222,0.2861129066687387
898,0.27752011000879034
15398,0.23757647458119263
9078,0.23757647458119263
12653,0.29887508895105697
17054,0.1928805391315126
17085,0.27971012436840975
11108,0.21581061092366904
2682,0.30673833553818164
17712,0.282821824708818
10720,0.2895749193981787
9179,0.19335325135589343
11236,0.5583532042153438
8437,0.22772976149933272
11777,0.33946420390371246
7193,0.33946420390371246
440,0.2535282086177151
16161,0.2717597457650201
8639,0.2717597457650201
11412,0.31173053421083907
5529,0.29233377027922564
3320,0.5072477190868617
13512,0.23098133608611748
14261,0.23098133608611748
11546,0.3652160475308314
5743,0.3652160475308314
596,0.3572880913652187
8321,0.24285957279244258
2729,0.3241347278553909
13813,0.2639446972453286
15272,0.28243419115522583
12338,0.27064960927963777
5521,0.2844990091463074
1528,0.3460457153367409
7030,0.6148684911987855
15454,0.6148684911987855
5590,0.5384543541701251
3459,0.34795586683995966
18328,0.32975691344243
19432,0.3272934027155758
1006,0.2173077982013645
15438,0.2173077982013645
8541,0.2176965290868274
9278,0.3169647899880841
8907,0.26721757132167795
6825,0.2942176174981648
13499,0.2933833941499075
7929,0.2012836644611381
1230,0.23479136835731138
11117,0.3632973446039292
6348,0.3632973446039292
5164,0.2602401120880276
6647,0.3454538544799271
20021,0.1899929260514446
6369,0.2952281630424463
13441,0.2598079035738706
8267,0.20036865061002676
15949,0.39026558821015
11551,0.2129160285190311
19536,0.4166826131566053
20238,0.21090345604319952
2924,0.163891718236821
4759,0.3480726090687718
7192,0.31271309520968893
18523,0.3078998093946284
6878,0.31134615581681035
9495,0.2975944842473504
9488,0.28842271800727604
13619,0.3103822632520312
13096,0.2874304140259753
18379,0.2028209316928278
2690,0.34748223952158125
8036,0.3212300788534902
330,0.3368922770413939
6074,0.2593534047030789
14494,0.3017184985290206
6565,0.3017184985290206
3932,0.2643702703910717
7961,0.2388888734051722
11920,0.3850665040927464
13311,0.3222949649976561
2039,0.23668851969244403
11530,0.29614459645745084
4009,0.30801912331357884
19143,0.31849649325621754
17290,0.31849649325621754
6102,0.3908798025954151
16464,0.25387482782138515
19232,0.2966892229282984
17254,0.25103647306738847
3855,0.23051339878135488
17779,0.1866855127265551
25,0.19270192675169756
13022,0.34978751136537634
19461,0.3216929943101999
7902,0.3504603545306684
1009,0.19967894842599557
15736,0.2748954289243038
10412,0.32602595466701106
10434,0.30732056779814565
18938,0.294396071379029
9526,0.29961703794924566
7125,0.19977084467839692
14008,0.3920801418686636
14692,0.2856423088737747
16016,0.25624670797176974
8358,0.27874109137363867
5938,0.27874109137363867
13408,0.25965932138942244
7426,0.33604179600231243
11675,0.3486075762001305
14295,0.3443459581466578
7485,0.19567068460230658
19751,0.27661669918860254
13401,0.2786150061762852
8648,0.2786150061762852
18942,0.2904350586493471
12935,0.2173619401967931
5051,0.23480955095093733
574,0.3300058652504561
14778,0.29238446034419396
162,0.3178572056496086
16413,0.20338395802500248
17166,0.19642019282937742
6904,0.19642019282937742
14781,0.33950089652422066
3548,0.3020481732447689
9625,0.30297613385525934
17613,0.21098866391218324
10536,0.26516947131353713
1472,0.2735699675542214
8471,0.25663232685700277
4115,0.371105686187207
4562,0.371105686187207
18871,0.1895445999658028
4310,0.20348944209435296
12514,0.21101660099326047
1508,0.2596508220184614
14174,0.4256069743857491
10977,0.3353705983095199
13966,0.3353705983095199
508,0.3353705983095199
6900,0.34542998700827565
8698,0.3265878860404057
12001,0.20306997286110928
11462,0.213509096348147
12290,0.2290457838280556
18960,0.24956954564202882
4478,0.2552065564771531
4936,0.2552065564771531
1469,0.27967623186956847
20123,0.27967623186956847
5971,0.4578222860358492
16969,0.4669978160308389
13363,0.24377258194242396
7867,0.2527276973194904
19904,0.2349944049038904
15510,0.35124116616392476
477,0.3416378267481871
2483,0.3416378267481871
13483,0.20293560161672636
8996,0.19187797530710582
11468,0.3210956448260676
1540,0.34139065940556074
9643,0.35283286809011
3948,0.19475049352851606
6697,0.1938594579549971
18585,0.3387015521142705
15111,0.3387015521142705
15335,0.3414050470803098
7839,0.25236358270804055
17107,0.25236358270804055
1361,0.31956440123530516
3113,0.2733066918004131
12593,0.2577774679189098
10031,0.2613066101533576
9347,0.2546673141931286
14977,0.3215932208323033
9318,0.2980440496432858
7271,0.31490403106651366
3819,0.3021654306812248
16570,0.24454702031677195
8796,0.44908073672682436
12390,0.30845156739665214
18454,0.3118665140364558
5011,0.27638666125765105
11607,0.24963440219473113
8840,0.2466241387191015
17373,0.3175245873579231
16116,0.2540740420430378
19708,0.4732738550978424
9813,0.29613047928681274
13494,0.3032849486186203
9529,0.3588957137501589
3207,0.3588957137501589
10766,0.2664285804073071
6505,0.23427492974862965
4594,0.30368990231750154
10763,0.30368990231750154
17705,0.24514706385155668
5980,0.309861824714544
16816,0.309861824714544
19145,0.19651138010520164
7024,0.18597509092712777
2226,0.21740778923143797
17122,0.3555890881869645
17920,0.35005767848003216
510,0.2780649246960076
4837,0.2879417120820442
2645,0.28467785159156106
4362,0.3120342714826933
10226,0.32079259777803437
16197,0.2682721713588168
14406,0.26426063590554505
9740,0.25140186434583855
5997,0.31548864069943183
11294,0.3387602514981763
603,0.2912369189189445
1943,0.32147520574352284
10612,0.27817874781193996
17967,0.4365789367790291
10100,0.32704841188912814
7565,0.31475609595471293
3400,0.30719375578094904
2444,0.30719375578094904
6938,0.30719375578094904
3669,0.26103147489407275
11196,0.2655401328039863
15724,0.2655401328039863
11602,0.2612252513229331
19008,0.2655401328039863
15371,0.3273086730264734
13687,0.24206364152552934
14847,0.1895018797678965
4920,0.3462496502862982
10636,0.4751879926728775
9005,0.2551379263810945
11580,0.2606058059569306
9718,0.26614607230064863
11822,0.24421641237987707
14632,0.28510240430235273
19068,0.30451827833911493
1423,0.182373407379945
12727,0.28340622099941876
13746,0.31143921082268056
11386,0.31143921082268056
13003,0.17643883995393028
5376,0.3230953143212135
12883,0.3005752475355662
1420,0.2516569496667317
17179,0.2644815111298609
18270,0.22385273519871032
5845,0.26554186690333265
17296,0.3287246692016621
15590,0.29490828216032594
7297,0.21465143328600744
12487,0.4640036474235703
6703,0.25616976169287403
10868,0.30058488147100276
13510,0.3484400726416884
18598,0.5709690924028135
5131,0.29944289759833675
3503,0.31969737034754653
11622,0.29944289759833675
7550,0.3833168988213053
13226,0.2318634340151686
14538,0.2318634340151686
5811,0.315733207665907
10246,0.42072372509688993
18696,0.23159447878125522
8423,0.2265562391489267
5695,0.23159447878125522
3860,0.27361713333503296
10616,0.31415414447978207
3453,0.35993583668179185
13043,0.35993583668179185
6012,0.2758824173841494
4416,0.304575309600098
8242,0.29703354078678645
19099,0.30094229517697935
5644,0.2901335616851271
5116,0.3058721235988462
10729,0.28269638289285187
13471,0.3314109919691946
15109,0.23650755467090323
19618,0.2608537399441091
3564,0.23444664927526868
19160,0.2278752279161951
6848,0.2660312941883747
13878,0.21189511539549605
18359,0.24951166301114397
10261,0.27603225254961
8133,0.27603225254961
11487,0.36255905088665474
1866,0.2617269539917959
3132,0.2617269539917959
1461,0.22435427027681631
10046,0.26018641381433594
9132,0.27868110403424423
7562,0.28929120438920014
1001,0.22238410489174254
9040,0.3420149721214397
6888,0.2738188859245675
17574,0.2738188859245675
689,0.3332715248946714
16826,0.18562806021816902
2488,0.28318865713609026
7376,0.28318865713609026
1236,0.20865762622182504
3644,0.30726309493996773
13940,0.3514752245221156
3166,0.28419520237590074
6232,0.3074292175519167
6773,0.2566798352835808
6978,0.2103692765768889
13480,0.23851710860277942
1143,0.25643864216302376
18239,0.23306301709624883
13760,0.29021243521450296
5189,0.20747675713073466
2764,0.385810556041002
8732,0.3683145364957058
16674,0.31452688376486676
19045,0.23306301709624883
15517,0.2548761688028448
12482,0.2427909439009082
13188,0.27992853328014383
14110,0.28731817820508976
18905,0.28731817820508976
2943,0.28731817820508976
3390,0.3428320632695247
1883,0.2769401284079682
6944,0.30613047221969786
13831,0.2342076093257956
253,0.2342076093257956
3702,0.2567560035949897
16166,0.2567560035949897
5709,0.2863246111295819
10382,0.27859513540776765
2317,0.2269657227820665
3333,0.5006504203815612
14344,0.29093186492005185
10222,0.23686258004655003
11300,0.2453560867857798
1380,0.33275629381814503
6099,0.24358342299974417
7431,0.24358342299974417
10567,0.25271029416434954
7508,0.35353929995377986
17775,0.5332287437343025
16067,0.3674474726814049
19395,0.2718046707821148
11858,0.26235384286915253
870,0.26235384286915253
17552,0.26235384286915253
5515,0.26235384286915253
8668,0.21964060330017526
735,0.24733374007740946
3095,0.24145134088201567
16524,0.2995165439716378
4646,0.2676957827813535
2231,0.2519239087113536
15323,0.2519239087113536
9158,0.25806843495423293
17063,0.26256426380651954
3778,0.22639921375496275
15298,0.29163846344028316
6061,0.5793313128263118
932,0.230786250596276
16516,0.24064952347671945
7804,0.24064952347671945
16529,0.30360441886669703
3468,0.30360441886669703
1636,0.33546296447875745
19371,0.2880536016563492
4264,0.27848196454762175
8136,0.23789920103978313
12699,0.30360441886669703
12579,0.3254892511523857
6834,0.33836656106184715
2968,0.2413399334057348
852,0.3119705387209187
32,0.2188230891758579
11948,0.3917809663087527
3394,0.3999769255326804
4354,0.3466561695762246
17927,0.29100578099165963
17447,0.3150893651778413
10159,0.2627420525231892
18372,0.30138572256579327
13849,0.24746565515597385
4540,0.4168337814297135
15445,0.4168337814297135
9420,0.23326307976169272
2011,0.30993567954684875
12424,0.3150893651778413
16931,0.24371243802034032
18646,0.3017583922666756
4603,0.3827370654850029
8088,0.37425036961412483
1457,0.3793597764597434
5232,0.39248144368661336
17965,0.18962094339040864
1728,0.2712693490068152
6130,0.2597059187289819
6122,0.23804167386478406
16538,0.23721437877087512
19586,0.28241708307675817
9050,0.28241708307675817
17586,0.4172767187121993
10038,0.3807240493594052
18347,0.3500574443766853
1681,0.3147116588925328
4212,0.27255425279869067
12472,0.32263016914180215
4154,0.3061529078335633
2481,0.303195240201696
2823,0.29502297482039463
4893,0.3097133985099348
17050,0.33093026897031363
15864,0.34411924321180576
13413,0.2478340656162506
16113,0.2478340656162506
12600,0.3406915343281619
12438,0.2897437866306895
19034,0.16745894472962491
11292,0.343734951923464
561,0.246053093564373
14297,0.3558908462205621
16693,0.3522388048747197
10379,0.591980833167049
8664,0.29944289759833675
7988,0.2878095231542782
8338,0.3222193260105305
10543,0.29993932941094475
10463,0.30290549098639874
11330,0.25422179842313547
16782,0.3237138137276607
12218,0.5321419645086177
18706,0.6021439235815531
3623,0.19417854744468252
4283,0.2741591314830676
127,0.3415472842170941
1338,0.2923670081276677
15413,0.22327227226360744
16586,0.30858836219142416
13882,0.30858836219142416
10827,0.3090051708346171
16781,0.3379387712724189
14357,0.3379387712724189
1220,0.31858079858161104
4585,0.6063226283802394
7497,0.6063226283802394
18701,0.3816780118935348
15715,0.15614672756601303
1814,0.15614672756601303
18377,0.3329775616944352
17349,0.32728595808468536
12557,0.2754779568366823
11542,0.2754779568366823
3879,0.14049898376387274
8356,0.2231098384209973
14055,0.5920599820668435
8038,0.5784686320795276
8257,0.23256954205258118
9982,0.2564246440751718
9798,0.3624807423406098
7864,0.28593423767605014
6571,0.2830428973139895
14793,0.2830428973139895
14495,0.23903101549345832
19056,0.5348236899070674
4269,0.32635990065450093
10842,0.5218469231614952
20245,0.3322435822340859
9923,0.3007809262929818
12098,0.3322435822340859
12027,0.309073732448807
5973,0.2561912779914003
10812,0.33753461508880633
256,0.2911838221406179
1953,0.3119705387209187
17197,0.45626085111352244
5669,0.41781720384275267
15197,0.41781720384275267
14629,0.30940733521328373
1091,0.3382040428379518
2069,0.30940733521328373
6141,0.2658811105454345
16924,0.21044900306605455
20243,0.3096388858568802
17220,0.44462100694534407
12096,0.27310001239576837
3402,0.27310001239576837
8611,0.27310001239576837
1582,0.3313206364877914
6649,0.25059512894109076
17300,0.2984691850174353
1517,0.47975390554297914
15137,0.5092456204231957
20066,0.6170627143704195
17524,0.3609130818236405
857,0.3609130818236405
17244,0.3609130818236405
12729,0.3378858667033863
17509,0.31195754424201944
5133,0.2840834785220523
5049,0.2621403032634304
16438,0.2662094103016044
10320,0.28360112970027124
16094,0.20417156055930416
1748,0.5650804320334523
5631,0.44293434780566104
5553,0.5134388793884652
15663,0.2751397004452941
8382,0.2286471755586622
2508,0.22489330361161936
11782,0.22489330361161936
13261,0.313877876292
2386,0.27481260397783
15586,0.5134388793884652
10656,0.35278655870460385
21,0.34298928749552093
14960,0.336783821240648
13674,0.313877876292
507,0.2980029389990183
12158,0.25010091874253293
6066,0.3002997144858254
8482,0.20649560683112494
20027,0.2675866231495053
20189,0.2683218961114402
15928,0.22834978055870261
4872,0.17642654338275554
4527,0.2065695281892352
356,0.22864910515209513
2520,0.3208161128488205
9939,0.23448183001163816
6534,0.24868449832483314
14018,0.3035051638766509
2200,0.3035051638766509
10437,0.24009330886843044
2912,0.22883015451478578
4616,0.3276157243182551
13465,0.22328456608073352
13306,0.2301286984043301
14165,0.23536037990936676
1815,0.3768577580304492
2603,0.3370441496941332
8974,0.19751053942102162
3919,0.19751053942102162
9199,0.31086313278429134
14759,0.31086313278429134
5073,0.29155951555689996
2630,0.28892955495854455
10740,0.28892955495854455
8554,0.3185943167436883
16793,0.5143014026691873
20024,0.3325454387819992
15934,0.3325454387819992
3406,0.337891470820633
12652,0.337891470820633
14605,0.24117669409505504
16236,0.2875552277031856
5511,0.45078406082819017
4483,0.16983260259895602
14936,0.36284443197613614
3159,0.27715220731028073
9921,0.3169234845511076
2372,0.3169234845511076
12115,0.23813597622789365
1843,0.22900766171943562
19318,0.37182032354273803
3479,0.3575517045163517
6948,0.3096388858568802
19220,0.4385581055671104
14351,0.3096956474633429
4579,0.3055251429654899
10924,0.3006653515420913
8735,0.3006653515420913
9412,0.3006653515420913
17082,0.2083409938656029
15892,0.3227601383131363
5125,0.33548309099020673
15184,0.4819878269370116
1779,0.3377793569383902
16677,0.3353820641643239
2330,0.33176385649289064
14322,0.27986475589707926
3020,0.2577165063965269
10852,0.22491582657274595
18634,0.3189298255467809
14900,0.3201647704060204
4041,0.29035062229654396
4379,0.29035062229654396
5082,0.30397823889762166
5775,0.30397823889762166
8134,0.2554364028278771
12742,0.2554364028278771
17118,0.2410169510833387
5382,0.27347121178204087
13833,0.32110428153442716
12118,0.2116903783560699
12112,0.33277937174581634
16164,0.33277937174581634
12694,0.3459572615998127
11834,0.24223668896938919
8628,0.2947785276494336
17612,0.24326138421925106
13522,0.3410180020127277
2855,0.28580467245398194
10574,0.27563623891214284
10676,0.27222722582950076
14664,0.3699115614852774
6333,0.29731801565142035
1403,0.23119879627688109
772,0.3157045667984153
2734,0.29829761407793964
11350,0.2728533560308014
15980,0.2849870378001559
18677,0.2979418029068055
14527,0.2956429602187458
18619,0.31678627686550287
15377,0.32055566696771565
19135,0.2992007240434192
7494,0.23040473281944626
12655,0.23040473281944626
11499,0.2920985847390648
346,0.48808400942990265
3353,0.6317906900758109
1464,0.6317906900758109
16882,0.34030526551032536
18891,0.3226428080668954
7349,0.2919013625954851
4533,0.2751073363531974
19311,0.3015905629320645
4210,0.3015905629320645
8805,0.2790068432448445
14002,0.2716058758479012
13638,0.3441664498566296
693,0.31461851990749556
1112,0.42152432950694285
191,0.39234946758091016
11153,0.5425856779849896
9016,0.36190437613848797
3449,0.2281311387139726
2175,0.27314169707478275
17109,0.2977241322140396
12375,0.28665199707593836
13038,0.25948161822681565
9970,0.25168420533914637
3350,0.25168420533914637
8424,0.25168420533914637
72,0.32728291939954607
3462,0.32728291939954607
7465,0.316402348502561
14976,0.32059586597123146
15358,0.4619700011711071
9259,0.3767761523590125
7917,0.30898301073431494
15546,0.2842289021614166
2731,0.2996077199920313
15497,0.37257307607010953
10757,0.4933606998494302
17494,0.5597836907401884
19071,0.4214144165794592
18700,0.38249099874001796
5290,0.2877614360089849
17196,0.22339670605022607
19956,0.30659693637234015
8697,0.2797753429218298
7711,0.2386600180068628
18167,0.2967035220162089
8099,0.32240934227048035
6799,0.32240934227048035
18756,0.2817905526636188
11160,0.2281716428027092
4586,0.3575999135591693
2486,0.2608315873584214
15070,0.2999600791237594
4076,0.282589714898372
11762,0.3332822542536071
5364,0.30386524817747856
10219,0.20806412179409237
418,0.6570512778437694
5884,0.3721459978844107
10101,0.38760568906543974
5957,0.31317708246883624
14717,0.30665566085275586
88,0.24938199292293436
12845,0.25707475466277785
2834,0.23687859833401043
10521,0.6377427170310235
10778,0.38880694612218036
9376,0.40852644072077937
14476,0.31904720926299096
13606,0.31904720926299096
12268,0.2557868058166707
11759,0.2906233590114073
18682,0.29658762583744397
18883,0.29658762583744397
9948,0.1694435516441099
318,0.3332282265975447
15035,0.31125426582581706
8276,0.30781285289888066
13369,0.30781285289888066
16612,0.30781285289888066
6500,0.18842120340812946
18503,0.2945249201982951
12563,0.2963536037865405
3332,0.2876841727520956
6257,0.2876841727520956
3486,0.3651146172084966
17992,0.364820234027032
2326,0.30125587003392773
4252,0.3216493259348796
11769,0.3191972813308198
13047,0.2438644943851044
8679,0.28084679777924515
4314,0.23836891655523437
3521,0.30946995119537085
1606,0.2890020628789819
12217,0.3218948122851746
16679,0.3406049416419576
16616,0.19283070472967248
7133,0.17396760647347648
7554,0.23889099717494383
16082,0.18703124185199438
7834,0.18703124185199438
37,0.18703124185199438
10839,0.3333713957436528
1261,0.3333713957436528
9954,0.23950969598697733
10935,0.23950969598697733
4496,0.23950969598697733
18102,0.33438821010950803
8420,0.28584270210769935
15834,0.3721759481553334
11397,0.30147778333660774
4469,0.2885324624072259
2463,0.23975138846601612
16710,0.23975138846601612
17493,0.3595010872087429
11812,0.26883554324027054
20217,0.27122184876240224
1967,0.26883554324027054
11889,0.2719779131406945
15703,0.19905352560154904
19365,0.31919034189441303
16668,0.22060209787793547
3128,0.23263406499366177
17692,0.29721596512594584
16778,0.36770072403708304
14334,0.3462382520492976
14559,0.1725129485223539
13057,0.18470202312706058
6529,0.5137953707061015
806,0.5688167953451183
3470,0.23438325472551588
18961,0.4091783634343431
17770,0.4091783634343431
9214,0.3202611814582149
16817,0.30516612591865044
11417,0.19187980094701218
16279,0.19538357946447424
10294,0.18470202312706058
11498,0.25845212202147455
10189,0.20788435965993496
2029,0.2615425591315686
8186,0.3398573493679615
2841,0.3446507801444387
19205,0.20524859610855845
34,0.19838696194510327
960,0.3267615845981922
6045,0.32091098238732774
7506,0.2701705261741146
15171,0.2672937445888115
1575,0.2672937445888115
18368,0.2404620167868565
13274,0.2872062719823582
1486,0.26072114288416054
1734,0.3454437254922
15807,0.3096151031214566
3760,0.35440613744578553
5790,0.20171354531175933
17688,0.5141900075671888
18586,0.336990307410174
9787,0.3053013672861628
12889,0.24896382336575051
958,0.2673807135719315
13065,0.2887296522760615
4741,0.2650421926240657
4396,0.24918549004708188
7211,0.2509000157523592
18475,0.2214734467936176
2409,0.21738320468161615
19563,0.2676252519531335
8837,0.2676252519531335
16443,0.35076004511974956
4470,0.30386524817747856
1010,0.32190879509616177
4425,0.33010099654781033
17400,0.3648483773166745
13569,0.3447761448945432
8351,0.3070260934814651
13977,0.23137554702608876
14757,0.23137554702608876
13902,0.1850416868245891
16799,0.2592792534698848
5838,0.2601831578949322
11615,0.3284910530036286
10939,0.3284910530036286
11075,0.6366854624361661
16237,0.41719578721733463
8703,0.3465192774465976
10592,0.2846534601607203
9776,0.2846534601607203
15917,0.3548872755067809
15138,0.2986834906041459
10501,0.2907796015574239
559,0.34894218194691673
7097,0.5485797156903502
4507,0.24130763523346835
14798,0.32651378593322766
10811,0.2111934245040435
16385,0.2111934245040435
13004,0.20247511465838464
8370,0.3398573493679615
8646,0.20026192196007928
18385,0.27390883518793885
16114,0.278639544354005
9792,0.2851421762700266
4511,0.2912298745642066
16765,0.38407690013890056
8446,0.38407690013890056
4887,0.3105572370189845
13319,0.2592731400662047
17590,0.38844622627716463
5399,0.3306081746861651
9022,0.3306081746861651
3961,0.3306081746861651
2440,0.5515937958236837
18257,0.2984653814002094
1798,0.30220554773423847
9827,0.326039880798735
14619,0.326039880798735
17911,0.22335006555643483
4120,0.22335006555643483
3899,0.38407690013890056
4972,0.1413380125093704
931,0.3276985763059541
10490,0.3276985763059541
8194,0.2208598003658792
6101,0.3618047089706261
16416,0.23242543671245397
8810,0.22151543695494977
1047,0.27326552516992925
13126,0.27326552516992925
18394,0.3298353796785692
17893,0.3298353796785692
10341,0.5365294851524794
2656,0.5365294851524794
14528,0.5365294851524794
465,0.425616077442072
8800,0.1976694372665833
12430,0.2722706824068889
18669,0.3217701450839638
16566,0.33803316478621204
19062,0.33803316478621204
10494,0.30041218930194674
143,0.30598412753511894
7384,0.2721005270176643
19059,0.2764090015910902
7190,0.3461553607478113
10886,0.3461553607478113
15311,0.27425130464272796
20047,0.17466422638701712
3100,0.31253487651784684
566,0.5768846504838213
7915,0.22845416622175402
10374,0.26691332236441423
11201,0.260833666718709
11669,0.3440854286523337
15064,0.30645283647771066
18266,0.22836741039976075
6013,0.29020422982596106
6282,0.19005408020454082
1185,0.5462243147898418
13489,0.28403352183029973
9285,0.28403352183029973
10789,0.2819772859817602
17768,0.3220109683387665
8474,0.27682461610691167
10498,0.2615694148041097
9540,0.3338471304023269
5128,0.5062730767469424
307,0.15852103342817228
9501,0.5522784850681903
6195,0.2453254065807597
1021,0.3914374944503024
248,0.27559054707252884
13468,0.26428257658175097
15668,0.34683228685844836
8046,0.34683228685844836
144,0.2326849018099179
17259,0.1703113200155415
12245,0.31377228242490507
18000,0.25480254506620476
904,0.25480254506620476
19711,0.25480254506620476
16452,0.3232926047112828
4684,0.5995225356200551
13577,0.2414407121567339
3749,0.27335912258089357
19918,0.266905846127638
3092,0.2732159928270756
2353,0.27330700167954397
5294,0.2677184581058825
4299,0.30804250650424125
10447,0.24614450074095862
13783,0.18449235157209726
10563,0.19131015476922422
18367,0.19035440095673622
1828,0.34173324478270173
6676,0.366386642363871
18652,0.24127213364235994
7162,0.27797819621673364
7583,0.27797819621673364
9908,0.33842587582767153
46,0.3466140329090257
17826,0.5583438981923985
6146,0.34587153305857665
10643,0.26230199384656266
3097,0.22517016194696227
16775,0.23872952683472723
14427,0.32448036723665585
275,0.3132516045657001
14965,0.2676715345036897
18429,0.21839554345699458
1856,0.19406740651409402
2134,0.2189808231042734
7130,0.38377697064867955
3355,0.20697688582403023
14697,0.2735899748893689
17336,0.2735899748893689
8507,0.2538526149853318
20233,0.27991376222630066
19712,0.29623545082904595
19465,0.29623545082904595
4333,0.2366760551452361
724,0.22052898992657893
19599,0.14354680321809565
13568,0.5387187197664562
938,0.5387187197664562
3117,0.5387187197664562
17547,0.20674191193173852
2906,0.2219735818003225
16733,0.2288832420061938
5797,0.2634340076746398
984,0.28029694126124666
16769,0.389334537008693
7049,0.30305913098572174
10719,0.30305913098572174
12654,0.317401608705806
10523,0.28395805654629674
1938,0.3196073271236507
9450,0.25079377506476064
17742,0.25079377506476064
14162,0.25079377506476064
13812,0.4185740024859114
18501,0.18427470884574193
2791,0.28271185526513415
5842,0.2970468536219976
12841,0.2646212869389456
18674,0.5482672235936055
12784,0.19267078802541637
435,0.33745823002975606
241,0.31773953254524656
13435,0.30230641732669505
11829,0.35164556290905424
15108,0.18427470884574193
9611,0.26069772121429147
1557,0.5502094751847462
13794,0.3004513769007599
11316,0.3004513769007599
4525,0.26490368778093515
11475,0.26810474837536047
3537,0.3041211983488164
12323,0.3121107673439735
14000,0.2985135187214792
221,0.26934230294675965
9047,0.26934230294675965
8319,0.27431978953751596
8912,0.24013754368815443
7323,0.22966691851716484
17429,0.346253322398194
11284,0.3669279645196173
13351,0.35087019816926035
12997,0.39934716388166847
12137,0.39934716388166847
16562,0.22586249371412565
12315,0.32001966300901796
8365,0.2469466613741173
15326,0.26005953862227504
19241,0.2419915406310726
1219,0.23027768717441122
2374,0.5529443715387385
3189,0.24371468950768266
18603,0.2651657993229791
3686,0.34546862191564176
11413,0.339684785296337
19883,0.18443840757371668
1860,0.3438049649417149
15444,0.424401121528425
12917,0.24115384781865418
3408,0.24115384781865418
9393,0.28781094300077176
3926,0.2120021132033525
12091,0.31285231870647995
4724,0.34546862191564176
4757,0.29013121626235977
13769,0.37562006196508113
19287,0.3061744695968698
14004,0.21068775292499464
5229,0.280416883188754
8209,0.31516282070922785
7490,0.31516282070922785
16059,0.31516282070922785
8430,0.45882586813212656
6868,0.30822046993032265
9728,0.29307438081242576
19555,0.29307438081242576
9038,0.17392679542584527
9030,0.17392679542584527
610,0.5783578530600411
1441,0.30291640274496284
17204,0.2292141709818774
1865,0.34280455711150337
15381,0.3213970836310787
7083,0.27606130548892543
14481,0.2347377520162302
5854,0.289300576770508
9484,0.2830741631988734
9479,0.2509812989216238
19935,0.32347396715660337
14296,0.25769381732181584
17200,0.2819772859817602
17721,0.3536325929473826
5578,0.29649381653669543
17972,0.35569242350161656
17450,0.29007252471655964
6079,0.29007252471655964
12187,0.29244804237478844
15244,0.25216659808508984
8252,0.18901679873235117
16699,0.3323348053846106
18927,0.6180407016428433
5800,0.6180407016428433
11544,0.26233777333258235
5458,0.26233777333258235
19654,0.29912993381856634
16145,0.25963792892121684
7492,0.32180326669747455
5868,0.28848819987598157
3015,0.3490248951464445
1260,0.26805637887551337
19622,0.26805637887551337
18075,0.20891744389041841
11228,0.6205769132172275
2496,0.5926268805336311
6154,0.24015111178629622
6474,0.31655324542710855
3276,0.3727244651417638
11187,0.27254932927157705
19486,0.27868299782131317
13265,0.3010239328462292
18806,0.3010239328462292
3786,0.21197122249483089
3451,0.276578696328162
13383,0.3217701450839638
17885,0.2317559311109961
18299,0.2317559311109961
4155,0.2317559311109961
19474,0.2899418720274335
9265,0.29224596814110426
4777,0.46439859852086596
19692,0.33869419288702934
14810,0.33869419288702934
14836,0.2353902219029666
13260,0.2961662986996207
19653,0.2994519363856899
14330,0.23988930199434472
4192,0.23988930199434472
19183,0.5865821381183446
1020,0.2422967963946955
1605,0.3570991592896412
11627,0.2742365416659125
16446,0.30738250650450205
7717,0.21780982072060115
13172,0.21701489202730206
11897,0.2603779564501712
17100,0.20858430862702676
9142,0.242184462023039
1135,0.323010397596422
15015,0.2665656889673707
17417,0.23005726586251474
8846,0.30167071084165636
4050,0.29705490067545826
19110,0.1915337544603084
14145,0.23212341995683278
11072,0.28306936758820495
1321,0.20333171896128815
7043,0.3053856871352759
6404,0.3043152126115919
3973,0.3043152126115919
19979,0.3873849190154738
237,0.24591101344687313
3331,0.22105787519390974
13905,0.40427202773377297
19136,0.22539502380706555
3653,0.2762874091557633
569,0.2762874091557633
5086,0.3273645237385827
16678,0.30749422278569755
12756,0.316847431394213
2573,0.2870389738542261
575,0.44417706071396634
18297,0.4479973274732705
17790,0.3490133715433741
12863,0.24466174559509102
138,0.34873771062585324
7780,0.30447953226530683
7800,0.2225594450848804
14225,0.28978513985089577
14587,0.30898483057168313
1187,0.374221164201445
13521,0.4629679766277811
5813,0.45821812177574867
1022,0.341789998274257
14970,0.3457817368242705
18839,0.341789998274257
1033,0.30859669141405
19623,0.32390765689038475
17406,0.27435142784386574
12868,0.19868844285681006
943,0.27435142784386574
7312,0.22227317305602512
17185,0.22227317305602512
2527,0.26750546545925147
18193,0.31385990058887847
5509,0.23335883635054525
7204,0.15370881110379295
19583,0.3076607898052598
7903,0.2290679578531149
19823,0.38021107171604274
14549,0.2653121703628792
11638,0.28066209881938314
18388,0.28066209881938314
4399,0.24160580199567205
15440,0.2118432480319875
2696,0.40577290630456614
18982,0.40577290630456614
13373,0.40577290630456614
3694,0.40577290630456614
18361,0.28188667162981895
15903,0.5578621950372504
12990,0.6031856227217428
6241,0.5391557699895649
8771,0.26161042704286325
9395,0.23086315706267596
12346,0.21248513464312005
2216,0.23828901691926405
3080,0.2839987907796389
250,0.3464755147832145
3643,0.3464755147832145
11633,0.6790009154147685
972,0.2738128265781401
17594,0.3316388420290318
9941,0.2559656181609168
11479,0.2959101965509836
426,0.18766654242319947
3823,0.3741823000636863
2115,0.22048405505100901
16212,0.2418768630040138
2785,0.26743295002423056
15922,0.26743295002423056
13442,0.3439431009021024
622,0.2539226166652743
15753,0.2510339581338456
17772,0.36690538052603916
12525,0.36690538052603916
14729,0.2590275052186031
648,0.2590275052186031
10667,0.28146474090978113
12512,0.256067810103022
11899,0.2421058544609027
2522,0.5118709354497045
18390,0.33136026504072436
19522,0.33136026504072436
8366,0.3633040254856942
5444,0.3633040254856942
8596,0.383939306951528
1351,0.35414060913215595
12536,0.35414060913215595
17313,0.21564444191779614
8643,0.21564444191779614
7679,0.2934926287356627
10423,0.32094790524848643
16652,0.3127957039491295
19385,0.2697551618464045
551,0.36373453740099754
6665,0.3206846723958344
15412,0.2832429918880222
19222,0.37537817427098985
14247,0.37537817427098985
15935,0.10379222738520641
9387,0.28950853769165485
7244,0.32494347316071587
11174,0.2282487716978124
15104,0.2634154438054923
9938,0.3109369467326336
6030,0.28798364129270204
18066,0.28798364129270204
16073,0.2788512483371813
13205,0.27191009919099507
11126,0.28781225372409447
14078,0.41583031317726804
2586,0.3415616529969939
17875,0.3807341290784183
16307,0.2950334091714662
9574,0.2950334091714662
9279,0.24253483350763907
17181,0.21089037449693354
3393,0.28781225372409447
12444,0.28781225372409447
17141,0.08175279514681776
6460,0.41771881316828524
8624,0.3149389699021292
2945,0.34647814526594184
540,0.34647814526594184
16486,0.31849751924694863
11005,0.2576727364483389
4420,0.274442223007844
15907,0.28167309841364385
1386,0.1292962582334425
2209,0.4082057968194616
19412,0.3965639022530462
15078,0.3965639022530462
14817,0.3121093894021272
14189,0.3185163980731798
15205,0.260060243703508
2604,0.260060243703508
11320,0.43348706603871856
623,0.43348706603871856
5806,0.3482214914772507
18118,0.3482214914772507
9134,0.40482563248360254
13007,0.24164464129884242
7330,0.4998452455100456
17672,0.5709690924028135
12367,0.4117519318986184
5956,0.3608811527655731
10916,0.3067949243762406
16728,0.2979328703551221
8182,0.2597280169330222
13341,0.2280639110399404
11318,0.3568059721773056
4957,0.35522532204445467
14699,0.35185744630367344
11209,0.24215121821241564
10895,0.3671699034533591
7912,0.15629029671974687
15474,0.33404109565328743
7788,0.31958838541688617
4382,0.31958838541688617
17821,0.3361474762182965
12099,0.304182520277264
6433,0.304182520277264
9524,0.304182520277264
5234,0.23653516187882748
10293,0.27703542523482616
5710,0.21978431137441667
11535,0.21978431137441667
4427,0.37339463354523694
17322,0.23338234958368023
10660,0.2320792512981566
9838,0.379083478806499
2988,0.379083478806499
4906,0.35050432021509637
3485,0.3000436549666958
894,0.2665111690733201
3413,0.2916175659332189
2965,0.1948738604609065
8027,0.2665111690733201
19993,0.2736799909352448
3230,0.2708606239982739
10738,0.2320792512981566
3561,0.2819165986304655
19696,0.3000760010861583
17186,0.45105777979143474
17398,0.45105777979143474
1165,0.3592223294651875
5368,0.3053088213427959
14653,0.2986000730967064
13055,0.25669925461550036
8839,0.2916175659332189
3850,0.19951685415038997
7458,0.3379152321689629
15848,0.35557489836807626
1864,0.31992706037282803
12493,0.2207136911552236
18319,0.26719184673657426
4224,0.181693012983461
14982,0.2787415527751165
14268,0.32172243673253165
3028,0.2878213730808339
13393,0.2368247914243788
4387,0.24634969524151717
4825,0.2368247914243788
17132,0.1292962582334425
16266,0.2312056581457954
18648,0.2312056581457954
16976,0.3812709018062494
10670,0.39121104083996083
9606,0.39121104083996083
9076,0.2861220448536595
2234,0.284400306574665
7236,0.23629294176137217
14522,0.23629294176137217
17027,0.22356548150506977
19166,0.28822177379722075
4363,0.28822177379722075
3524,0.4244725267520867
10269,0.23020653175673123
4725,0.23020653175673123
5342,0.2761491600839723
756,0.47675848961374345
13281,0.47675848961374345
19447,0.4259143270592234
16887,0.4413960918660114
1152,0.3265676325550581
7841,0.23816899686783904
3439,0.23816899686783904
6215,0.31970024032664046
17568,0.37360620969180236
6274,0.37360620969180236
5302,0.3552834719537249
13511,0.36295511816352066
9743,0.3552834719537249
13867,0.45789155497255474
13283,0.45789155497255474
13587,0.45789155497255474
11680,0.4860182672127966
9702,0.45055234208891604
16000,0.23376390084452126
14242,0.23376390084452126
17454,0.2630680480061228
17593,0.2630680480061228
5340,0.3194596636591678
18892,0.3397167782237454
3082,0.350204997981975
817,0.23669089067453172
3416,0.23669089067453172
9366,0.2578289715957233
16721,0.2565608658482964
8587,0.277719496271451
19125,0.2378645423172165
12553,0.23946763909365817
12928,0.2445832339815065
4508,0.3247992777666672
16449,0.3375558350461352
1023,0.2696327000812266
6303,0.2693348263280223
7034,0.2693348263280223
116,0.26365687509582175
6100,0.2758410738303972
15100,0.3818827622244881
9820,0.36255342913925576
10326,0.23396569590897462
6472,0.34305994877722906
7576,0.3461136734561884
8634,0.3137168493124062
10424,0.39033242295642623
13634,0.2740405826357877
2461,0.23897542344257933
1330,0.2482811831885029
3766,0.6754349248126359
3793,0.2751762105247852
2804,0.2903232276996646
3847,0.24131657861096045
16983,0.2628895190577534
11824,0.2628895190577534
3337,0.2920936120455722
17176,0.29839838182052286
20100,0.21064775800057836
8488,0.2074894119456649
5038,0.3398291804189624
10872,0.390061572700252
1076,0.29172452816297095
8909,0.20104991830952004
18247,0.249820035178006
18272,0.256512914413504
2831,0.249820035178006
15405,0.256512914413504
8327,0.26741678801286245
16946,0.3379152321689629
2846,0.5556064227176252
1182,0.3158174005754969
7404,0.35697858954011297
9804,0.27950770261555247
1372,0.27594975077600337
6717,0.2466403263019789
17573,0.3264446303073283
4328,0.3264446303073283
1049,0.3264446303073283
9800,0.31360156010862844
328,0.3182915472261364
5029,0.27036726683939455
8841,0.27036726683939455
5201,0.24523234022545426
5077,0.2552785526891658
6583,0.22412020962676477
8255,0.22412020962676477
19489,0.22412020962676477
6366,0.32131566282920665
444,0.6039300530841156
10066,0.5930414580387335
11924,0.24887717018692657
3528,0.2524640086113186
3531,0.3879554499842689
5562,0.3392574630983478
18741,0.2636694912631278
5773,0.34791918433485647
13506,0.6485851089594817
2,0.6809120839551873
15580,0.3167788883719885
19234,0.17080629295573324
14301,0.3396759869928837
16707,0.3059760766883449
7725,0.2991686674900822
5336,0.33400518481183683
1194,0.30631982243883804
15067,0.24198779916978333
13901,0.3127456256238926
4559,0.6786810602507743
10752,0.21673351143511405
949,0.28325806629264766
7084,0.3746304120000899
10730,0.3746304120000899
1168,0.325984842207287
4077,0.33286999047094346
18085,0.34596186851063526
16389,0.27339744034687563
8098,0.2415267868187795
270,0.2988910477377654
5144,0.2932245077404993
9168,0.30985233343567337
10190,0.3065517685814968
12816,0.35978120247872364
4163,0.6249775170006423
10889,0.29450161241385014
11660,0.32326769507601727
3269,0.31848095360656525
13613,0.3121883709084071
4200,0.30435739391683136
18831,0.30435739391683136
2077,0.30355489603297636
236,0.23930079144141705
8964,0.3341750119049891
13835,0.3381605099163801
6252,0.31142399070972066
7298,0.33656831458739106
10140,0.29809746629925526
7825,0.29809746629925526
11946,0.2847255161958548
11830,0.32634546503894424
3774,0.5513559301996499
2195,0.26800505704993904
1693,0.331106954263265
6568,0.36587333937935373
2020,0.27453724059972645
9460,0.24438378442216538
18940,0.3097264888675836
16034,0.21534430836670562
16631,0.35765705903179956
8454,0.32615244583945036
8888,0.32021359113504844
4624,0.28316566708839097
1753,0.19291023574662192
15619,0.23690820323511716
3151,0.3192743238457673
19780,0.3276140403768036
10860,0.24853221866536968
3443,0.24853221866536968
14789,0.3001240020357747
19527,0.26265226548035103
3038,0.36659879095264775
15436,0.36659879095264775
9066,0.2661043551707113
359,0.25497142368972225
10048,0.21008403066528183
1503,0.21008403066528183
11915,0.19826946193049966
18800,0.19826946193049966
12470,0.31272918881165146
1649,0.6364283085698899
5783,0.2020219738893919
5879,0.2020219738893919
12735,0.23157189477332943
4497,0.3073606221364549
17346,0.2466403263019789
17798,0.3331730648962098
17995,0.3331730648962098
17325,0.31360156010862844
14747,0.31360156010862844
19460,0.31360156010862844
12074,0.3969246188877659
295,0.31219902342084876
714,0.29748578479727705
2320,0.24523234022545426
17944,0.29596107380204995
16435,0.2599650273056197
6446,0.2599650273056197
9147,0.32772015702158425
19606,0.3778386874577522
14244,0.3778386874577522
9889,0.3213512596737327
6940,0.3692455149043358
5013,0.26684091517608477
6959,0.24680346094093053
11749,0.6075794282504009
16567,0.37311069437535266
10274,0.25222609254269723
19394,0.3346269499620149
4870,0.3346269499620149
9185,0.23215868597538197
6367,0.23215868597538197
1145,0.2069511799191913
4024,0.3288551982956451
15607,0.339074498049366
7182,0.35504216958830315
3368,0.3293190644636388
10851,0.3293190644636388
20179,0.2911250342697374
4523,0.3245422129651856
4320,0.3245422129651856
18353,0.19608588103163138
8729,0.2284520046169475
6663,0.23648912154776297
17635,0.3376129302886721
4946,0.46394068104723396
15266,0.30743557387778536
11671,0.1762988127351356
12908,0.3064097883733553
17438,0.2348271864611049
15288,0.22403764762836248
2540,0.22403764762836248
4185,0.6268363468148476
15231,0.2538128815053461
19659,0.2538128815053461
6743,0.3449496967502566
2529,0.28844517471396053
8125,0.21158108614209187
17669,0.3339889767308851
15591,0.3359504754507322
52,0.2168171777519987
10067,0.25191633248333606
1346,0.2165861560055578
3116,0.17996984575815245
10229,0.17996984575815245
15023,0.31946297238312005
667,0.31946297238312005
15960,0.20102095551433188
3045,0.2629743245092034
15097,0.254956170945663
449,0.2875766788925964
7798,0.34696703563276277
16614,0.34696703563276277
16542,0.34696703563276277
18225,0.42803424403003004
13797,0.34363863290511254
1246,0.33462763902061465
14057,0.3166320267008222
17913,0.3166320267008222
10095,0.2142008666027057
5759,0.35171975414548023
3877,0.28520845228150715
9861,0.28520845228150715
12185,0.2724126942454582
12456,0.29380845891016855
4468,0.29380845891016855
11997,0.29380845891016855
12,0.16087332913037722
10254,0.1707729117459383
1984,0.2917113343209187
14831,0.2805518183646746
9989,0.20098408290132586
17308,0.376560917443961
2159,0.20794521186992176
5962,0.2670315125636792
11096,0.2922377995696652
6581,0.3136558882370258
8618,0.3028787285183881
19102,0.3136558882370258
12486,0.20794521186992176
19998,0.2994719865635893
9299,0.37066138706974205
7308,0.37066138706974205
7879,0.24428808284466005
19982,0.24428808284466005
8000,0.3263973816049849
18683,0.31999550910872926
15984,0.3572802087245669
4661,0.19674153125315477
18467,0.3083327221836314
12810,0.3083327221836314
6513,0.4326563614202316
9257,0.4326563614202316
17498,0.26841714277668394
1533,0.26091801577852314
5613,0.3678638009585761
14253,0.1874446232829874
3223,0.3153794448394726
4228,0.18202480837300386
12249,0.18202480837300386
18422,0.19010517404239594
8572,0.3286652700376918
11089,0.5301126215693787
12386,0.1838408618134059
8388,0.3571156888028709
1755,0.3571156888028709
15487,0.19991885185376437
7805,0.19991885185376437
12003,0.19991885185376437
13449,0.28307612462299253
8097,0.1962318810321478
4288,0.3091957762657057
12018,0.34190439222734026
14625,0.3364319994084124
7327,0.2850995087234331
17320,0.24626556391362459
8261,0.2547511472243789
18835,0.24626556391362459
18525,0.358186049234209
4298,0.35857356574547794
17419,0.3733690628481793
5658,0.24901703777018713
14093,0.3391860989766635
16203,0.3391860989766635
14302,0.3663605482149983
4888,0.3451240207490608
1870,0.31654838423503306
9115,0.3938014762392048
13912,0.23911382428363115
4815,0.33509234857765235
626,0.32134029300152867
16636,0.23716224303527378
10965,0.29396877949707323
3790,0.41166722946227874
1902,0.36112916248173466
9432,0.36112916248173466
14255,0.398634551057473
16925,0.3121883709084071
13503,0.3192880995064197
11176,0.2247540383555518
18302,0.25365030474520706
12501,0.25677869898870376
2640,0.3425041625382553
10947,0.2571343130137593
11239,0.1954907006371717
3114,0.19932985172998674
15270,0.3321474363657627
3006,0.4354791147916088
1589,0.3249321371898673
13164,0.21979204511836847
5431,0.23649400801019632
8256,0.27071863765653714
6481,0.3321474363657627
8818,0.3202519123104702
16230,0.3285480783838636
19269,0.37832200884212464
19667,0.42643578663389775
13486,0.26216345308403344
16901,0.29476578865365766
14283,0.2296677733322634
11140,0.24575523991827455
5908,0.23649400801019632
19278,0.17498380554631715
19651,0.3493025768981159
12371,0.3493025768981159
19087,0.29578085248184016
9538,0.4518396593056733
13581,0.4356835005986947
9308,0.19801322243952535
13174,0.2568057855383301
10144,0.23740925410447022
13580,0.23740925410447022
1542,0.24650109328427083
15207,0.26574460056196203
4357,0.40876159234966725
12325,0.32019897830125843
11859,0.32459607570073995
1494,0.28780733574959433
3816,0.25559717072927524
12128,0.28780733574959433
16232,0.39306086710959454
4,0.2247578565089177
6600,0.2247578565089177
5343,0.35979919807316074
16245,0.22338989615025745
12200,0.2585461241305374
17225,0.3148718514774209
14812,0.3263973816049849
5992,0.3263973816049849
9872,0.2145220776514286
8434,0.3305761022787399
18623,0.30927530087007815
9490,0.3454743179528502
2718,0.22542056543836023
14364,0.34388112242982655
9560,0.22812596566205967
17997,0.3404855256985574
6428,0.24312431126955222
13461,0.24312431126955222
17762,0.19624809178230826
14542,0.34317712466229267
14946,0.34358752188018304
10830,0.34358752188018304
7123,0.34358752188018304
15698,0.22059069356667815
17686,0.2674889022889055
18555,0.24019735401434888
9963,0.31660303701592585
1200,0.25493421407634553
19373,0.28477424272773505
12291,0.2733977508316011
17915,0.31166896543757217
1016,0.238122396149873
16304,0.238122396149873
8708,0.2910756590751132
18947,0.3066380816737309
16254,0.3066380816737309
2082,0.22272437170597878
4124,0.23646434343827483
1166,0.23646434343827483
19329,0.22203138589158888
1744,0.25781487496245736
10993,0.2577942225989358
619,0.2577942225989358
7223,0.2747767850586128
13407,0.23646434343827483
19437,0.44820878959165156
4460,0.2927085185063183
9256,0.324843180822017
3944,0.33175541156272015
19011,0.00783564305381848
11516,0.2088946422474455
12532,0.2240265807555293
16276,0.35587832012723397
2051,0.368162903117755
16794,0.35744013851181144
8318,0.3228058874391756
151,0.2958401219104763
7407,0.2048420724047867
14005,0.32801258159910485
3146,0.32801258159910485
16495,0.33045003011156293
14043,0.34011105167232836
4244,0.23009310899383273
13170,0.22869141194403608
18782,0.32897344503132186
10443,0.30908190659109847
19446,0.25075187876576693
4978,0.23944548537168778
15431,0.2103239758921278
13711,0.22994948443516505
1387,0.3247904574286123
19419,0.30097623152962627
3475,0.3202833148244568
14484,0.22079829160875125
16209,0.15587399327818316
19356,0.1648720317777173
15061,0.1648720317777173
15238,0.23489118934302133
1539,0.23489118934302133
10059,0.24045877566913984
14574,0.25904062900428493
1233,0.25904062900428493
2093,0.11166480831208185
1075,0.32677300383346797
5268,0.3062016154286046
19893,0.3536768235277977
14912,0.36521966726881605
17326,0.3687716716061322
18188,0.3687716716061322
682,0.1875941007160909
264,0.3117041903640587
5384,0.2787240287109076
11337,0.31625251639699953
1585,0.3702363284889032
13594,0.3089298220353676
2166,0.390572515762676
10138,0.2968251636423279
8831,0.2968251636423279
4636,0.2790767666150628
6725,0.2897397538315367
5620,0.309992860538418
628,0.2803194798949937
6112,0.2803194798949937
5464,0.2728140218626609
10277,0.2728140218626609
3609,0.24391413802665485
13575,0.35170381066029816
19478,0.19469613011470843
557,0.36531505552129223
5304,0.34491038068691815
887,0.3398511150414738
14182,0.3454798918598815
4094,0.22733043347926368
12899,0.3305761022787399
15637,0.26143056117435143
9819,0.2743866561960586
6627,0.2638223642180538
8512,0.31171763425912835
12006,0.24050284942611677
6281,0.31776807411559205
2548,0.21408594076761103
13247,0.2444806634953456
1002,0.3216148901433271
16409,0.3216148901433271
8469,0.29508429455392343
2447,0.3151017868401685
3797,0.2916085047505469
6550,0.3192084503973239
17584,0.30091866608279605
5584,0.31907721138385164
8986,0.2749683184451141
12647,0.33474155673181505
8427,0.33942355078106834
17548,0.33942355078106834
12684,0.3309502779233332
2351,0.3309502779233332
9457,0.2301691445486299
14594,0.2942121973095429
11416,0.2942121973095429
18825,0.32293387539952984
9107,0.1975728970040148
14204,0.32423037936022514
1024,0.32313925094066615
5163,0.31269211605499664
7051,0.2507745938176586
20168,0.3641791042341831
882,0.37339463354523694
7456,0.3074406625792233
12738,0.3096807634844786
15317,0.30457242055370526
951,0.18730389520297747
15084,0.2714450415398133
5198,0.2527434182517506
9577,0.35109091032408224
16320,0.35109091032408224
6509,0.2651793396633321
3108,0.3096807634844786
6379,0.29021797107065467
5402,0.32127478100197
18493,0.19608686051314406
479,0.052666543476616784
12901,0.30342175432702595
9365,0.4707693874669363
17786,0.3214021853572585
13080,0.360567468357025
19512,0.30498770741384135
9910,0.25333234016368633
3539,0.2641462681096327
20061,0.313042420770337
5063,0.313042420770337
4569,0.4123206618223052
2996,0.257745837818687
19362,0.257745837818687
5354,0.24422005987505985
18828,0.3138702368000641
17354,0.3138702368000641
12734,0.22152846896890163
17591,0.3522388048747197
10651,0.2662415593145575
13496,0.3434997023519173
13178,0.29919840308002876
15675,0.24164032231726681
2331,0.2946748309364857
16400,0.34370721078637656
17479,0.3435392487001737
12667,0.304394660177584
18160,0.304394660177584
998,0.2057876791325407
19430,0.34141174745432734
13233,0.42454474622212796
17543,0.48605811428478796
12342,0.4509715627179829
5242,0.2859888692334663
10769,0.2722290096863281
6406,0.291678288671596
18072,0.30153719525889766
15755,0.31625251639699953
11376,0.2119139080189039
2100,0.2148323118785718
12369,0.395957858276027
132,0.2904035537638689
10082,0.37763167582658413
19116,0.29846947573407845
1652,0.31798440108192394
8654,0.31938943136254677
8090,0.18896766282005661
16430,0.1931457249525217
173,0.18896766282005661
17414,0.1931457249525217
6566,0.1931457249525217
13592,0.437370693031053
16511,0.33662656122276713
1842,0.33585749828891626
1872,0.29149520256814276
11591,0.28358001022907015
16641,0.29312264886826966
12846,0.31128272859945294
10164,0.27469009975125686
8984,0.2275184717842053
17910,0.3462468756129654
14997,0.3462468756129654
8717,0.3188847371493927
9177,0.23194802424644612
7184,0.5601681852469448
16013,0.22453058776080417
15557,0.31348788595441024
9368,0.23023779739936157
5996,0.24712007470916253
8543,0.30559273148948995
16644,0.3337131760238572
4693,0.33050715576166356
9075,0.5685809228471896
17994,0.5685809228471896
9675,0.5685809228471896
6779,0.2872380739216506
14958,0.2780241939672279
12408,0.3690957824201347
16537,0.3690957824201347
17363,0.23915118431507898
8882,0.28432650582476293
7306,0.2981578589453796
15706,0.2611662920786366
16129,0.3483985422758902
11421,0.3483985422758902
12663,0.2643314358174601
464,0.2767240747288473
5080,0.2239090343106917
12060,0.24150711330575203
7234,0.19779109688414043
2534,0.391374386007066
4561,0.3204130532209745
11248,0.3204130532209745
12394,0.6207671038647058
2299,0.26542566290322694
7238,0.1893231748838793
1762,0.20305117055250294
14422,0.24742053837907807
18540,0.2926471585346862
1609,0.25592097443769846
12030,0.34017484326223596
1003,0.3316388420290318
9243,0.3316388420290318
9449,0.24843150248192628
10663,0.28231826540430655
16559,0.2837281574399443
11801,0.3175945721822138
7639,0.3068905691035679
4690,0.27579514743764844
2668,0.27579514743764844
4189,0.5030102398290536
55,0.22752140154916303
9353,0.22752140154916303
15049,0.2941503915199017
11279,0.2667023766546779
9778,0.2667023766546779
10032,0.20458134905226144
4471,0.29700339806443815
1873,0.29700339806443815
18865,0.31546726539764636
5241,0.31546726539764636
3640,0.5368626332572162
7654,0.34266802232164617
990,0.34266802232164617
14480,0.1724083655973821
5162,0.2884425837829616
15271,0.2884425837829616
3534,0.2735135169744539
15691,0.2957768203859025
18077,0.2957768203859025
4431,0.23385026591884114
15225,0.3118453801904617
1940,0.32298947922393095
9936,0.22860604156168005
9219,0.22860604156168005
12701,0.3122591416027668
4811,0.2869095793231761
13974,0.2869095793231761
9459,0.2869095793231761
6905,0.22135221058452031
1259,0.35040572267822023
8459,0.21477758430149982
3853,0.2743608768047939
636,0.36045714512645016
14864,0.10490570698901375
1653,0.22074342346492482
2092,0.2914524457086242
10777,0.29979656179077047
6519,0.36829653458734674
2055,0.3196707773924855
12907,0.23606247263463126
13888,0.23606247263463126
3096,0.2473869495443136
4627,0.2671974361501688
7461,0.3284366531398295
3349,0.5195007877539226
3137,0.5195007877539226
16512,0.27492880641148176
19152,0.26619343564261727
4121,0.32775604443317397
3177,0.3455225745449634
5255,0.3617974435063822
8923,0.2879561180037977
9312,0.2858112515816769
106,0.2103347141210516
17379,0.2748915281439136
14718,0.2678187203871511
12799,0.21104011310028828
12790,0.21104011310028828
14708,0.29074007644485617
12005,0.22736431363726034
7394,0.33075505939547534
3052,0.33075505939547534
9234,0.33075505939547534
10733,0.33075505939547534
3017,0.2816211337708193
19664,0.3678006897207582
12613,0.33522988591626324
7897,0.27500093299005635
7070,0.31240268435123014
5815,0.2338991070401556
7812,0.2338991070401556
16383,0.2641244716223263
10440,0.26529805882532875
15241,0.29335975973302614
11847,0.27390558466465337
13729,0.2206925644787873
7464,0.3114620911263491
12139,0.3114620911263491
15005,0.2994046725944665
1783,0.2664894126493743
7260,0.3649860656513221
4801,0.3563211931144037
11803,0.27520245477934513
2954,0.27520245477934513
18499,0.17014768566608804
11084,0.29051401798380866
1222,0.22027827027011945
4482,0.30867125846021737
8770,0.24347307639629476
8694,0.2791929162316855
7060,0.2854174208356988
14784,0.33868612967833667
19800,0.307160679269768
5018,0.3095788785761636
7227,0.2719198940600643
6808,0.3451358401524841
14379,0.3451358401524841
10019,0.3451358401524841
5111,0.2791929162316855
15211,0.3849703934550996
19108,0.3289674105308604
13801,0.3306522944464673
9980,0.31251171446935117
13180,0.35832832594892167
1869,0.36348501462207833
15889,0.28403837541041543
11002,0.28605368702520545
9341,0.2825091348553476
7956,0.21645434361384208
8577,0.3083809505025275
5649,0.35861306424197487
9506,0.35861306424197487
3651,0.3777786403085197
12313,0.25214671376651293
4136,0.1915986319943342
1793,0.1915986319943342
6034,0.2749985927168257
5816,0.37870344919354676
13350,0.37870344919354676
5740,0.19992200294394277
11206,0.26333334974826333
17833,0.26333334974826333
6985,0.24678517463835792
14988,0.28237222886607316
16441,0.29260029002538174
8508,0.3041360229879574
16188,0.31607363395080235
11478,0.32780486874322246
1072,0.21724163745518735
14647,0.26675219073324313
12131,0.26675219073324313
11013,0.36546554166862555
14835,0.2724589462496839
12640,0.3079280059775173
18690,0.3079280059775173
18776,0.3079280059775173
17021,0.3415633153152219
1080,0.31511669210427595
18863,0.2091254693751114
230,0.20545650265725215
9984,0.3465355687934657
4476,0.2427975334473094
14779,0.3280628370798238
3288,0.3337485066206169
1691,0.2794846433550617
17390,0.3159091098690742
9638,0.3159091098690742
13803,0.18674471746113347
4553,0.2868306014498099
3976,0.2460523003425076
5979,0.5788685820572727
8431,0.2369829217604229
19420,0.32733727830731874
10874,0.3258955882371289
9845,0.2862238287665916
12796,0.30028397658574557
13942,0.1766544656897146
15862,0.2999029063476739
7117,0.28755493419525424
14533,0.22241926986412805
20015,0.3108839239962429
9182,0.14014839263565992
9359,0.27566435330703665
19466,0.23557691959891575
8835,0.22923057086328028
18304,0.33072624480472723
2724,0.2838531127758951
4788,0.24231579871612868
12854,0.33150075529289735
8269,0.33150075529289735
11793,0.35721086218887654
20178,0.16072727167564127
14802,0.21369071264793027
5271,0.4201104042185836
12751,0.21057566415377454
15918,0.21104011310028828
19479,0.28588771101144006
8433,0.23547763782101186
8928,0.3337330878093866
10991,0.3299037842714423
4139,0.2670193055861861
17702,0.2670193055861861
7533,0.3474594887651369
18686,0.4144731817292656
15428,0.4144731817292656
15089,0.4144731817292656
5330,0.15230666116877375
19786,0.15230666116877375
19822,0.29117550358321165
3981,0.25010022417003036
16421,0.25010022417003036
19345,0.5473456678972489
9637,0.32778211774988486
16448,0.22567394579152053
2025,0.26243708971224244
1712,0.21665899454615328
14269,0.27975034222736017
5054,0.24645496404336162
994,0.3272172932416265
12959,0.4503707128603045
12168,0.4503707128603045
2286,0.15230666116877375
7828,0.15230666116877375
9545,0.20752577050446097
2664,0.15230666116877375
3791,0.2833422174889998
8906,0.21504671668559835
6732,0.22567394579152053
982,0.26243708971224244
13087,0.26243708971224244
12429,0.26243708971224244
9554,0.21665899454615328
95,0.34227627115808557
3768,0.24947870001269867
3444,0.20826669423314664
19464,0.2771818071311002
10179,0.17263264785273288
7008,0.3078011303687136
18917,0.33267444846958477
2614,0.38244686182847126
4426,0.38244686182847126
5060,0.3112189560267582
7706,0.35334389130043026
17621,0.32333033799547883
1914,0.23758306885448793
7871,0.12969241290482186
3613,0.22164201888398985
17747,0.24045305084394533
14128,0.2584437883454719
3323,0.3556284488446856
13327,0.2773390892840263
14498,0.2551441825188233
15819,0.23243660593570709
17178,0.2983594109980295
18324,0.3175016290034264
16576,0.2425003856756094
18719,0.3152786770665885
17623,0.18494616080858703
9862,0.5607587588858309
11242,0.2071952595445425
8791,0.3205833862578369
8288,0.3184316272043449
12866,0.3205833862578369
19405,0.3205833862578369
3213,0.3518600070621748
14642,0.38238984139876786
16860,0.20212104594467567
10802,0.27052744850545807
17303,0.32965049991986456
6089,0.21808209003852713
6701,0.21808209003852713
14490,0.34059412743414963
12743,0.20883564955541561
225,0.502437422975603
16872,0.3184316272043449
16784,0.29775647466385347
15507,0.20212104594467567
12191,0.2305716820306859
5916,0.2234929075467969
4069,0.2234929075467969
10027,0.2234929075467969
7423,0.25366537395316446
19509,0.2759514435606671
15603,0.41532530798354256
19174,0.15855455834908894
14288,0.36095636404705644
8876,0.5727803622807268
5262,0.25125245062960955
24,0.3716020188042835
17787,0.3716020188042835
360,0.3303170041809488
18023,0.2954584676423672
15828,0.21056512296190458
7850,0.22363888126396914
5972,0.22363888126396914
10963,0.2520572448960851
7732,0.2559794799627134
19294,0.2142791477650605
18348,0.37512647456888004
9567,0.3030731556172358
16234,0.32637101347646796
18564,0.31770956997342936
4495,0.2950518577700165
8774,0.5423377722095033
11708,0.5423377722095033
11741,0.22827284806848144
17432,0.32324897865672675
13432,0.3439027184499543
14047,0.18857165404262627
17990,0.18857165404262627
2053,0.2950518577700165
11735,0.2106541938468955
14376,0.23899833960957448
17701,0.22827284806848144
9969,0.23899833960957448
7597,0.3638225642875009
7177,0.32922879216410894
17733,0.2948442505792366
5069,0.25525126259703346
8137,0.25525126259703346
3709,0.21508597195489007
3595,0.21508597195489007
17202,0.31152996907691616
14278,0.23479513362247864
3363,0.25478183755118167
12638,0.33870585666005537
15902,0.33638362992871157
8945,0.33638362992871157
15470,0.2147756364768349
2793,0.3072599223367231
6043,0.23515416894723434
10240,0.19550626509682842
2993,0.32118316177735595
15595,0.27766851828612404
18135,0.3193214968593163
10355,0.3412730111895239
518,0.6528327226079843
14293,0.3299369135221831
2975,0.3347648268812188
4376,0.3347648268812188
12045,0.22305480896034302
18104,0.29642028128665804
19676,0.253131989662457
2967,0.27754057968658497
1730,0.2720682911537208
4861,0.28892543061833204
6156,0.28892543061833204
9282,0.20276815948315452
10089,0.35020903944295295
11785,0.35020903944295295
18233,0.35020903944295295
10600,0.22178013877271527
17007,0.21292658238020218
8130,0.2241171121068482
11685,0.6372798714863874
16494,0.6372798714863874
9847,0.282912947746635
5373,0.304302000883721
1151,0.2988567594965954
6203,0.3245346521512482
12602,0.3310183007388917
18090,0.3310183007388917
7409,0.23182573766835637
1327,0.20612793208558547
10441,0.28186687601999594
5403,0.2834554573431302
16362,0.3111485749081047
11271,0.31016062893195917
20043,0.1570866636609157
8225,0.2337459189247698
18480,0.24553017873415212
19633,0.32531881932478496
5348,0.22576796235606958
5355,0.3582395089327664
3195,0.33033393482903994
17596,0.3532716182504045
2878,0.21015821011454394
18383,0.2768859632417856
5259,0.3273672037777494
8266,0.3273672037777494
15509,0.2503745725682101
14671,0.3083809505025275
9712,0.31167804851517744
17236,0.31167804851517744
2178,0.3193774659872676
12827,0.31651581069841217
1207,0.31651581069841217
2931,0.4167970584446961
13371,0.20431585864079987
60,0.26016107438048197
19170,0.21218490814605348
15969,0.24971737783099193
14183,0.3157486552832442
12839,0.27452304225477464
2652,0.2730972461020762
11387,0.1727409248173873
13561,0.32242464295041484
11001,0.32738913635151046
8406,0.2519941239649047
15486,0.362048041908542
19763,0.362048041908542
11606,0.362048041908542
7230,0.3234239978574749
180,0.25598351577055356
16426,0.2730972461020762
10724,0.12418691295558199
13624,0.35016123897913387
2799,0.2433612227378161
9337,0.3265747158008964
11327,0.22885326460558997
18244,0.39077385673326515
19155,0.21981792325586352
12669,0.32338034759727957
11838,0.32170356179493986
3965,0.32170356179493986
12515,0.14815097997607324
12574,0.16549114005616267
7462,0.16549114005616267
1650,0.2724561602222696
18737,0.2724492062081252
9301,0.5664762447355896
8960,0.25952013341481234
2535,0.31063135034097106
5935,0.30937971290575733
11869,0.22760859265947123
4886,0.32672629933469133
15858,0.31336571271294256
7023,0.31336571271294256
8510,0.23479513362247864
14070,0.23900572102017623
12665,0.24263417590236874
12331,0.24263417590236874
4983,0.24263417590236874
14124,0.319454055848032
7586,0.319454055848032
1035,0.2534406293142396
11440,0.3072599223367231
928,0.24482281407083473
17340,0.257127626635737
9549,0.5248206933916946
2817,0.27910579674626945
11009,0.26302228135640277
7625,0.25668697433739607
7593,0.25668697433739607
650,0.7278835304802383
3968,0.20906500278834056
16442,0.3292388991139044
760,0.3113006527520245
2774,0.37799023965564027
5593,0.3454764007248912
7484,0.25588500205326026
17845,0.2592337335703466
11137,0.26688084592055594
16671,0.27348752783459673
15485,0.27348752783459673
4895,0.26002069038911746
13412,0.32615657094274875
6409,0.33518116458682196
11566,0.19123477543306552
12569,0.2068384369796071
14720,0.30484392772187796
11079,0.31753768077558003
9104,0.6634208211411791
13597,0.2975450561548507
18264,0.2975450561548507
9292,0.21981792325586352
2572,0.21981792325586352
15713,0.24419321269088803
469,0.24419321269088803
7179,0.27670850574620914
4592,0.27761711625652974
8695,0.27111946635282735
4578,0.25453706100113693
11404,0.3338435710328866
12702,0.32697858305831073
14122,0.21988149376918453
552,0.3076218451917635
556,0.6588492520614324
13605,0.6588492520614324
8197,0.20094071718597173
14414,0.28052618028788373
2194,0.25574999764341916
19376,0.2704878086487474
1150,0.2808824993348425
1511,0.3117340950723532
17976,0.3117340950723532
245,0.38582276776829916
427,0.21143510650900563
7888,0.21143510650900563
18124,0.21143510650900563
11950,0.26712314185011926
324,0.309911032546109
5184,0.27967257368759996
2398,0.27967257368759996
6528,0.27967257368759996
8078,0.27967257368759996
11532,0.2739304778131101
8905,0.22442823359307373
15548,0.2271821231777878
2871,0.31812480349718697
6341,0.31812480349718697
1683,0.286440824599806
18015,0.28425198056972983
6029,0.286440824599806
8390,0.18694089618155077
5700,0.2348271864611049
7831,0.2480371971776289
9635,0.1183880219129462
11504,0.37513563170108594
3423,0.2680993477330244
6306,0.22890874652078025
3386,0.22699917878243855
16533,0.28879080561048276
669,0.3202621417329444
4995,0.28326542742094496
18734,0.2756181066813908
3825,0.22755819983862377
6572,0.337568406390017
14396,0.3253252440436288
15163,0.23198438404828495
11984,0.38692667799666397
6869,0.30191389343692276
17106,0.1359610060019264
20146,0.6127196776577679
11435,0.6127196776577679
14875,0.27128376776269814
12938,0.2501007619427498
282,0.18029907408745938
488,0.18029907408745938
5855,0.1694435516441099
15666,0.23819423074442156
14630,0.27413758907820984
1529,0.35773427577729655
8571,0.233144056049502
15071,0.3401973180122322
9260,0.31076784432548454
18575,0.2239643775087648
813,0.3202249421597935
17882,0.30693983925470125
14848,0.305393715070161
16849,0.2870067901832271
13325,0.20324592279723896
14349,0.5068906615883442
9307,0.3401969444009795
3395,0.3401969444009795
10191,0.24452649411774907
10623,0.30723964117487906
10558,0.30723964117487906
10147,0.2861129066687387
18404,0.28522959738795717
20159,0.20976889622634415
3639,0.28661253788066016
18913,0.2880400271919817
20008,0.28661253788066016
9594,0.5263254758974214
17778,0.2511328561648891
19719,0.29887508895105697
715,0.29887508895105697
6569,0.28763415802885944
18204,0.21093983086394325
4868,0.20886847376881704
14698,0.28888764679545476
14177,0.28540148855081504
11582,0.24495203264167098
2228,0.24495203264167098
16700,0.26478418916218327
4674,0.3241347278553909
12603,0.28888764679545476
19490,0.28888764679545476
16786,0.28888764679545476
9217,0.3198679123813097
18536,0.19018609318634308
4698,0.18829401765076598
14437,0.31698274112393793
487,0.31698274112393793
12857,0.29825277584393595
12724,0.5261284116489382
8492,0.22772976149933272
11674,0.24904067601172425
12622,0.3652160475308314
19073,0.3572880913652187
11716,0.3444802724213234
19450,0.26050451509403044
6979,0.231882615983971
10418,0.231882615983971
19716,0.2729629606267619
3650,0.3383162927949941
7252,0.21827015155781765
10603,0.20472025357255474
429,0.32191464538999315
9233,0.3423286351102561
8456,0.2702654252565368
10617,0.20000626125081633
9334,0.26110229446232835
9657,0.28526684604737224
4577,0.28526684604737224
13500,0.31019200548461245
1117,0.32567629898876566
13242,0.2920968765555648
13328,0.2920968765555648
11443,0.20521147455048838
376,0.5798135453645402
12939,0.17726001925746634
8678,0.1615173490850856
5480,0.22632719597318565
1280,0.3530527186035299
6555,0.3272934027155758
9700,0.2142409528325277
1922,0.23700686543259117
7529,0.3406275884819231
13778,0.2773384301768823
17291,0.27247005599160073
14077,0.2942176174981648
5106,0.40817497943084335
3204,0.41700704407765754
13691,0.31278559518859983
17500,0.2985780170162476
3494,0.20516985409462268
16915,0.2699393115578628
11842,0.2699393115578628
14436,0.2849399781917269
11464,0.2849399781917269
16379,0.2952281630424463
2738,0.17462096647352715
9960,0.22118447169006347
7279,0.19936205103355203
8878,0.18871064005628646
4664,0.32866969351109193
15893,0.31054760595430686
5388,0.3078998093946284
4008,0.2560098829687427
17589,0.3103822632520312
7033,0.2809696759307113
9788,0.3468773493514088
13275,0.24238277333204605
2679,0.31769387378761144
9682,0.22994008582036868
6220,0.3336107282962802
3455,0.3368922770413939
8593,0.31854549599967835
4419,0.2752911268183942
3622,0.2752911268183942
10687,0.2752911268183942
3916,0.22196576340303334
11095,0.3046574751626364
8853,0.2388888734051722
11111,0.325252207254519
9801,0.2269197258488379
13799,0.3222949649976561
17789,0.23668851969244403
9924,0.29301033418999334
3747,0.3143214235284472
50,0.20267209941162012
15363,0.20267209941162012
6767,0.19967894842599557
10065,0.29301033418999334
5337,0.2993697616764077
461,0.31849649325621754
12520,0.34978751136537634
12014,0.3748535453272881
755,0.2386027753051953
15182,0.2771455824454543
4196,0.25280281960497625
8219,0.27456591515309475
901,0.27456591515309475
18334,0.17609873138473792
6110,0.21793494748814685
1377,0.2751182222447895
6925,0.2751182222447895
18840,0.3170053452030524
13909,0.28853987698340283
6728,0.30972531116393576
3321,0.18667656759265716
15390,0.38474855832208
522,0.4156829739968023
10011,0.2963912547192688
19076,0.32301743861926085
1381,0.32301743861926085
10409,0.28620007575763357
8756,0.23153294666502988
14552,0.29751866069549004
12419,0.2531867265516754
13336,0.32128439135476894
5245,0.3413511054374243
19867,0.3719008200240584
7881,0.3695677542978034
6747,0.20561942660535587
16329,0.19261932506103016
15462,0.19261932506103016
4462,0.20400939078003058
9852,0.4138861869663665
11439,0.20872308156514804
1353,0.18321475417104344
16804,0.27734649400783107
431,0.31836226654249006
1602,0.1545122132684747
547,0.3300388670053333
8769,0.18665700968366883
11951,0.3532940052954967
11056,0.24987549396674055
7131,0.27967623186956847
13527,0.27139453140760894
15681,0.2099766781072521
14188,0.2827513964919225
10079,0.37889194589981545
11219,0.3172208550931593
18977,0.30944866734292636
14163,0.1571173093321719
17229,0.25491710741942103
1700,0.33266977306659296
10364,0.3556470233383251
7181,0.3889614551017842
15511,0.3287210835299165
20075,0.28869990134096785
6255,0.2060158807958644
796,0.24176131070336257
12524,0.2084752838187365
1452,0.2084752838187365
5877,0.2788777317730345
16378,0.2788777317730345
11570,0.19842552109813122
2309,0.2858778527704307
15019,0.3036662780834096
16823,0.35283286809011
11345,0.25996044897464354
18050,0.3375177421336683
12450,0.3135148820157079
15876,0.2636862361986678
15965,0.24931993750476553
17389,0.31956440123530516
14919,0.349989212385797
6008,0.2010181450450912
3969,0.2546673141931286
8744,0.19976844173551495
16902,0.254127438640309
17409,0.4751879926728775
15143,0.2151153799025481
13671,0.3092563911386507
9951,0.3118665140364558
17234,0.23427492974862965
3861,0.24370300072762902
1713,0.3446393801143788
10983,0.3503943186538325
6820,0.2220467574738613
2214,0.3246520995720039
10180,0.2550159071677856
10344,0.3246520995720039
10353,0.2820265956667034
862,0.31546732862880006
8232,0.3152796691227452
12996,0.2525977969910702
17426,0.24978361443457453
2857,0.2525977969910702
19366,0.24978361443457453
8601,0.32520634408321547
17556,0.2940066580003801
8030,0.3080996057645723
8229,0.17609873138473792
1752,0.18365995165669977
7316,0.18365995165669977
15662,0.1532406908578226
3806,0.2947021846577994
18512,0.2947021846577994
3314,0.2780649246960076
8428,0.2751051029573629
18345,0.27874109137363867
17942,0.26320765207491775
14576,0.26320765207491775
15416,0.2871283277548018
745,0.2880210666557784
2220,0.25838932837888223
17461,0.25838932837888223
17661,0.25838932837888223
18805,0.25838932837888223
16992,0.25838932837888223
5598,0.26591023340436987
4389,0.1858569331234629
5420,0.1858569331234629
1008,0.2667765829934368
285,0.18303656009505154
182,0.171180461898022
14206,0.3038525038177926
17975,0.2605255993880816
12010,0.25222892218553145
6435,0.2522785181835588
71,0.2522785181835588
5265,0.2522785181835588
13464,0.26103147489407275
18214,0.29791534151558546
14148,0.29791534151558546
17583,0.17351779259214273
1352,0.46907723208172647
1460,0.29102498304911656
18027,0.3021654306812248
13380,0.41970466778603005
4216,0.41970466778603005
7488,0.2779054354188528
17925,0.2682109345430668
7235,0.2682109345430668
4629,0.22548194202619068
9853,0.3035554466740604
18964,0.28510240430235273
13796,0.21544745178429717
2389,0.22385273519871032
3587,0.3658022416649534
11323,0.2530597105021438
18435,0.2813136258023031
16391,0.22385273519871032
6436,0.22385273519871032
18339,0.29938320841793864
10060,0.3230953143212135
7132,0.3005752475355662
4659,0.2589098016363046
6004,0.2589098016363046
6822,0.269343499097225
12822,0.3344631373211546
5285,0.32553194112304407
9510,0.293893349809041
4905,0.3907403619862316
3139,0.30433345073049145
16224,0.29987279864565014
13737,0.3250245287516201
6494,0.2672181052127475
20091,0.3078151756190488
6402,0.3078151756190488
717,0.3251666988574325
5244,0.3251666988574325
18336,0.3251666988574325
1088,0.26811510988252385
5236,0.29718182083753625
18384,0.29718182083753625
3464,0.29718182083753625
7729,0.2937412950640486
8029,0.2915110594027044
7638,0.2565390353389097
18183,0.2664816793482757
14683,0.24474475287887823
14016,0.28269638289285187
5894,0.3784910974570779
12310,0.3784910974570779
836,0.29285728021784074
19936,0.2761160174417271
11835,0.2761160174417271
5196,0.3457716504508948
17531,0.3457716504508948
12469,0.3582345681169191
19677,0.24765538417789681
12316,0.2520452559471715
15165,0.25136622463584934
4180,0.24951793509867515
3376,0.26017192096970776
12584,0.22238410489174254
3718,0.27153801673142247
1532,0.27153801673142247
19773,0.38875268814733266
9303,0.3604240978524651
1991,0.24071605655738426
6870,0.2442811645653353
12311,0.3332715248946714
17622,0.2720596443499183
4253,0.24821183687602572
2602,0.24821183687602572
15342,0.30039055508940377
9297,0.18562806021816902
16844,0.36379166529299617
5252,0.19088622966295696
5727,0.35690625628575307
5392,0.28711905377113883
9698,0.28711905377113883
17827,0.32894240640944095
859,0.3315609497343571
13375,0.2290713829269525
365,0.2577488013944498
8221,0.25838932837888223
2509,0.26426063590554505
17043,0.25140186434583855
3046,0.26144603245495013
5987,0.385810556041002
17711,0.16132072601449846
7686,0.24878514644061972
12101,0.26217085661666517
19064,0.3131157522126943
3273,0.3131157522126943
5365,0.2707125464101011
10715,0.20747675713073466
2832,0.3470887146874655
16216,0.3470887146874655
8848,0.25190884961684196
3167,0.2173433306980567
12021,0.3099952916666749
1799,0.2517760359582293
12690,0.2451782977061105
13917,0.2756337562524094
10823,0.27992853328014383
17411,0.27992853328014383
15229,0.2744590220535228
19050,0.2744590220535228
12747,0.2744590220535228
17451,0.2535728861194539
1630,0.5683623462559044
14503,0.3411759949178921
14449,0.2960971567929046
15740,0.2960971567929046
8881,0.24655827691406584
9744,0.25945707623344366
968,0.25945707623344366
6434,0.4069340802711303
1966,0.3282784056544302
11810,0.3282784056544302
13951,0.23303544904417775
11223,0.2863246111295819
7600,0.2756959255218632
13074,0.6135912362619066
8988,0.3527135438888663
4678,0.2295292351263567
653,0.24072424614157262
8050,0.24072424614157262
8075,0.2828923659354812
1147,0.33275629381814503
10444,0.2718046707821148
2165,0.2997766870793949
3629,0.24905518836619583
2786,0.2707607582049641
11183,0.27529975954743124
11171,0.29762557807096846
8910,0.25806843495423293
4112,0.25806843495423293
3058,0.30758116455281864
4330,0.30758116455281864
15032,0.22577681915007117
2907,0.22639921375496275
8824,0.24657784252806916
12165,0.23618709528141785
7749,0.2749069455873985
12278,0.306657950236492
579,0.24951166301114397
597,0.3065783143174652
10737,0.230786250596276
4774,0.21761263372334
6760,0.2736623687715933
8977,0.2726286503471006
4227,0.33690212538965264
18557,0.33690212538965264
15683,0.19164930203375233
7169,0.33546296447875745
13399,0.25454948850718156
6846,0.2125293928223773
6280,0.2569015461926089
2485,0.314297594879379
2506,0.2984785028959997
19012,0.33836656106184715
1160,0.288202192753855
6387,0.3683588297946033
10354,0.3683588297946033
4824,0.29193106341787506
10711,0.3361373528845268
3175,0.3257354035964158
2280,0.3037631779270847
17660,0.2914225657001617
11526,0.19887228727599937
11453,0.25979451226325756
15829,0.4562215186334989
2257,0.4562215186334989
14756,0.49829093679633085
17722,0.3400747283876292
16491,0.1446162651087357
16028,0.2534242826306603
754,0.32012879260822735
6653,0.32012879260822735
7374,0.3290997559887361
16206,0.39629610069601684
6225,0.3793597764597434
5308,0.2597059187289819
15739,0.2830621212061228
17615,0.2830621212061228
12123,0.2381806450853453
11817,0.3168376550141149
3142,0.25352394475314405
8463,0.25352394475314405
14983,0.2800123540365413
8342,0.26029998699607043
14282,0.29176505208416725
14214,0.3278536076721641
7588,0.32554017572101757
8212,0.3083579299810076
1950,0.30678509263517384
8999,0.5198754632816376
18045,0.2478340656162506
16829,0.3364251363917762
18779,0.2745435429758172
9767,0.2745435429758172
5324,0.2134891297181832
11401,0.28044300727982346
3090,0.3242631820664352
17700,0.16745894472962491
15651,0.03523124698680524
2036,0.31226016741698515
11448,0.33071906078050206
9041,0.47187187850354473
19703,0.2625559973828755
17045,0.29149179056652924
10493,0.31999999301378124
15545,0.2792604829186662
8024,0.29993932941094475
10628,0.30234316705225533
18332,0.30234316705225533
8033,0.2956423659122621
2085,0.3237138137276607
2952,0.6021439235815531
15099,0.31369170794406553
3037,0.26730156037871994
3388,0.19622917294243047
5555,0.34237422181611477
13304,0.3342857758774506
16175,0.3301994904063118
14516,0.26730675797918907
119,0.296568334916425
201,0.18700014062347403
17060,0.34803381243047654
651,0.3022610885360617
6001,0.2916538692549598
10739,0.2916538692549598
4051,0.30595411997431465
858,0.5352175195776807
12421,0.3407782764425148
1829,0.29413996598182784
13391,0.3194585412889017
3192,0.2790578043548878
13757,0.28845053070669335
15602,0.3116853150122403
14941,0.23903101549345832
12707,0.2503887909777058
16255,0.34027939869029167
12777,0.3183966678445271
19200,0.3169603013624068
12058,0.303852197643051
12785,0.303852197643051
11665,0.2801935004064477
299,0.2698767665717017
3822,0.35188834365451704
6692,0.37394150978554813
3404,0.5191822374939247
5689,0.41781720384275267
16656,0.3320354731115222
14465,0.2525089486313085
13875,0.30977719360491174
18621,0.3373774705773052
18796,0.33998264700420583
6543,0.23594744793751493
13515,0.22163017132983698
12072,0.3159812920129096
8458,0.3159812920129096
14017,0.30874575583248237
1394,0.3689355561793925
10815,0.3689355561793925
13460,0.29784500430729255
9190,0.366184280571051
17530,0.34559795585342
11476,0.20060699205356067
8503,0.20060699205356067
16458,0.20060699205356067
18470,0.27310001239576837
13018,0.3071313052256598
9869,0.24865204779450936
16293,0.28276426405047733
16148,0.36165371584214073
5694,0.36165371584214073
3239,0.2929591242027256
2222,0.2929591242027256
771,0.315103412174891
9933,0.35370913759523726
19433,0.35370913759523726
14887,0.4448308228715776
3937,0.22489330361161936
4622,0.2189658470029374
704,0.2189658470029374
19850,0.29069998802037667
15310,0.28907276199123966
19085,0.44512699202803097
9686,0.5017917985736523
14661,0.5017917985736523
5881,0.21690417454023525
17160,0.23164445438828668
13426,0.3688493224345882
2253,0.3688493224345882
18600,0.34298928749552093
1564,0.2912496456394807
8279,0.2851347111607152
14444,0.3399868578852596
10946,0.2799915447642001
5858,0.2799915447642001
16104,0.2799915447642001
17636,0.3320356352392892
3281,0.1956585900747282
2865,0.19196205525053278
11635,0.22181214742900604
19657,0.2065695281892352
3949,0.36702048960930256
11485,0.5408968643985411
4271,0.24868449832483314
13028,0.3025002383059278
2593,0.21459063030180772
9516,0.193472079072863
19871,0.2371222134122084
3031,0.25484505625549425
9522,0.3247458659336472
14801,0.3285614970377143
1251,0.32004957230676534
9786,0.3873357163012373
2607,0.3206043928769199
7335,0.29471733044466064
13623,0.31158771739559116
9346,0.29032014815122703
16897,0.24617331384572702
2836,0.28131755907861244
8576,0.28892955495854455
13213,0.44512266317821203
19582,0.3553725616394764
2117,0.33999050132167685
12269,0.3521477515722452
18633,0.24138695981464875
10333,0.2751946588795041
8745,0.3409045172994721
3835,0.2837191485652137
12230,0.27235138905960804
5913,0.2569556184039312
4498,0.37182032354273803
5557,0.3300103068499177
7998,0.3300103068499177
20006,0.30809685147388177
987,0.26295501510745134
4828,0.21810051498803187
12911,0.21810051498803187
1821,0.23596596939519326
2824,0.32238513960788484
7761,0.4713543995394319
14493,0.3366078067948438
17963,0.2318754205354923
19310,0.26788454378346
5702,0.2250626813424031
568,0.3107636956142663
15347,0.4647317179997165
13839,0.3294007582991651
4258,0.3079069765391641
18935,0.3042719414105424
12987,0.3415625831371119
11547,0.3415625831371119
2928,0.3415625831371119
15257,0.3415625831371119
5117,0.3264961045139063
19290,0.35454580744999986
11783,0.21187450105954198
8118,0.21187450105954198
10477,0.35637274010362496
7119,0.30858539742630786
1476,0.3726112920148233
19286,0.5424754146749177
6783,0.2669147347768367
2971,0.4018708615645145
4448,0.5129159164807948
6894,0.2832111197121725
19557,0.32517389079923986
19829,0.23766052092885298
17504,0.14209273875160325
15221,0.3922279923372685
18736,0.3501472337905415
4126,0.23608330313375028
1561,0.3044799783730765
11896,0.3044799783730765
15955,0.31341665010784886
4499,0.2952281630424463
1128,0.25721300231031546
18064,0.25721300231031546
16277,0.31678627686550287
879,0.23296219258772624
2099,0.48808400942990265
4515,0.2602401120880276
18198,0.28621021241032335
8164,0.36215576643513464
5446,0.2751073363531974
7142,0.2598079035738706
564,0.29413459014406274
12034,0.2716058758479012
684,0.34828874908506635
17140,0.31461851990749556
8213,0.5570464792587105
3518,0.2731043485254742
11185,0.2506804646803015
13176,0.2506804646803015
14143,0.3220823260837934
11011,0.40307478934983
18043,0.48783003445143275
1506,0.48783003445143275
4031,0.3508415297665316
16845,0.22677121270576264
2657,0.3501796765395897
6852,0.3501796765395897
14614,0.18148095421474575
97,0.2293893610586295
20171,0.3077344179204112
18375,0.27800253409877135
8026,0.40394271670534215
5891,0.44466027398898544
4600,0.40394271670534215
16854,0.27046670906058456
3914,0.2579813913222424
14868,0.2839241925576997
15579,0.3215052683080397
411,0.34663062227411323
8092,0.22935449681485673
16708,0.3367394357095652
19022,0.3367394357095652
10081,0.2195375960705659
15378,0.2151162811474882
17385,0.2195375960705659
9618,0.2487580357229313
2031,0.28752315830945074
19709,0.30329501374763346
3770,0.30329501374763346
12324,0.28918205349957976
2788,0.3078218563369942
11776,0.2296338269860448
3777,0.22188380334488755
7906,0.29790377483837427
14355,0.34360348260084783
7009,0.395648975763025
7433,0.27889100614949924
18170,0.29819426074492583
18739,0.27699160702524056
6291,0.3007388542610624
18762,0.3198395288271911
16070,0.25538693386709627
9183,0.25538693386709627
11044,0.3058356227511672
14748,0.28156537346437616
1324,0.2223319027956786
11041,0.3743574196709757
12951,0.37580122736592125
7209,0.4096348689618313
847,0.32080780512532214
4819,0.29358084316832506
13093,0.2744477717228805
5888,0.2788006201797907
7057,0.15901639742498708
15756,0.32268621905916584
16506,0.29567084772515484
1292,0.18776104920684808
7078,0.3320734386507735
8190,0.504886283107528
19635,0.504886283107528
18427,0.2670017391772372
20051,0.24387331998898237
16360,0.232896124190557
7455,0.27423446272861435
12223,0.2842906713997733
1846,0.21355102661654934
14045,0.3421057202977021
5016,0.2876841727520956
10593,0.3277660759644283
17832,0.3640475171412247
19317,0.26388184353170513
12039,0.23836891655523437
4011,0.19807455952509265
4701,0.23836891655523437
5137,0.23836891655523437
6965,0.2890020628789819
18899,0.18898948180870284
543,0.19766183831792863
14040,0.5474964492834902
1985,0.5474964492834902
10393,0.27927726089095484
8557,0.2833898758768178
18726,0.28584270210769935
18802,0.28584270210769935
6775,0.27239604367148185
6208,0.23777325978707603
15003,0.22595142958986794
3945,0.2966134704205354
5720,0.2966134704205354
8926,0.22538825444486932
9283,0.29184289676624886
16932,0.2880987009474684
10358,0.29184289676624886
17093,0.29184289676624886
12718,0.2880987009474684
4852,0.2634508046403076
2754,0.3475041051403841
13423,0.3142749265244676
731,0.3235730066596784
5567,0.17647166530836547
3630,0.530088338018622
13197,0.5273583777988751
17540,0.3298570034937628
9473,0.3681723765649585
6115,0.3681723765649585
1126,0.1460484263262092
16503,0.19983380409498397
11933,0.19538357946447424
1745,0.19538357946447424
3755,0.3137787249941675
7976,0.34940934076391195
7240,0.2735145208500544
7696,0.2505096427414891
16119,0.25845212202147455
422,0.2665804704550245
14274,0.2665804704550245
7784,0.27286177522201627
4204,0.3508156025460299
16348,0.19943400208998352
6682,0.3105980302093311
18056,0.3105980302093311
7366,0.34140455591868146
1545,0.34140455591868146
7262,0.2557777597236467
17904,0.24918549004708188
14,0.18322944940046615
5633,0.30619495939042707
6651,0.30619495939042707
10932,0.25686753499102866
2337,0.2887296522760615
5147,0.29873389863413635
9858,0.24089421830177693
6183,0.2509000157523592
12614,0.25328330115803893
7340,0.2843093667092605
7304,0.2843093667092605
12326,0.2843093667092605
12975,0.27812386947454687
14755,0.2971330885705605
7064,0.3079914620082714
13354,0.2971330885705605
9170,0.30975857053058836
9631,0.2070078313094584
16455,0.24090471063847485
4638,0.17555818043351507
13952,0.1757407627991606
4179,0.3184353399427392
3107,0.3184353399427392
14853,0.32440685016184834
582,0.27260484412320585
3184,0.6366854624361661
17010,0.6366854624361661
18750,0.6366854624361661
2749,0.2607853542956863
16412,0.3465192774465976
9504,0.31257272458742036
15964,0.2943387793803736
2634,0.2405171804480198
11029,0.31141493285704414
509,0.21383371353045852
18335,0.34374171475540144
4500,0.2986834906041459
17563,0.2792568180476683
15951,0.21675948042208942
11650,0.22232167878967865
4108,0.2424783232552426
8,0.2043518632469538
10907,0.2043518632469538
17238,0.19591941512417138
126,0.30267601291113744
14049,0.28180384807376957
14424,0.1976412900089577
19207,0.23721870079804488
8930,0.27390883518793885
7424,0.27390883518793885
18462,0.2701472240500808
15801,0.2701472240500808
6560,0.2701472240500808
4952,0.2701472240500808
2597,0.2781249464188552
12877,0.2781249464188552
7935,0.3021297683222022
12142,0.26343479959013516
18571,0.26343479959013516
884,0.16072068159506953
18783,0.33276680448825807
358,0.23178318276280363
10433,0.32651378593322766
17746,0.20846610610171706
7893,0.20846610610171706
19369,0.27832587618908733
13296,0.30483326846409914
16812,0.20147229662172333
11689,0.229745667456622
2149,0.24924216878467154
12797,0.10995848421836348
5978,0.3276985763059541
7994,0.34582697512869137
10332,0.19768293058791442
14235,0.3352442139856518
11299,0.3069822978430396
3942,0.33804659035462126
12726,0.33501460326447874
9010,0.5118188056063342
8931,0.3062518539774129
3992,0.3999703670969361
7015,0.1976694372665833
12843,0.2722706824068889
17884,0.27738051824278803
6084,0.27738051824278803
10596,0.22047752724446057
1426,0.3575394349199204
6630,0.22886228937955383
13434,0.3295924424103918
9870,0.16182956654022101
1358,0.2769809341668674
18303,0.2769809341668674
20163,0.2769809341668674
18191,0.345726689257038
16479,0.24193549338100598
2421,0.1756666579080053
3491,0.3329772538610209
1466,0.3329772538610209
4296,0.6003919606848442
8748,0.23698438623453555
7359,0.23698438623453555
16621,0.2914256163147251
339,0.21781620594013162
2902,0.3440439118059116
3732,0.2640954076675254
5564,0.2821353222520364
11736,0.3038947161229804
8311,0.2613684537732319
13308,0.3562121377526572
4720,0.3058479911753705
3909,0.2511355959693657
17955,0.23768332983523305
3619,0.36056596659106854
4510,0.36056596659106854
438,0.22515646759589392
3943,0.2137300732028138
15147,0.2412878776322777
16410,0.41433330772020077
20065,0.18844705815443297
739,0.15852103342817228
16684,0.2661051195578833
3396,0.2661051195578833
284,0.1703113200155415
20040,0.3058780696327439
10925,0.2549348392322865
17062,0.21691414351408167
18320,0.21499190086376213
19910,0.2806102933824797
1384,0.33411095257414875
5037,0.336089836973407
7971,0.336089836973407
16264,0.3584474919470826
16241,0.2851312666064202
13967,0.27335912258089357
3361,0.3134619458257
1435,0.31287594264128776
9648,0.3400843542340717
6048,0.30804250650424125
10693,0.3121827161083324
7155,0.4922100215346839
17764,0.48341118128458216
8830,0.2744054472226157
8602,0.366386642363871
13330,0.26462343439711383
7727,0.2676715345036897
16725,0.45286985699614174
8145,0.18603957440840718
13517,0.2557090886953198
3055,0.3538322548422249
5155,0.22517016194696227
10760,0.22517016194696227
3788,0.32448036723665585
4977,0.3132516045657001
7499,0.24621733491477138
9148,0.2086695135327921
4078,0.2189808231042734
6078,0.27017489255045535
19772,0.393034930787416
9314,0.393034930787416
1882,0.38377697064867955
20236,0.3660827391657717
1697,0.2764423130408154
3704,0.2948870087464017
5580,0.27862351012089137
1896,0.25186279118425137
15215,0.25186279118425137
1622,0.2366760551452361
10856,0.2366760551452361
17902,0.2366760551452361
19542,0.5387187197664562
9697,0.31186307469036717
10108,0.3212467592878522
19079,0.3212467592878522
18897,0.2813259048244026
16431,0.24385666939161815
1768,0.3161996687961145
18666,0.17919823564081283
6259,0.17919823564081283
1682,0.2567223759567329
17806,0.2664086990436063
4945,0.2567223759567329
1449,0.29028737109355673
1137,0.16229818068024088
19388,0.2673969069634156
4703,0.23228168840310312
3414,0.3162874698329118
3251,0.3586736100740015
14368,0.26918965236796927
5959,0.3437344296394744
17519,0.24479258075205723
5679,0.1896303950127566
16723,0.3927550886659628
8779,0.270118165140883
16847,0.42874436659185167
12114,0.32301103305092094
19423,0.32301103305092094
10396,0.5202032849911673
6618,0.26810474837536047
17475,0.26810474837536047
7118,0.3149183880270798
19544,0.2638996875603294
13604,0.31739410088444475
3962,0.24731358097286257
4465,0.24731358097286257
19992,0.26455338720380056
17715,0.22760855820975326
15652,0.346253322398194
4764,0.346253322398194
8970,0.4095873742000353
11668,0.4095873742000353
8063,0.35408312225641303
17121,0.39934716388166847
14673,0.28953118541343753
16132,0.28953118541343753
15267,0.288117330593999
7967,0.288117330593999
13947,0.34216006358331086
17677,0.34216006358331086
6738,0.43566602153643275
10671,0.2363289479999994
17377,0.3138252590414241
10378,0.2906404744206591
17713,0.27733849651638187
7396,0.25337079195045076
6445,0.23823954251933138
3374,0.3861380663471885
13485,0.42122588736809874
5410,0.24696266872248235
4733,0.31285231870647995
12152,0.2763195857941818
16508,0.3782206278332006
2505,0.272959193049951
9930,0.2453726917692129
16858,0.21447722395692265
5677,0.280416883188754
4823,0.2751637277404197
6471,0.20881127911004682
544,0.35972291546640645
6982,0.2300878161811988
7574,0.241647467711425
14623,0.28072316351440907
7716,0.3195288133007068
1273,0.30291640274496284
16910,0.21515936960003787
16069,0.21515936960003787
7860,0.4287537721010917
15983,0.22593170972616822
15443,0.32347396715660337
13338,0.34176553069459775
35,0.32347396715660337
6147,0.21938930866578832
14052,0.2478361262779151
6191,0.2478361262779151
12305,0.5215646116430385
17263,0.34046539767461076
40,0.32603721882656145
15883,0.3536325929473826
733,0.2675959348842576
14886,0.25520622375221913
8005,0.31437635246636786
7681,0.35569242350161656
10803,0.30673769083349756
1936,0.30673769083349756
8128,0.34243938675643804
6169,0.5231152454766188
13009,0.24668403502689687
6236,0.3213417310113861
8652,0.3213417310113861
3370,0.3767538213258683
8343,0.3101477485948842
16319,0.3101477485948842
12688,0.20284656929367434
4117,0.28848819987598157
2920,0.27734845786916995
19941,0.2984022440602518
4953,0.3189165139773429
6248,0.5909533163012679
9410,0.20805780336248542
14603,0.20221661017582254
9249,0.2976055604438833
8059,0.39492187257903877
4975,0.39492187257903877
9355,0.2995714808387328
3088,0.2995714808387328
6057,0.2995714808387328
20119,0.3389221607061339
2072,0.26845253702928296
18777,0.3187780884775684
527,0.2921361264016981
7589,0.23173104321590215
11879,0.3292411823042632
5934,0.5204426782781859
19776,0.5204426782781859
18853,0.1781737317730128
6157,0.2766877473229493
11641,0.29224596814110426
7020,0.5042551496949156
19164,0.26836576509099175
19179,0.39264279127131696
14906,0.38237674121540577
4218,0.29832694110258473
9642,0.21874543057565196
11457,0.2776570265916423
7152,0.2979889901854593
19718,0.27807970861637316
6609,0.27752638506717114
4688,0.38257130945448964
18968,0.38257130945448964
16249,0.5165602179033605
14971,0.35898002796369133
14474,0.5789663421076482
2874,0.2583947815055205
1440,0.2961662986996207
8340,0.2961662986996207
10012,0.28015563055891435
12737,0.34354038496399086
9140,0.3467208672489503
12160,0.23705205538441815
4752,0.28928438950738616
8501,0.3406669916227439
15939,0.3406669916227439
10605,0.28833414586843314
392,0.1915337544603084
397,0.16880850659503127
10415,0.27717815150828395
16753,0.318122872733162
19456,0.26553240426086283
10448,0.26553240426086283
1446,0.26553240426086283
6946,0.3437747367085937
8254,0.2866895602628097
7944,0.21009525319237876
9750,0.2725738462820012
10788,0.21560186577347473
13479,0.23888888874516626
17444,0.3126864784767453
6003,0.29714894252903545
9051,0.290837435582629
7764,0.19977269319386493
5827,0.27183583130777056
5595,0.2805019254083329
13481,0.28076851249478896
10377,0.28076851249478896
12806,0.4479973274732705
6197,0.2674836450005808
4514,0.3490133715433741
10077,0.236758185075438
6320,0.236758185075438
16688,0.2996941868458174
19805,0.34873771062585324
8206,0.30447953226530683
9258,0.22987218551732208
9865,0.21939996470589823
3901,0.21939996470589823
3735,0.27828145913829794
15285,0.27828145913829794
5041,0.30512757468449647
17040,0.30512757468449647
5505,0.2660933120245025
5970,0.24647617658898402
8692,0.24647617658898402
1993,0.1104894432628624
19330,0.45821812177574867
11281,0.2975488254193977
17719,0.31126953646602634
6831,0.31126953646602634
1502,0.24930015658324572
10439,0.3101267071385476
2274,0.3184974339432797
15237,0.3470380642321893
7472,0.22854698169325435
4323,0.2798413278726111
9461,0.29215342329129895
13455,0.3372467862746137
6595,0.2110395584783814
17341,0.2110395584783814
9000,0.26434570583142003
12107,0.3314421562788364
491,0.3049049398185099
9172,0.2360216548860902
18823,0.2360216548860902
8224,0.374221164201445
13571,0.11257729324542302
15670,0.11257729324542302
13620,0.11257729324542302
3563,0.28055146081802296
17343,0.26904144367919597
16936,0.2647800171296922
1699,0.2647800171296922
10855,0.3231489962667072
13346,0.30638877206502096
17648,0.22527155584589326
6906,0.2701974031268672
19042,0.2944016264582513
1492,0.21418701729932316
404,0.37146122982101837
17209,0.3950711627097455
4919,0.2728944464464971
6693,0.44071032678125927
15516,0.5391557699895649
3764,0.26161042704286325
2343,0.2520729623664548
3254,0.27548004313302854
9507,0.26978281963894396
1917,0.3464755147832145
930,0.2688403091154248
19128,0.3432958733705551
17649,0.3432958733705551
3205,0.23489051752830092
13697,0.22576686804560556
10195,0.3029729021698899
3846,0.33537677631236723
11552,0.33537677631236723
15793,0.2772588708919194
12753,0.2986837368682701
5519,0.21509709383772402
2359,0.32232467630804196
16153,0.22716632664994896
5756,0.22716632664994896
2313,0.2729232640548445
19041,0.19688849635213138
15239,0.19688849635213138
1018,0.19688849635213138
9581,0.4730016938534851
6620,0.2965875811033184
19302,0.2219836856991721
2124,0.21342720553436056
14856,0.244478281345117
5550,0.244478281345117
304,0.2705304589001587
8419,0.3927416887967664
11420,0.3927416887967664
20048,0.3927416887967664
8468,0.29009070075577353
17056,0.35145678639402633
10979,0.29009070075577353
122,0.35145678639402633
907,0.2689385317151565
6636,0.3132688642421208
8932,0.4016468141753479
9331,0.4160764684738025
1514,0.2576062267974509
16548,0.2641632024919965
19400,0.2641632024919965
1968,0.33810405828251894
16930,0.3206846723958344
6706,0.20806127546149147
13972,0.20806127546149147
7779,0.3047480711735651
11695,0.10379222738520641
4122,0.5162236744537427
5221,0.40932831430661926
19018,0.30744688572714224
9692,0.2649695192604101
8987,0.2803629084057999
17843,0.2803629084057999
7842,0.2977186984631857
6592,0.28899136838061007
678,0.2347557277855898
2394,0.11536558158078561
8215,0.08175279514681776
2369,0.2697551618464045
15597,0.2697551618464045
12575,0.3078177523242917
17115,0.3078177523242917
13822,0.32204796317207013
6185,0.32204796317207013
7232,0.293111447320817
10590,0.24216119893934102
9309,0.23661458266286667
1616,0.2576727364483389
15946,0.2906207332668027
4565,0.2814019824049913
305,0.28781225372409447
18670,0.23503053740332197
9721,0.09019997872424285
12768,0.15725930147497524
6949,0.2916922096979987
18149,0.2916922096979987
3387,0.23076031715674208
218,0.3134587442378485
5084,0.3351277061118604
3900,0.3030698074305616
10532,0.251256278831718
14529,0.27078437999036203
11655,0.2261466973255807
13504,0.1292962582334425
5604,0.2372979133682483
6774,0.23172374977447768
8532,0.4402222577134595
1451,0.290875819608423
9422,0.3185163980731798
19857,0.27315824642676984
12502,0.2325013142687299
18119,0.41740566003544916
19393,0.4050418662295152
17101,0.2354419187552059
18994,0.217541035164754
8950,0.38395970663000095
13886,0.27446063491288286
2103,0.24164464129884242
10653,0.24164464129884242
10829,0.2568559161806981
9626,0.29270809806074194
10875,0.2278168611038654
12824,0.38562366852270324
7617,0.37577855345168454
4832,0.36874282093801364
6886,0.3342501703955362
13427,0.29664837396203236
302,0.27909748659378925
15856,0.28680618710432737
492,0.2040946719132613
10824,0.3652455438494024
1216,0.3900427536144934
15227,0.29249375214063045
5127,0.30000563929930746
16135,0.25400352998874337
11481,0.3686307886453103
18147,0.370177991620802
17077,0.2110897589023668
2028,0.3361474762182965
18490,0.3361474762182965
2454,0.24997153425948332
4994,0.3019009786151056
18556,0.3125817544798853
15331,0.24807558316063477
8238,0.3611387596714716
19529,0.38665234665655196
5653,0.3068005940821748
14397,0.2759178861753754
2899,0.23338234958368023
15857,0.2836550808888165
2393,0.3797327585966331
13979,0.3602947048564936
18795,0.340930429314093
12063,0.2915608442361702
348,0.42241772073310285
17473,0.28045995449066463
4417,0.25669925461550036
14934,0.21119366657461747
17011,0.23653516187882748
11028,0.3126906029305794
5872,0.3053088213427959
12473,0.2986000730967064
16225,0.2414265829579015
18743,0.2985395191174919
6631,0.37975406443608856
15711,0.3485087460142531
13495,0.2314908478890118
13694,0.3117448409426857
8972,0.20641043790426367
981,0.20641043790426367
1666,0.27194110468914934
15083,0.2874799005287965
18659,0.33530642085247286
18158,0.36041199988703265
91,0.36041199988703265
15940,0.3279291837330392
1448,0.27743839353761357
4309,0.28344214848760274
18542,0.27416791068331414
11900,0.3661577475683298
11831,0.3661577475683298
13726,0.3791446447043378
2489,0.2476142278156178
5925,0.32012637666056243
6632,0.2968614479258399
19907,0.23639180077512473
1397,0.27270355307795857
10955,0.35983632557793366
2106,0.35645472707061815
5339,0.2212839972769254
7575,0.2212839972769254
1268,0.324273873929385
14337,0.324273873929385
19781,0.4087326769119244
10734,0.381537865327222
13639,0.21460810241418912
114,0.2264811681821269
4040,0.2470261893032431
8979,0.2470261893032431
12632,0.2865017103375244
18830,0.2446291430638037
7021,0.37360620969180236
19731,0.3403082794378736
9433,0.31265118436026684
14168,0.2558707555189791
4795,0.2347529817826069
8635,0.29903028644639157
14091,0.29903028644639157
17708,0.2844343242563222
1038,0.24592714372972113
7468,0.26276464137189487
16590,0.46195702468579763
19687,0.2593096125064814
16502,0.2578289715957233
10732,0.3296093821045077
13352,0.3234059126292569
2267,0.3234059126292569
18687,0.3234059126292569
8487,0.4236655297481145
8315,0.38859903968595294
8004,0.2715241833154416
8070,0.2715241833154416
779,0.2715241833154416
6677,0.38879071913505836
3866,0.2696327000812266
19281,0.26365687509582175
5581,0.5377036421244434
3033,0.36077621794529724
15890,0.3172504169879719
13566,0.3172504169879719
222,0.2740405826357877
12650,0.2482811831885029
18433,0.2903862301224867
12946,0.2164968192668634
5704,0.2903232276996646
20188,0.28462493912216486
5540,0.35617041257911736
8612,0.33427718350678565
1617,0.3471507737105025
7979,0.19680357293604372
362,0.2043337741727927
14617,0.24747708478395816
6109,0.2614073916356386
4816,0.29839838182052286
409,0.4498420142345813
15743,0.34738603031152027
10606,0.390061572700252
8898,0.2798809417616229
10188,0.2953833475897301
3904,0.24746205166760293
16312,0.24746205166760293
1608,0.2723181328265265
13237,0.34440516182647735
12985,0.15611003471927676
8371,0.15611003471927676
2688,0.27950770261555247
1208,0.4183017358312702
7373,0.22789717504460602
6015,0.25846035768274694
2990,0.5762727369468559
4232,0.30799057730722224
14421,0.21711364454034926
1263,0.3316358982902378
7289,0.3221722992421975
5990,0.34381710986789
15289,0.2200399367824501
7861,0.28355623817677683
3678,0.29507232189820776
11146,0.28384649295718023
12215,0.5752732760889202
10688,0.34950303705723473
2653,0.27042361348242017
4875,0.07836564659244735
11351,0.3584742526772639
4728,0.3619297995590257
3432,0.30168962781768055
521,0.30580821582125556
19983,0.6809120839551873
18651,0.30480114533933966
14089,0.3233812561201618
10497,0.30816702067001533
1632,0.2726797948406722
13774,0.3059760766883449
12132,0.2406115736696178
2066,0.3828707487695181
1895,0.3828707487695181
15395,0.30631982243883804
4106,0.2620489923537572
2363,0.3127456256238926
18443,0.30588012012930926
13659,0.316773782936733
9727,0.3262288432192805
17534,0.3331072666923734
5360,0.33286999047094346
16498,0.33286999047094346
18620,0.3019941503844522
2575,0.3442210350302089
1030,0.3531992166381178
5170,0.2729817198221818
7975,0.23579583865058668
14508,0.3097129348033977
1845,0.23737607758500992
19035,0.3381605099163801
10329,0.3105058309040986
14460,0.32822638140258426
12700,0.35769022823250946
6086,0.35769022823250946
10116,0.2672990140070253
845,0.2672990140070253
4161,0.30705093600043515
3514,0.5513559301996499
16797,0.32123359777840477
20068,0.26232888365570983
12170,0.3730369083799716
4113,0.2962414903117861
8020,0.26924603638240613
14413,0.28834138686875466
16751,0.5548807519610305
263,0.2182322565130771
16739,0.284989592699249
19457,0.3364453299047424
9592,0.3298074714255938
12194,0.1858324099998252
20135,0.2961127597047583
8153,0.23690820323511716
12712,0.6756756671179738
7387,0.24853221866536968
9997,0.3001240020357747
7406,0.36659879095264775
7216,0.36659879095264775
13665,0.37789081042875794
16476,0.19826946193049966
18990,0.21831745821567053
8874,0.31272918881165146
10992,0.5935806701247291
3456,0.23157189477332943
12956,0.3331730648962098
19351,0.25715341005244374
170,0.1893369597035624
3306,0.28466742061494454
19922,0.28917303986503196
883,0.21314321123463958
5774,0.32349672519085304
13578,0.6075794282504009
3461,0.6790321544825233
19051,0.2599650273056197
400,0.322013825219247
12741,0.2926314160745131
11554,0.2897073916517291
3154,0.25440387559736555
19398,0.21433344357338652
9898,0.28836814365492314
6135,0.31281864035607615
12851,0.3320041163046367
5437,0.24338645204417877
2938,0.3980540464655167
13773,0.24338645204417877
5809,0.24338645204417877
13191,0.24338645204417877
14892,0.37311069437535266
18676,0.305191665008691
17289,0.2559192309853697
6690,0.2453649362785899
14418,0.2453649362785899
12015,0.3098400539732818
16405,0.5883724277965123
1972,0.2069511799191913
8227,0.2317664491512032
7137,0.4410512552301859
13865,0.4410512552301859
5058,0.6969467028276555
19416,0.1956260910968997
7167,0.28366443966551247
9785,0.28366443966551247
5570,0.36795691223565347
12376,0.32242048333951245
11087,0.3023580481601096
3588,0.2924223228041265
3543,0.26991595039101657
7703,0.2712228241637037
3130,0.5941922456766716
7062,0.17737013730530535
1402,0.2712328886682506
1284,0.3579361679379168
9729,0.3197818956936685
3274,0.2277501506501364
15407,0.23239342490578707
15528,0.20917875767282745
20130,0.5470461533149011
3282,0.6463674305096441
5185,0.22396392629288217
7682,0.37428041983859567
8725,0.20593205924811603
19499,0.3172622636308032
17401,0.17996984575815245
19925,0.17769493000325715
16892,0.38521292273379204
8808,0.31975977051400767
4047,0.20102095551433188
10223,0.20102095551433188
10420,0.254956170945663
13107,0.5015859980224554
2962,0.30415316240527507
16101,0.33358603219045924
17542,0.29940178043405974
10363,0.29940178043405974
16339,0.38531242467574806
14425,0.272620699921565
7868,0.20521391267219835
16974,0.29462721079506893
14719,0.3125817544798853
13282,0.47190405678972713
16346,0.28963351710417334
15475,0.2757593764501092
11761,0.353080205805503
13876,0.353080205805503
17162,0.35799808469439287
10940,0.30619221009496667
7341,0.2920379770266702
3424,0.17288756601698752
18274,0.2898536428071646
13627,0.3142213851882647
13111,0.49113108306115544
12637,0.34363863290511254
2705,0.34363863290511254
5802,0.34363863290511254
1270,0.24153221008216746
6368,0.3066278426585982
10944,0.23899637286615458
15772,0.26286542972733357
2978,0.31554659287858855
7466,0.2605842983544956
197,0.3103336831656828
17195,0.1483925840433236
11709,0.28232483420036836
13689,0.35263490959220317
3180,0.3577310427179734
10990,0.3577310427179734
5945,0.3669449337809896
11892,0.3669449337809896
7251,0.3669449337809896
13535,0.3289720952556497
18070,0.27200900382186327
1980,0.27200900382186327
17224,0.22714030196554516
13584,0.2994719865635893
13085,0.3233925322119508
1201,0.308515593422642
329,0.36802792116924526
213,0.19729466865305384
2114,0.19729466865305384
9273,0.3466947288953462
17570,0.31793653709104486
8054,0.2990723655939653
10043,0.2990723655939653
7884,0.3192187743064513
13288,0.3192187743064513
19734,0.2461740624436729
10178,0.35912347498494857
11215,0.3789444874150602
9113,0.2652310834087303
15451,0.19010517404239594
3679,0.32929611381656354
18286,0.5286152731328385
13390,0.33777838001795096
5143,0.33777838001795096
18409,0.28479062599984384
12061,0.24459309772082038
10217,0.24459309772082038
17015,0.3746311476649012
9404,0.3495674800664008
14862,0.3495674800664008
12511,0.19824423169795377
4023,0.3541280174144524
19827,0.25207512974698815
11626,0.321674769513716
8181,0.2630499539435643
6503,0.22330600847204593
4174,0.22330600847204593
13898,0.3393810806252613
9652,0.3391860989766635
14030,0.2966731428361272
12428,0.2966731428361272
14520,0.3574947769086617
13006,0.4268474417099142
7662,0.24567238207704428
17581,0.34194757741358334
8418,0.35326946672307336
4280,0.23441732023220194
4065,0.29125671141622606
2986,0.29125671141622606
3930,0.5202876666462612
7082,0.3925357768689783
7351,0.3925357768689783
7685,0.37224157734672475
8852,0.378141667697393
9154,0.2247540383555518
13944,0.26431219582937726
8248,0.19686450846821757
16194,0.35101194314117784
19784,0.32378453840810756
3063,0.22376036752828182
13679,0.22376036752828182
5918,0.3058821292832784
6350,0.20490710938538578
1005,0.19932985172998674
19743,0.21979638568548354
16852,0.2927720387427221
19503,0.2927720387427221
10870,0.2828611126754919
13132,0.32562942866271083
1436,0.4090165115660387
12455,0.16901460839858054
2002,0.235099329774358
12634,0.3298030719172502
8994,0.3298030719172502
10042,0.3298030719172502
11245,0.3204650239573262
18631,0.3766034762474756
9130,0.33611682949194055
16112,0.4356835005986947
8600,0.23362537817800133
19640,0.3678144366863494
11747,0.2503640733677013
11472,0.2467240792990369
20229,0.1709739992542313
3086,0.26574460056196203
1587,0.35983518785950497
10640,0.28780733574959433
19523,0.3053661434929751
13989,0.41330019636653004
19226,0.3654171292080372
165,0.34844961466214985
216,0.2247578565089177
10235,0.23378313749051344
19975,0.3463085939690691
6621,0.3463085939690691
3748,0.3463085939690691
17018,0.3235585789561626
2201,0.229319388017365
4083,0.3291173195840462
8493,0.2571439225934694
16914,0.24443490571407114
3895,0.22542056543836023
14899,0.24443490571407114
8982,0.25690712040106906
19340,0.25690712040106906
7511,0.33445934663479093
2585,0.33445934663479093
3839,0.20751100990577964
1720,0.20751100990577964
589,0.30132374302464954
6889,0.30132374302464954
18312,0.29694691067927403
12355,0.3044534356730199
18945,0.25263507446806355
4549,0.2746979196058811
9973,0.2746979196058811
19485,0.324579048498849
15526,0.4204303579405083
5627,0.4204303579405083
3085,0.28830344680202885
762,0.17498380554631715
13466,0.17498380554631715
19006,0.2779966798853454
18329,0.33069812417824135
18349,0.3048757144932911
5289,0.20802180284526736
14689,0.2363275758016176
4676,0.4132300433989699
11740,0.4434437948113113
18754,0.3316757195584366
16200,0.25553982611946685
12285,0.2650077924742569
5763,0.42685072457603584
1130,0.39730993170729834
10910,0.3188258979107447
13339,0.28116639398836996
16090,0.3341819171334184
12418,0.2694582464718188
19408,0.2531790135212162
11794,0.2527918891005212
10511,0.25034999394778373
18698,0.22001842070708688
7813,0.3124651722898331
5760,0.33085557161589896
19819,0.3428482247952326
14266,0.24475592744966262
5960,0.18011257047186816
9755,0.2164585077077466
13930,0.24432396652636712
8520,0.20894740669855194
19399,0.2910571559931312
20185,0.2910571559931312
3346,0.25881583571057337
2944,0.3204417840570887
10755,0.24741317341564223
11584,0.24741317341564223
16468,0.24741317341564223
19161,0.25432203932194797
5939,0.16492340067488276
6740,0.20941940085421232
15653,0.32692421361062585
5495,0.39505016683697325
19280,0.2046448872621197
624,0.23489118934302133
13473,0.3271871176547742
19830,0.3444562995652662
2525,0.326429988470599
19669,0.27096287576440703
7434,0.27096287576440703
1474,0.25025815635931326
13045,0.4499621429881492
885,0.3324258572500338
4435,0.3244555915208022
16044,0.3536768235277977
2674,0.36521966726881605
14123,0.36521966726881605
470,0.2759259639137484
19615,0.20428320397645572
17890,0.3474634904830928
18386,0.21660550526128894
1998,0.30299468096166315
4013,0.2766782555083764
5123,0.390572515762676
3075,0.29824286413997236
641,0.2947076716955509
15641,0.2947076716955509
3756,0.2816572659957151
2010,0.2816572659957151
2242,0.08514022366828493
12691,0.20061969844614155
5467,0.23810432223940758
6504,0.39282599237687205
16174,0.36531505552129223
9502,0.3662451925478583
19723,0.3662451925478583
17150,0.33034626565506536
12867,0.27888672078415144
20016,0.24370863629321896
748,0.31949516323681026
3182,0.26143056117435143
8560,0.23360010698842965
3954,0.27156487088107795
3565,0.32144478953011435
8003,0.2990088995186637
9971,0.24050284942611677
1504,0.2244211831442957
15468,0.19379480959522064
16354,0.1998567074557421
13143,0.2572770348598575
5791,0.3109147150731493
19189,0.3114928105954983
17457,0.21447720525530117
14896,0.2588783235537294
19684,0.2700801905590424
6314,0.3151017868401685
10250,0.2672790119679982
2260,0.34383212054742757
18351,0.25941093227220513
2240,0.2837582450312805
1430,0.3183695472984094
10474,0.4418157388219124
7595,0.312570100561836
12113,0.33880171527798203
11873,0.2696183019260878
5238,0.2956900576618743
13741,0.31253192141166275
7633,0.3437302233908532
8687,0.2924663091705761
7019,0.4117658062182397
1221,0.3259065135242244
5199,0.3190081774296583
257,0.29021797107065467
7630,0.30077724460686883
11172,0.2517597109848857
3245,0.3839776393689017
19702,0.3267785093448919
17900,0.3173845950040245
10194,0.3005940090586668
20237,0.30993307175676255
15158,0.3552394360738991
1171,0.2826583730058623
11340,0.29764642589981755
1996,0.30619236467789324
10647,0.29872050054362337
3597,0.48500899150526655
14838,0.279122519738273
15166,0.30910577739756906
6304,0.48385869246703966
12744,0.2997339373609716
18941,0.3189662129629772
19634,0.3522388048747197
4300,0.5469844497042842
657,0.2867323478141325
10385,0.30162502474329855
13241,0.24890220299948118
3896,0.33718762463138796
7214,0.24890220299948118
15953,0.24164032231726681
3056,0.24164032231726681
5619,0.2690937937442742
9386,0.31541386739740823
9832,0.31541386739740823
11361,0.31541386739740823
12504,0.33346440944740363
15284,0.2744893271935574
8884,0.48605811428478796
16275,0.5565346055499958
3506,0.29856114043171644
17973,0.3612745229365464
2609,0.45033471136112196
8278,0.30175119286851554
17819,0.24295106642313896
16406,0.3114315405685774
13030,0.11727437064292316
17757,0.1824904966418276
17321,0.4544271743562791
1190,0.1636808972708677
11497,0.18682128628661435
17782,0.30323318548724787
4929,0.29181048184039543
17061,0.36898457136497076
2896,0.3615416751417597
13735,0.3615416751417597
4751,0.36898457136497076
3420,0.36210434591323637
5096,0.32906516250074375
9448,0.3220017906201727
2174,0.3372117511810235
4405,0.3372117511810235
9087,0.31938943136254677
14736,0.2997310713928139
19955,0.2997310713928139
112,0.2043103008750184
17525,0.20055377612673453
18574,0.20055377612673453
855,0.1931457249525217
18833,0.38456628872088533
13576,0.5087470068708342
15212,0.31665634887700217
5691,0.30080547525412393
13036,0.2859888692334663
4223,0.31770016211792695
17729,0.31770016211792695
3277,0.31770016211792695
19656,0.22975826694139306
11569,0.31180735704513046
10290,0.3193661899396832
9089,0.3237940234819243
4211,0.39254280852768886
19847,0.27846557618188944
19007,0.545295949415894
6908,0.47443854019000187
3428,0.29176339105998106
3343,0.22503204549211409
6268,0.30812810142589475
4150,0.29955073669917054
5048,0.29955073669917054
18502,0.29955073669917054
10677,0.29955073669917054
13730,0.31739519265235594
15036,0.2967914443258532
15995,0.31906075009803275
12864,0.31906075009803275
17138,0.31906075009803275
3141,0.31906075009803275
6323,0.19499021667120453
15870,0.19499021667120453
13802,0.2855524845962907
18039,0.2855524845962907
7807,0.2855524845962907
4771,0.30977456995327646
12566,0.4674721692297641
14855,0.18284208068275587
20067,0.6105812425299847
15583,0.481979635289948
12220,0.25518282058192987
7275,0.2292466815094886
12620,0.2611662920786366
17954,0.35756414162290523
6615,0.3486807296807604
2295,0.35149739607082314
6518,0.28174065030123074
15814,0.3383062141141264
2839,0.2724908902840984
2472,0.3280504033321863
18547,0.1936155113456223
458,0.1936155113456223
8322,0.39143279703224265
6896,0.20469202711653156
17084,0.3091555462681658
15072,0.3091555462681658
5729,0.2943829995765087
2262,0.2857366211052393
4217,0.4066648826503082
8561,0.2486166371730665
79,0.3906674338554954
2470,0.6496453074074121
17694,0.1893231748838793
12803,0.2228717614415868
18861,0.3179967664424319
2772,0.4567570502061088
2691,0.6375897422102493
18637,0.6138138514598307
18389,0.24733374007740946
9806,0.2974448276096558
16061,0.28521755630755513
15069,0.28295006429211456
14343,0.27579514743764844
11587,0.27579514743764844
3983,0.34735042907044494
16635,0.27579514743764844
19929,0.3038092081720931
14181,0.5716081445467381
4942,0.5550962216568538
11004,0.22752140154916303
18541,0.22752140154916303
1481,0.26640217586403886
17356,0.29617468643386685
7793,0.2278662497177086
15608,0.2451256726049587
12809,0.2844211956624385
19686,0.2831240049962087
18521,0.29747632062478013
7126,0.3048780449434634
19359,0.2795219177236887
166,0.2647158129603585
1272,0.22516611858107838
6011,0.3194478296059423
3782,0.3194478296059423
19002,0.29873854809382405
2467,0.2667023766546779
20234,0.2829800970080346
15506,0.3243243241313331
2325,0.5451500357628468
16730,0.5451500357628468
14350,0.22327187680392957
9722,0.2624330564061249
1329,0.3118453801904617
6032,0.3118453801904617
2465,0.27448743040765156
16444,0.19219220421911956
9443,0.23302711877498922
11511,0.3047799104815769
19592,0.2908010704275227
10126,0.2858556274360886
16541,0.3390568050426754
7166,0.31459634337320136
15578,0.2720543701979983
4909,0.42685631439722255
2576,0.2743608768047939
14770,0.34683895293059125
1254,0.34683895293059125
17154,0.22032639612053348
11083,0.28916142612900975
18936,0.3490185098917139
12869,0.3256189420075059
866,0.3196707773924855
19903,0.544066835160839
15319,0.2671974361501688
9812,0.2671974361501688
16097,0.20643249323296992
15281,0.2948334478203064
1032,0.40659867028415925
259,0.23107910892489847
16717,0.2315242833526181
12535,0.1904407761839481
12382,0.20997127552836592
1624,0.2147650767383078
9226,0.2879561180037977
17852,0.5150060528603339
2378,0.2748915281439136
7041,0.24640014844922134
16625,0.30028676524357484
16726,0.2642774349330132
2084,0.25146530123837607
5892,0.25146530123837607
5383,0.33075505939547534
19468,0.2269743559895893
11302,0.2269743559895893
17265,0.22353901109166785
17618,0.2662012567307991
5142,0.29335975973302614
6269,0.2954893031150351
16471,0.45222951606485035
13784,0.23940984831961654
3990,0.3354765648828266
1719,0.29215342329129895
10203,0.2870173827674903
9007,0.3618748557567173
2502,0.2355098597686185
5409,0.3571293283733074
17860,0.3571293283733074
12339,0.278836135829022
11197,0.5889710986081489
1807,0.17014768566608804
7932,0.17014768566608804
4859,0.22027827027011945
10899,0.22027827027011945
12556,0.3151427387658081
3745,0.24347307639629476
8787,0.2772601554755391
17036,0.2772601554755391
10888,0.35746305435199366
6103,0.35746305435199366
1552,0.4529192512543115
11560,0.2653938089765003
14232,0.2750588048676272
17576,0.3395685168686869
3767,0.31251171446935117
8860,0.5411786216217399
18116,0.370715917284813
14723,0.2775193927269897
10566,0.30721338240847584
9239,0.34265493487184095
5886,0.26268699972417914
7410,0.26268699972417914
698,0.26268699972417914
11458,0.3727176115437306
18181,0.1915986319943342
4530,0.28242095302095804
8526,0.2770856224806125
18958,0.28242095302095804
19816,0.18792313400451727
5083,0.18792313400451727
2875,0.24198015560142755
164,0.3163184207736437
17511,0.3163184207736437
1588,0.41070172153465856
12518,0.33957462128863963
16404,0.2716779426991279
4988,0.26801930970490623
18775,0.47293052796772644
10228,0.36097184765900897
18529,0.36097184765900897
18287,0.3841806839322858
5546,0.20093296379501263
15251,0.2532333775062933
11317,0.28506786797671135
4203,0.2847568315396307
10456,0.28857556266484197
4265,0.22971700062748657
12019,0.28857556266484197
8432,0.3121054669842227
19279,0.2963327488647149
18612,0.25993794520136193
13414,0.4802677539278116
14497,0.2948799771739803
11073,0.2846243279443671
14068,0.35653828688408584
11341,0.35653828688408584
1331,0.2024017912483295
12696,0.3350473408627252
10323,0.37134170163311486
3867,0.19863205528395736
14402,0.29064396746842297
6681,0.23892055687980618
5525,0.3168504985716537
4063,0.3398523291366026
17628,0.21323996290809522
9002,0.271904992756225
19463,0.271904992756225
13525,0.271904992756225
5361,0.168292021039491
18048,0.168292021039491
16756,0.235407868041707
19156,0.235407868041707
4143,0.2999029063476739
4956,0.3062033965800221
6678,0.27566435330703665
14713,0.2405895285098592
3799,0.3473775319981076
3509,0.3531866732783562
17378,0.36076975131239364
15773,0.219576756949411
4458,0.2838531127758951
19104,0.205521415204308
4251,0.23950970328433022
234,0.32013741774698967
16738,0.31091723633816065
9343,0.48792209466010755
10598,0.33714483579145327
16052,0.2588996869006613
17187,0.28858514895483567
15665,0.2257567243882533
14021,0.3356133978921534
13703,0.3131489751405037
18241,0.3131489751405037
16810,0.3131489751405037
6658,0.1727313480359274
13167,0.22615285077923492
15038,0.32542937241773995
6041,0.21585017421490166
12749,0.21585017421490166
17472,0.2681909134920623
17355,0.33759766772740774
5846,0.33759766772740774
18539,0.33759766772740774
68,0.33329545914862835
14300,0.33329545914862835
2203,0.4882289164955792
18893,0.3303258089215458
12059,0.19423178246196007
895,0.19423178246196007
17908,0.31548592870253545
296,0.21804102099951755
19332,0.33327352596230875
16716,0.28733686926694757
7357,0.2466018713013891
16414,0.5834607150739678
1350,0.0880985969434585
18533,0.29436302258773483
10818,0.3190861904981179
4601,0.2965631982969535
18242,0.33668266476702935
4370,0.33668266476702935
4985,0.23185342523897426
8922,0.23185342523897426
15508,0.32175253367028933
11845,0.31553625115431383
3751,0.3955313311549049
13914,0.3481976781958662
3542,0.3144683569056761
18875,0.34234101822291596
16499,0.454545463392444
4722,0.2886406068838772
6027,0.2866385844368769
3148,0.2866385844368769
3966,0.5347544234916761
9552,0.24715418968253275
995,0.34604210417970066
15987,0.2229825086801871
2545,0.2660076814184704
12516,0.3261945376090857
10181,0.26626546798993916
4231,0.2893939258645335
3784,0.20954001397087574
11500,0.21645431079963082
5643,0.5227095558022965
3397,0.26206718826258957
6444,0.2071952595445425
752,0.19805213712368047
6202,0.34186274275223916
8334,0.2130003897320508
9322,0.2971120292382361
7751,0.20093529232784407
6461,0.2601638162497626
6489,0.21385117988954763
4848,0.2743425294790936
4570,0.3294768746824336
2934,0.18855891824665832
16047,0.21323996290809522
19216,0.25366537395316446
16762,0.1744252302355445
2459,0.33640796896579833
1893,0.3112720587312067
11677,0.34272417786706044
17445,0.3646913486577552
3352,0.21398961204518577
9105,0.6078154226853736
12608,0.6078154226853736
16629,0.3563005002182841
13257,0.3743635180417359
13792,0.3563005002182841
12013,0.3716020188042835
15204,0.30567946281289843
16334,0.2786086784655891
12558,0.22363888126396914
2401,0.19305465530087335
18678,0.2598762200500115
16252,0.2520572448960851
2098,0.29105523571045805
1960,0.3053280509844531
2577,0.3690320579476227
2810,0.1904797428858806
14611,0.30873426222417233
11463,0.17348786414034167
10534,0.22238882098312765
14679,0.34071487164894165
14570,0.3069717974575125
14360,0.2840526561150809
2751,0.289662155142083
15209,0.2840526561150809
13916,0.34463033559219924
14795,0.3074300877293334
7814,0.2950518577700165
2404,0.32317025153831136
2543,0.18630333187279383
420,0.32187962782436513
13108,0.3715531970149308
14754,0.3496936782146304
17940,0.3254121935902521
3186,0.3254121935902521
10843,0.21081803659721898
5424,0.21081803659721898
1957,0.3089181250363526
19507,0.24757709109279208
4609,0.18857165404262627
13508,0.28737980153786863
3255,0.2761348805658289
5174,0.1805708860103138
16372,0.19631074791014239
13447,0.19631074791014239
14445,0.23899833960957448
13595,0.23899833960957448
18285,0.2846401801298744
9863,0.26614503896841823
2272,0.3411170327751565
12862,0.3099444734867835
3801,0.24692758631400583
13472,0.24692758631400583
11177,0.24692758631400583
16369,0.24692758631400583
20036,0.25529759933161306
9221,0.258297233860448
743,0.301792199347373
14532,0.28873541078929704
13911,0.28873541078929704
14610,0.24297285128702606
3183,0.22872949133236264
10184,0.6528327226079843
14294,0.6528327226079843
11912,0.23429444268599486
13591,0.3430764740976189
10442,0.3347648268812188
7713,0.2109257085106396
7477,0.2109257085106396
16172,0.2449907690891564
5485,0.39419207271229767
17690,0.21339985054282543
7092,0.23339727048377495
6177,0.23339727048377495
8283,0.27858011889968026
1344,0.27858011889968026
6861,0.24691128907132473
5243,0.2988918203414553
11036,0.6435261299981412
11770,0.29689545966692144
5097,0.29689545966692144
177,0.2720682911537208
1356,0.2720682911537208
14048,0.31430869403922035
3193,0.3283825049001836
163,0.30226032460813
2989,0.2129398959107754
10202,0.22209084550876385
9747,0.35020903944295295
9821,0.3556496779884293
3612,0.21292658238020218
2750,0.24363827041529734
2207,0.3021009115235968
6718,0.26818742570466775
8395,0.6378216426929524
18519,0.23595255249974528
9138,0.28715766666680476
15304,0.303880314275526
2762,0.21051747982050567
1067,0.21051747982050567
14968,0.21051747982050567
3415,0.292812433207676
5434,0.28273358925093467
6305,0.1570866636609157
16377,0.3184841706726059
17986,0.22576796235606958
3865,0.34287004146818295
6415,0.2768859632417856
16463,0.2768859632417856
3430,0.238274570646077
3060,0.3200353981964916
19923,0.3200353981964916
2026,0.3200353981964916
15827,0.2947806895184958
5251,0.5285727820619737
14644,0.24078209174564466
17667,0.36566784482739084
5949,0.3677286450122811
1723,0.35320418237705276
10697,0.33167884997264946
15614,0.33167884997264946
2626,0.2509241713552661
4702,0.3030923573054969
19950,0.22514286623195734
5405,0.24314678243425858
6847,0.2044141656610332
18094,0.24314678243425858
16622,0.20177164036394704
14616,0.25126005499092324
12347,0.26870748771970215
3663,0.17232622396490138
3357,0.2338387422084331
18256,0.32242464295041484
16689,0.47064996203872456
6633,0.5071226552715148
4931,0.3574376914009197
19114,0.2674216389199238
19860,0.2828275228687514
14090,0.33704294487201775
16451,0.33704294487201775
19407,0.10995848421836348
10013,0.23813063361949915
7115,0.22208308483887546
17887,0.31560795832769195
19737,0.31855732417169835
9905,0.47481309017492007
8367,0.47481309017492007
16484,0.3493201674763867
550,0.35796536552726554
18554,0.35796536552726554
12264,0.2873430568803921
16184,0.24875800436162848
3591,0.24449055166492817
3918,0.325771971700754
4334,0.2306158632291573
4273,0.2773621797913075
8152,0.2439701916951527
17665,0.21874585804178695
1642,0.35453637172577773
15037,0.35453637172577773
11710,0.3088543181535808
17931,0.2832871950342442
11142,0.26711516587657086
13889,0.26711516587657086
11572,0.1973166138789711
16228,0.3354458455096567
13189,0.302708527364939
8384,0.302708527364939
18944,0.29168100077821346
17595,0.29168100077821346
17424,0.28116314368311823
11973,0.17055333826987817
8262,0.22029956804985903
3959,0.2198881069148463
7637,0.3214271674104873
3150,0.5649673104654208
10231,0.5649673104654208
6072,0.2834481988162064
12933,0.27110562126820437
10244,0.25952013341481234
1034,0.35278678883454345
10343,0.2580755915986406
19501,0.1748744224424782
10618,0.1748744224424782
4036,0.3148287324009912
17030,0.34102873387661314
5215,0.34102873387661314
900,0.23900572102017623
6342,0.23900572102017623
20213,0.23900572102017623
19705,0.3021297661781075
1923,0.29747231796050444
12562,0.23282687405242258
5135,0.2927245227317564
10742,0.5752220582070092
12064,0.30041248000602866
10327,0.30041248000602866
1635,0.22180367988871605
16199,0.2392578051671989
13374,0.19094139352861128
16515,0.21519321121137652
17767,0.21504172532606916
11639,0.2349551863268416
2452,0.23757647458119263
14888,0.3001177861435672
1443,0.3105637181683351
6961,0.3057040077547422
10808,0.26400185481222116
15967,0.61550688936048
5473,0.6050641453367185
1854,0.20883353389267847
7856,0.20883353389267847
8236,0.20883353389267847
17510,0.24395756071439886
7284,0.34791637432496536
10461,0.309535836814308
9774,0.29539743567082655
11613,0.29539743567082655
4103,0.29539743567082655
5954,0.2705034972598683
3290,0.2705034972598683
9573,0.3220057108222415
3596,0.3220057108222415
5517,0.2642913438230444
18514,0.2642913438230444
18724,0.32697858305831073
16083,0.20717868250005245
11032,0.2878199728837162
4502,0.6588492520614324
8417,0.20094071718597173
10747,0.306432612387809
5752,0.2760578645255319
13139,0.27613855806051646
16698,0.27613855806051646
6696,0.29141104519667355
11368,0.20741824854057817
6807,0.36881478993273853
7146,0.3382476481135122
9192,0.25451054609877066
15208,0.13076921042502704
17307,0.645279191565836
16821,0.3349338227636977
1416,0.26051463623795407
15911,0.30067969902933467
7573,0.2278485542671559
20221,0.19618855527646895
9856,0.22553683788827397
15380,0.2625205102507784
15473,0.23128484206412694
8079,0.23128484206412694
19348,0.23128484206412694
2953,0.2603076546205877
3158,0.32108919120629664
417,0.32108919120629664
14279,0.32108919120629664
8453,0.2756181066813908
6795,0.17561700931994298
8226,0.23077355731221869
515,0.20674055418342208
4694,0.18063056479174888
4829,0.20674055418342208
17124,0.20674055418342208
12270,0.30970715564377516
8383,0.22118402872695953
8631,0.16458321235692397
20080,0.3400089697595402
15879,0.24477612301292337
5678,0.36962368756361413
14087,0.33420659882310716
2269,0.2867069637876115
12692,0.2501007619427498
9326,0.32046121296435004
15338,0.3474903387709577
11757,0.22572653692601186
8857,0.23531334146911873
6958,0.24728240632787557
10882,0.24728240632787557
12941,0.35773427577729655
10404,0.26588048964838706
6363,0.26588048964838706
14061,0.23964101468179994
13830,0.23964101468179994
6373,0.22133888031497356
18951,0.22133888031497356
2074,0.26389619372974815
10735,0.1970651290819757
10696,0.21535124979617068
17298,0.2276777210560335
12925,0.2956749383030848
10710,0.5272320842916807
19251,0.23643885718976645
11450,0.250805501247503
19354,0.266364903954585
6462,0.2785152623001006
2594,0.30723964117487906
11384,0.21372411808100236
12855,0.3302171928127666
14141,0.3513880083810741
18083,0.29333281457606725
2641,0.20976889622634415
2296,0.3109566153795533
5675,0.1945075804323618
6465,0.35139941087935855
4770,0.3257031719142964
9824,0.304509440679958
19562,0.27432185475717286
19219,0.26396544846190395
7067,0.30286683656853863
4822,0.19460068578529405
4964,0.2874974124847619
18014,0.5352971295356945
2405,0.26363103812142547
20082,0.26363103812142547
18484,0.22365428172271368
7054,0.22365428172271368
1999,0.282821824708818
1618,0.3198679123813097
16154,0.1739874414865935
14555,0.1667298896668788
11370,0.4680502251163384
16080,0.36820331948715
979,0.32595761446087285
6770,0.2309983635026912
13037,0.2729629606267619
13690,0.31173053421083907
17052,0.32567306075540264
9392,0.22846636672918444
10517,0.35815903854107733
11048,0.20585068924661243
2152,0.20585068924661243
12497,0.1942111631307192
7950,0.3074162946772939
15057,0.19491263703792297
4554,0.20472025357255474
13708,0.22028963328068513
6307,0.3614152611776394
5512,0.2261934946089092
13091,0.26616699128822324
12333,0.26110229446232835
19549,0.26110229446232835
10028,0.27064960927963777
12126,0.27064960927963777
12351,0.2073524315988871
17933,0.2073524315988871
14290,0.2936146864226411
1983,0.2100091913038763
18946,0.22364737528048223
758,0.30395135418658703
1496,0.2142409528325277
7102,0.2463885744566263
2951,0.24991556553786304
18327,0.3406275884819231
18904,0.3490158776784729
11086,0.20968901130844766
2310,0.20968901130844766
16571,0.4083099687114592
4414,0.4581230317927682
4901,0.3452534999968094
12930,0.3004085231433874
12886,0.3316590229054943
17246,0.33106796042483627
240,0.33106796042483627
2422,0.2703419876372628
1735,0.2721906536607537
11819,0.19893570256253473
13526,0.3372828099656278
13600,0.3372828099656278
2795,0.2980535384645374
4871,0.29905803285275095
18774,0.22305637365336856
12246,0.25151050325458213
1370,0.25151050325458213
20241,0.30070549205304054
18641,0.29804432082401144
1174,0.36629281985500944
10431,0.36629281985500944
11953,0.27183886204091706
11506,0.27183886204091706
15613,0.27183886204091706
18608,0.5798764076797936
5136,0.47187187850354473
10075,0.31618401617433245
18988,0.33035283117902153
7677,0.33035283117902153
15549,0.28461507155186255
1305,0.2975944842473504
2425,0.28461507155186255
6377,0.2979269755322485
4928,0.23302532687878488
6818,0.23302532687878488
1933,0.23302532687878488
7053,0.21626485936403023
5652,0.325252207254519
15779,0.31760757216533286
9081,0.47410058530863947
2156,0.47410058530863947
3741,0.3449068962683883
13450,0.2408600715175921
5932,0.2408600715175921
2415,0.2713634443760685
12999,0.32650663719872414
4391,0.32650663719872414
7347,0.3456471548494433
1781,0.3908798025954151
439,0.24948767427572227
5356,0.25340980965551474
9169,0.2744405864767904
2813,0.31849649325621754
6936,0.31849649325621754
12679,0.2386027753051953
16251,0.2386027753051953
15850,0.3139986157669619
841,0.27527223390479305
12651,0.19651138010520164
17309,0.37187362392217155
12586,0.38062834022805103
7353,0.3146879564103564
17189,0.3508042505464375
5094,0.31548392047445256
11133,0.31548392047445256
16342,0.19345189877911734
11334,0.19345189877911734
10608,0.3713381220286759
12237,0.18667656759265716
18275,0.1903179665301284
6055,0.3816137836049844
14926,0.27661669918860254
11333,0.26935995116699635
10161,0.3265585779214938
19569,0.28961484598602
13324,0.31282234795706737
3753,0.31282234795706737
13864,0.2897169969593615
1679,0.19401285938997678
1237,0.308244787930209
200,0.3084667530609906
15076,0.36583945107024907
4073,0.18958065248215922
10014,0.1977563323074422
3792,0.4748039175740817
19242,0.263758053835514
20011,0.324003926899456
5986,0.2778607664458245
18413,0.3413511054374243
12052,0.28466795832379205
11983,0.3272994997531136
15092,0.3605140397857727
8641,0.2121194648218405
7144,0.29403084292643833
7678,0.3056090079406491
3228,0.33876699470863725
13493,0.31421890391133334
5841,0.3159039343513262
12425,0.31836226654249006
3061,0.36821258171549714
10776,0.17632903929491991
5686,0.1895445999658028
4738,0.3007113452304124
12551,0.18665700968366883
9597,0.27872913343249606
1256,0.21112256292097914
5351,0.2558347434008185
8174,0.2268171124903924
2285,0.3272486861103442
12948,0.3255320898514459
12389,0.25491710741942103
15792,0.2476888333693349
8604,0.317888236225113
7417,0.33665552765921836
802,0.35046397399401685
12095,0.2891557122008835
3460,0.32792428464829987
10744,0.2858778527704307
17745,0.32792428464829987
5687,0.31479616690336387
3862,0.32515173635940925
1084,0.34139065940556074
1740,0.341332147341836
14826,0.24987549396674055
1538,0.38139961677643164
16806,0.29773035165197814
18583,0.24528767675379803
10689,0.339989593633524
20083,0.2708706762075434
3312,0.1938594579549971
7233,0.1938594579549971
15365,0.21206700608322301
5369,0.3399835647141603
7858,0.253854845044307
5057,0.33589233669246593
8095,0.3564764500925197
11372,0.22645308642458953
10479,0.32401671532406817
14596,0.3298813670460038
17935,0.3132361555087549
192,0.3282710183132281
7758,0.3282710183132281
1320,0.2616075143676525
15642,0.21096520675877478
828,0.3129103246647851
17323,0.3129103246647851
11275,0.2525977969910702
14036,0.32520634408321547
13215,0.32520634408321547
11755,0.32520634408321547
18406,0.32520634408321547
14561,0.2917070393606137
13031,0.3117359195029903
13819,0.17779293878675825
4313,0.20179972361270404
7844,0.20179972361270404
10680,0.42412790888531093
17709,0.2653092024045281
6977,0.35005767848003216
10499,0.35005767848003216
6805,0.2165292757337945
713,0.2879417120820442
17901,0.20333513086054414
2961,0.25770400965009105
6227,0.20619339894721309
6881,0.3217570911686162
12919,0.2672534267088421
13996,0.2043455821361914
385,0.40756391408540105
3471,0.24386673270491657
19245,0.329012866189073
14151,0.3038525038177926
16553,0.3038525038177926
2933,0.4369362288947485
11017,0.3178277213563185
1888,0.2384836309991001
1176,0.2384836309991001
2136,0.1785064439010916
6273,0.17351779259214273
19932,0.3021654306812248
16009,0.29102498304911656
7892,0.44908073672682436
16122,0.2060264016674408
7156,0.3035554466740604
14814,0.3171287287060339
8051,0.29715190077435377
1596,0.21106440153126788
14949,0.19851822785948597
11921,0.2906846676807569
5414,0.27522390199672553
8494,0.44092432885216315
16886,0.4310512917020146
7203,0.3005752475355662
18851,0.2516569496667317
19707,0.2554908398405869
1499,0.2554908398405869
5592,0.30451827833911493
8158,0.28509187582161916
13530,0.28509187582161916
5641,0.17201486202547817
1583,0.3230953143212135
17751,0.33493904535380425
15499,0.33493904535380425
7163,0.2644815111298609
9357,0.26834806577807
4754,0.30058488147100276
8949,0.40286506691849133
3685,0.3081774553010611
5169,0.3044461853292251
12041,0.42072372509688993
10050,0.3346567849538176
3554,0.2803245655588304
12226,0.2904273429090102
11944,0.2977714175405238
18165,0.3184240808952702
11662,0.2729917680064524
19185,0.3737267150643123
2420,0.28650577177487435
255,0.28650577177487435
15786,0.36078522807231683
16064,0.36078522807231683
12117,0.26442397163015496
923,0.2565390353389097
11227,0.24900865042758638
719,0.4242637379372269
9734,0.4242637379372269
6719,0.2885062361535103
4474,0.2885062361535103
19898,0.35847804459247834
1598,0.29051873882818413
8301,0.23655420052835213
5486,0.2654657775164459
2661,0.2951835298724192
13173,0.2731718644429618
6065,0.19400151567546955
6603,0.2605486879025164
16963,0.2605486879025164
17889,0.40751074601989135
5764,0.24224156633703192
17102,0.3485078240853426
1238,0.36103173999711796
16950,0.24766971122312545
16959,0.24766971122312545
11589,0.2456789204603974
18647,0.24941521555838825
5849,0.2520452559471715
6993,0.27461830856470965
2579,0.27868110403424423
5311,0.3604240978524651
18567,0.2630409957902298
3466,0.3496163842804708
10816,0.22750562456424328
8490,0.22750562456424328
7684,0.2720596443499183
798,0.2325624690953483
2081,0.27437333166371347
7026,0.308535013913386
1839,0.14197191868457862
12831,0.36379166529299617
319,0.21248639084496657
2517,0.21248639084496657
2892,0.30202598652504875
19098,0.2549847993189625
13437,0.2619699521551203
9882,0.26347158038601687
3196,0.33925609240477594
10491,0.27092882355877457
15458,0.2442811645653353
11014,0.25643864216302376
976,0.27707929665343034
15178,0.2654596946237226
10748,0.2009809335086128
17492,0.20747675713073466
18208,0.3456306670736794
7398,0.39343191540533273
13452,0.22607272544862783
375,0.2173433306980567
13695,0.303958084560376
19814,0.21231868067618068
16555,0.244942150414868
5950,0.21393708405175027
1892,0.2634363796365336
15085,0.23610754947028484
15838,0.3303584939015982
16978,0.39493567111291566
14828,0.3476533561504892
8903,0.2531261575739328
6275,0.26355535942782465
10487,0.26355535942782465
17165,0.23591111797215028
11992,0.25110603179651175
2275,0.25625130755913544
14500,0.2868323320355753
10782,0.2868323320355753
13244,0.1964901835705724
19888,0.18664332872098258
9112,0.29704571686275316
12597,0.32940582725530787
9325,0.24354455784444076
12991,0.2295292351263567
394,0.24072424614157262
5611,0.25025136067952425
19945,0.25025136067952425
14700,0.28195112631805325
12356,0.33275629381814503
18028,0.3252983843389261
15843,0.3252983843389261
18157,0.4981762604677208
14324,0.2809404583793479
10795,0.2910695496590449
4166,0.23899215595172607
12859,0.23899215595172607
8525,0.2603600449721687
8286,0.6737086623336279
8939,0.6375897422102493
15512,0.3602197429253765
9161,0.3602197429253765
17261,0.3489081698520995
7413,0.23326207468562066
26,0.2677542849220433
10950,0.29917871816284175
2129,0.28564619858298024
1684,0.3293926866926375
4433,0.24064952347671945
8228,0.24064952347671945
18657,0.35003683460559065
14416,0.1468647891653657
18111,0.3187867516688384
16719,0.2125293928223773
13874,0.252055435033518
9902,0.25386290956700075
20252,0.25386290956700075
4506,0.29347699290014023
20160,0.33346122781963256
15169,0.3307921970181923
8908,0.3139455561633624
11895,0.3139455561633624
13104,0.3137177426864911
12008,0.3137177426864911
12949,0.2941602244355045
19739,0.4376999074927706
1203,0.3466561695762246
2556,0.3150893651778413
18584,0.24371243802034032
16842,0.24371243802034032
460,0.28195112631805325
11792,0.26928172106502407
5098,0.24728287773548893
7093,0.4819131441895177
8271,0.2484286036578988
172,0.2274939996796871
2523,0.3017583922666756
8933,0.2810584703372361
15803,0.2470830531135056
16867,0.39072871202716664
18393,0.2398940914072788
16330,0.2472319228576926
18847,0.3209011717775672
9478,0.27662518512155154
9653,0.3827392886303487
8730,0.349555492415495
12261,0.3500574443766853
17000,0.2514559705942943
4400,0.23520200722438034
9848,0.23520200722438034
18051,0.25430995956644653
8230,0.2824787625085673
639,0.21085422369804488
16841,0.21085422369804488
14920,0.2824787625085673
17646,0.3062904150710132
16785,0.3367091625083612
1081,0.3518884795131188
11738,0.2885540320465879
1299,0.2767240747288473
13152,0.2745435429758172
19319,0.31756451682964115
13811,-0.0034806809258273114
2132,0.32199055661396303
10127,0.591980833167049
703,0.26071442391557625
2703,0.3023581461556891
15133,0.2609057717730196
19519,0.2609057717730196
4790,0.3022715895043457
14504,0.2905344025446397
316,0.3330149431968109
1851,0.5629066214307844
13457,0.24319434260637515
2387,0.2761530429900667
2163,0.2761530429900667
4347,0.3534098437785065
8564,0.2535783717070876
7112,0.23797207451782124
9120,0.30859177804561505
9242,0.3149788175073364
17647,0.21054186801200048
11150,0.3248042804556766
9978,0.3248042804556766
1576,0.3667415333843008
1360,0.2671497957317325
19940,0.5352175195776807
11114,0.24378585322962207
12912,0.24378585322962207
11609,0.3687974103374914
17443,0.29413996598182784
19254,0.2911838221406179
13240,0.32729912204059564
5770,0.34628602530837527
9281,0.23903101549345832
7397,0.5348236899070674
19660,0.3254529197019491
697,0.2514559705942943
10896,0.28745080111564136
8270,0.2824787625085673
6819,0.5070761087262214
4305,0.363632829164473
12968,0.21044900306605455
19905,0.281199519832145
11798,0.2845288763097687
1133,0.2845288763097687
1880,0.33556539525343776
3848,0.33556539525343776
3168,0.33556539525343776
380,0.30977719360491174
965,0.30977719360491174
10562,0.3373774705773052
20193,0.3250877716316253
1830,0.3290579971310909
10775,0.2940518866326128
795,0.30324632295439685
8675,0.219548100800477
2432,0.219548100800477
5738,0.29784500430729255
18862,0.366184280571051
4545,0.2645730916339689
12646,0.31048668544737695
3794,0.3296165399103027
7783,0.26689248539380556
7983,0.2796700605578272
1199,0.5092456204231957
14787,0.5817448716483595
2113,0.23119379930634
7958,0.2476488482025168
10507,0.3609130818236405
3906,0.3378858667033863
13582,0.25508312188926346
6729,0.25508312188926346
9742,0.3771186275530013
19122,0.35941215947512434
11339,0.31195754424201944
18092,0.2561339662776769
14545,0.2757418702496012
7479,0.5855904396857015
7966,0.44462100694534407
3733,0.5657742486621365
3010,0.21925356775899696
10171,0.32973172752644275
7187,0.31417707619443686
12852,0.21938798327198752
4493,0.24300485178585407
4025,0.27481260397783
20017,0.27481260397783
8762,0.29943544971520086
1505,0.2736658508177804
18566,0.2736658508177804
11772,0.6159947908916416
8045,0.46213107453338126
20113,0.3544214490740705
8385,0.2094775552402024
5476,0.2094775552402024
93,0.32832709731318305
5699,0.3912712886866463
7741,0.23669089067453172
20242,0.2602681390878554
398,0.3416482894237826
16390,0.2966245238959402
16015,0.33760667148219287
14208,0.5286973313987193
15175,0.22181214742900604
17734,0.3185176557842711
187,0.3410965763710652
11865,0.21091856998325514
2561,0.21091856998325514
19762,0.3416482894237826
13285,0.3263980216204538
17310,0.2466179182269063
14277,0.554000616028035
10786,0.554000616028035
10800,0.3315342345470326
13159,0.23448183001163816
17983,0.309025668615431
20240,0.309025668615431
15617,0.21459063030180772
7838,0.19786566770749445
42,0.19786566770749445
5118,0.2880557881066417
1468,0.3199255861115347
6058,0.3238243756695916
17421,0.2762561905933714
10052,0.34705484104967865
2636,0.3048502433150686
16318,0.32649215255653885
6162,0.2800993872992886
15795,0.24138695981464875
11378,0.40008756760116143
20125,0.252639097875334
17091,0.2544887243088799
18537,0.3768577580304492
15235,0.4795584148736438
19854,0.3409045172994721
10049,0.35919051734296714
9647,0.30986229424384865
14224,0.25386290956700075
1701,0.2569556184039312
4168,0.3226994744862327
13187,0.35919870711237484
18069,0.2425634459467219
14228,0.3281921856710876
20153,0.4519481112315067
9977,0.3114668494036252
12642,0.3114668494036252
15986,0.3139455561633624
18405,0.23618564215430168
18681,0.19565045675475062
14907,0.33193874910578736
8234,0.23534370738287586
3802,0.3244936058502377
9966,0.23935625782376624
15180,0.2920108279331409
14482,0.3249957948340135
1964,0.3083367765774163
8828,0.3083367765774163
2001,0.285211668418017
12110,0.2234132685663323
10731,0.27631454231621433
15585,0.3578172734768726
9294,0.27034073486449384
18923,0.5350949926525942
15873,0.34591139512259517
6817,0.34591139512259517
4665,0.34591139512259517
11820,0.30036011634483273
19528,0.24761228341508495
14431,0.27891729516080477
6923,0.2610918922061111
534,0.40606169426483935
11891,0.27347121178204087
16102,0.2482036697039245
10655,0.28617588689285856
15721,0.30294927203193556
9904,0.3689103569774095
11791,0.3689103569774095
19985,0.3688547098873224
11711,0.2800993872992886
11218,0.2315424779094476
2879,0.2525823820590151
20197,0.2315424779094476
3604,0.302435121028859
15735,0.4018708615645145
15142,0.27222722582950076
5602,0.3443057106822162
18252,0.2842802848263785
2515,0.3484400726416884
9829,0.3484400726416884
13267,0.27486439740766494
11061,0.2644777957046278
9250,0.3044799783730765
13444,0.266976745369758
6429,0.21523627747742055
15122,0.21523627747742055
12540,0.3028274068817743
19424,0.25538693386709627
872,0.6317906900758109
3752,0.3743574196709757
15293,0.39442996160962923
13740,0.4369649180381201
18632,0.2775794231257849
2683,0.2796992378725407
7748,0.3156113844352991
10709,0.1838959149499152
12909,0.1838959149499152
13622,0.31610166676075346
7486,0.31610166676075346
10957,0.2751073363531974
1082,0.24927360684810787
8778,0.14936688845829665
10555,0.29413459014406274
19913,0.3187781068914787
16393,0.41100825114985146
9477,0.5437119554484873
19038,0.2731043485254742
56,0.34267171717680944
16898,0.35383942481896735
19920,0.29988862765320057
20199,0.29978955509361765
13785,0.31315638368858223
3170,0.2826600092508529
4447,0.22846549953575723
14728,0.2107518496458311
17872,0.2107518496458311
2252,0.2377810884491352
9586,0.3715912702790587
2311,0.2654264808021769
8567,0.22315772625956268
5751,0.31309374209920404
5357,0.2288609330425831
4656,0.27800253409877135
19761,0.23546915104271565
8870,0.31461851990749556
1861,0.44466027398898544
7055,0.35553836951466916
9442,0.2528105454413596
16140,0.2852484192935579
19150,0.23625843039329752
7712,0.34190501251526
10774,0.34190501251526
16141,0.5330726534440665
15091,0.21793479812584698
17071,0.3153652669057044
10002,0.3153652669057044
15286,0.18707629319864444
6962,0.3113434904063144
7876,0.28652018311278177
14537,0.33055661490216204
12860,0.3043235336130585
291,0.20866987661295497
13230,0.32628611847920125
14768,0.40852644072077937
14972,0.2821144940997325
2870,0.2821144940997325
8973,0.2821144940997325
1924,0.2687419333638738
11375,0.3198395288271911
14523,0.2554689646211226
9232,0.2554689646211226
16120,0.2904836949787471
6142,0.29120174778988916
812,0.6960383559543631
19221,0.6960383559543631
11804,0.3358252250490489
4038,0.31904720926299096
14298,0.21978827473880108
17223,0.28912271201878376
8866,0.20740714067138138
17269,0.279114914187693
865,0.19263509544209068
14685,0.19263509544209068
14883,0.3332282265975447
11653,0.3363980639809566
5132,0.36079108954393746
6931,0.30125587003392773
11398,0.3043877864140735
20050,0.24387331998898237
2784,0.24387331998898237
1951,0.26623651892085237
10010,0.27423446272861435
14473,0.3435143292656296
2122,0.30359735410137784
15887,0.3072646628045427
15012,0.28068469119211037
1244,0.33887018253465295
7968,0.16708925958860305
152,0.18322944940046615
19611,0.3263280897910098
19663,0.5697926701330113
17439,0.5697926701330113
10350,0.5863189494238085
2578,0.35890626518071667
14659,0.29198038260494197
8411,0.30773873322054823
6410,0.3406049416419576
6452,0.3356785699340347
4082,0.2651942163802179
16979,0.28584270210769935
18518,0.252318938623374
13655,0.252318938623374
18791,0.2761486808729874
5310,0.2761486808729874
9961,0.2586302983691546
18255,0.2586302983691546
5264,0.2921664686025985
1141,0.2966134704205354
19072,0.3026827188454251
8263,0.2634508046403076
19130,0.21762625736717792
5463,0.21762625736717792
9890,0.22667781503521517
12443,0.31122487086829453
17097,0.3555236070505198
18810,0.5688167953451183
16303,0.3514570394891265
7287,0.2043751250158281
14918,0.3510638261231146
20098,0.31265613429127437
3675,0.28597528610716894
4466,0.20155950252754487
13318,0.3137787249941675
2183,0.3137787249941675
5491,0.5813309182220396
13647,0.28366829319941955
13574,0.20788435965993496
20209,0.20788435965993496
4256,0.30605151879168135
19643,0.2913540551003553
9228,0.30605151879168135
6090,0.22132628779371433
3434,0.20524859610855845
15518,0.5141900075671888
16204,0.5141900075671888
2172,0.336990307410174
9207,0.3084510749455829
1401,0.3084510749455829
13892,0.2956169097706175
8552,0.24320405069100126
8588,0.30083291853969774
12213,0.30083291853969774
12555,0.3454437254922
12248,0.3263280897910098
8398,0.3731554596824383
3656,0.3731554596824383
4030,0.29125840130609754
3698,0.3053013672861628
14306,0.2954797048169575
3754,0.24900360223050383
9578,0.2853898158168848
16650,0.27096868972563154
78,0.3774174645230831
19341,0.17819979251013293
16309,0.3079914620082714
8889,0.33010099654781033
17051,0.5587809641339144
7612,0.5587809641339144
10098,0.2749453599562328
3501,0.3210991247331433
5586,0.27721566634881156
4331,0.17555818043351507
8442,0.3184353399427392
2292,0.31231365261624905
11492,0.6135339185579238
15340,0.41719578721733463
737,0.2407528964091031
1930,0.2727635526540894
9654,0.21383371353045852
4877,0.21383371353045852
2067,0.1857147930330209
1594,0.40974159059950443
2499,0.34894218194691673
16933,0.37334167914222105
5784,0.17819979251013293
4749,0.2744259849395014
13814,0.3170186928544991
15868,0.2517386383813466
10255,0.2737891612554406
2335,0.17555818043351507
12169,0.17555818043351507
12748,0.17555818043351507
2474,0.3534162979105354
5551,0.3125527616717122
17025,0.28017725537291804
9351,0.3099593411587611
4052,0.20026192196007928
7081,0.2011505120189827
8929,0.326053045179393
2633,0.326053045179393
18211,0.2851421762700266
16109,0.2851421762700266
17095,0.2415310945780657
7836,0.2415310945780657
4111,0.30420228519261866
4064,0.30420228519261866
16007,0.19583060979386807
12262,0.20614139644366203
18498,0.2868103422545564
2154,0.37209117969814237
8360,0.20543570492881355
12460,0.20543570492881355
20151,0.22335006555643483
15110,0.32028397431789857
2853,0.2263940478735366
13834,0.36414941332817286
10340,0.34374272214321966
11314,0.21335600388761217
18763,0.22720464090405323
12789,0.32726307680597644
3244,0.25682730110510554
17663,0.25682730110510554
2056,0.3511263350608522
9427,0.27841062464716765
13929,0.3999703670969361
16955,0.24508074440618852
2639,0.14777078810069458
10626,0.15118549570017686
18504,0.27738051824278803
10772,0.1937775611424395
13382,0.6168510972366049
12287,0.3575394349199204
13316,0.3562235049994965
7636,0.30598412753511894
6793,0.26360819485572
4329,0.33472555520975955
8404,0.33472555520975955
16952,0.21167215315735147
14307,0.1824397019347423
10914,0.2783394136662252
18663,0.32110736232452763
13497,0.298085730213883
4739,0.2619043196887473
14512,0.3440439118059116
11713,0.28693893887479727
607,0.2184621229141154
4915,0.22828972365777667
11367,0.19403549324408828
18710,0.20954027698030764
9602,0.3843427153735215
5654,0.5439230935953648
20057,0.28403352183029973
3775,0.2689404432177316
6031,0.23185482454866246
13129,0.23185482454866246
15088,0.3058479911753705
15043,0.23768332983523305
14515,0.22515646759589392
19627,0.3308823571651327
2350,0.2769809341668674
15366,0.34342651539092156
8522,0.6366980917523389
2190,0.6366980917523389
1705,0.26223709437089615
5075,0.24298741694868503
5917,0.27559054707252884
16633,0.21823275874333753
1610,0.23565572814845767
18448,0.26428257658175097
15263,0.30667814256818104
18886,0.32861293831873367
10588,0.31377228242490507
1726,0.4095789058366962
2157,0.336089836973407
17759,0.6027456444419089
13824,0.3396821568711503
11657,0.3396821568711503
2427,0.3610917495632183
6260,0.20483651944075007
3765,0.26007358982735407
10273,0.24614450074095862
227,0.3338471304023269
414,0.25937763614845444
3632,0.25937763614845444
11666,0.31949184508664635
13154,0.2422054228985665
8191,0.39177312344250037
6207,0.35278541192073604
17405,0.35278541192073604
3737,0.5027367996150421
13932,0.2744054472226157
14841,0.2453254065807597
13376,0.20262171582112226
14598,0.3398163664851256
5920,0.2982586214227336
9952,0.29253343868316173
8251,0.45286985699614174
5885,0.3379543026245315
10988,0.3298664905860766
4340,0.5057042109866924
13546,0.32498533682695274
16546,0.32498533682695274
14365,0.2500296461392831
3212,0.3157728650733524
17863,0.23912283584588748
19124,0.28913418651747275
6132,0.28913418651747275
7760,0.17524985338144716
18417,0.2086695135327921
11796,0.393034930787416
2557,0.516863454118688
4156,0.544826823676405
3030,0.32587645977486457
12221,0.2764423130408154
19927,0.2764423130408154
6214,0.30314043780188676
1162,0.2703221425997549
6955,0.2504588515802318
7178,0.17919823564081283
5004,0.17919823564081283
1106,0.15977444864518153
14889,0.2149507984189037
1146,0.2149507984189037
11425,0.20870630880306745
11027,0.14354680321809565
18352,0.5130847060022087
8546,0.2813259048244026
3864,0.2154500754812385
10158,0.30517123207015523
6092,0.4162141460969899
12295,0.2504017211382865
12798,0.2550851956951459
16363,0.20859453010006157
16048,0.28395805654629674
11040,0.21703643123854593
454,0.3018616898979706
13935,0.4375023342547235
8696,0.2054226863011709
16971,0.28271185526513415
19392,0.28210191563672693
6477,0.28210191563672693
4151,0.324456335458449
15309,0.2145013822892421
10599,0.2000626073936085
15230,0.2145013822892421
5347,0.1896303950127566
9068,0.29834757745546986
918,0.181198359824247
886,0.18427470884574193
8159,0.24083650937382237
17327,0.270118165140883
5936,0.42874436659185167
5270,0.5347067991260234
5731,0.3036390696208329
15337,0.2320296416437455
11020,0.26118215453706994
7355,0.26810474837536047
10859,0.3397167782237454
13968,0.2875155016411275
831,0.2182282782407715
11444,0.33819765658211076
8416,0.23085112332661295
15188,0.26255495167977333
6672,0.2626831645303558
4522,0.42330201055854166
18106,0.4117423294974138
4628,0.21673301070349024
2932,0.3300536252230424
11753,0.24268648626434822
18216,0.28953118541343753
11555,0.419081224286443
20092,0.5428326901620011
8997,0.4280294344532619
2049,0.22513222260801236
19879,0.24371468950768266
16292,0.3504930823820901
13941,0.32449690484240556
3304,0.4032358186453914
2514,0.2363289479999994
7791,0.21556178298181713
13502,0.24120492625066633
9796,0.23823954251933138
2979,0.23823954251933138
14227,0.2756669287409296
14074,0.24696266872248235
2858,0.3782206278332006
690,0.3373740670706135
12004,0.2826980910662263
7520,0.3111926768426879
13744,0.3061744695968698
14553,0.20280754169728976
5269,0.20280754169728976
14935,0.28523064025413025
13061,0.35972291546640645
15287,0.5031593424197146
10581,0.26178114739547736
11157,0.2292141709818774
2913,0.2286766833530757
11541,0.32626141064093306
9925,0.28940516448387377
12559,0.21553257350505353
741,0.316382863030984
6875,0.15080794862033417
16158,0.3622047341678663
14020,0.22876640788481364
4658,0.20384508620885694
14901,0.20384508620885694
5697,0.30117584521968366
16837,0.2898607419840576
3670,0.31737087742493725
9928,0.2708033814736042
4101,0.20961225004912873
14582,0.36905562439015416
10238,0.4009543850928503
9262,0.25963792892121684
18369,0.29296798892031195
730,0.29296798892031195
5421,0.337746537960325
2610,0.3091556456426183
12567,0.3087026589110524
11344,0.3526333749020621
38,0.21705215938342776
7442,0.3072305833594263
11447,0.26243325990783894
15587,0.32180326669747455
5843,0.23775090800438295
14636,0.23775090800438295
11649,0.2713684067081814
8450,0.33201019160866346
6515,0.5909533163012679
6361,0.5909533163012679
13668,0.3749017999730526
3811,0.2745867766044669
6737,0.23173104321590215
19513,0.23667565619787553
15904,0.24584918664411368
5448,0.24584918664411368
18522,0.24584918664411368
9710,0.22903994374980963
12762,0.611054036495738
1604,0.611054036495738
16602,0.34558694002996543
1838,0.40072440181082497
6802,0.2827758532227285
12623,0.34715910532310373
3012,0.4200632784611229
10035,0.46924951503528495
18400,0.23305394741758093
3580,0.35898002796369133
5138,0.35898002796369133
8707,0.552957365079674
12329,0.2834585260166996
6228,0.2583947815055205
18513,0.28166031696240174
15650,0.2979235118620413
2158,0.2935700051746543
10908,0.30655114147565476
8105,0.2915931097394449
7007,0.31341773554701247
4494,0.31341773554701247
15389,0.3467208672489503
5092,0.21701489202730206
19741,0.21701489202730206
11037,0.3219718980656527
2349,0.2798470981001809
11815,0.5659464640632903
2102,0.20333171896128815
17846,0.20333171896128815
17638,0.3152119053376407
2925,0.3406669916227439
10657,0.3406669916227439
10903,0.36153672781216034
20088,0.36153672781216034
12582,0.20422993067301123
13964,0.3094637990465462
14722,0.5041197200294827
7420,0.3072305833594263
11919,0.3072305833594263
4249,0.3072305833594263
4100,0.22575408199572478
19417,0.23681418995280382
15322,0.40200304440626994
11423,0.30589606980983697
18194,0.2460882802595103
18424,0.2460882802595103
605,0.29714894252903545
15680,0.21955764933271565
11507,0.23497099640656982
16268,0.3490133715433741
12000,0.3490133715433741
210,0.3228241159342732
19987,0.24647617658898402
19253,0.35446839531449825
1050,0.35446839531449825
8324,0.34857097071642207
16970,0.14339188778576573
2179,0.45821812177574867
6768,0.3184974339432797
18971,0.23888888874516626
6914,0.2630452729897861
11124,0.2884299517535066
9441,0.29306697396004194
19176,0.28190181636568845
17805,0.09335484919691732
1309,0.5939399278772974
790,0.17439870122280335
14106,0.24854907101358456
19994,0.2997941792665414
123,0.3049049398185099
15274,0.23541918037004672
591,0.374221164201445
4796,0.374221164201445
13852,0.4629679766277811
1510,0.4629679766277811
8415,0.3171648990886836
8619,0.21455853039220593
4055,0.21455853039220593
15639,0.3376096515219346
13934,0.3376096515219346
6731,0.6031856227217428
10070,0.5359365591138183
14380,0.5359365591138183
18410,0.5359365591138183
17088,0.3377628975965222
14233,0.26161042704286325
17683,0.25687601625424983
7445,0.2959101965509836
18041,0.5936843125296932
11166,0.34366080950366273
176,0.22575577269721625
8539,0.22575577269721625
5158,0.335448948769717
4110,0.335448948769717
10232,0.2620383271257972
778,0.23601014737988246
11754,0.27255877969866216
16805,0.29138064693930327
14096,0.2717391195842682
7641,0.2036647939788411
11561,0.20270792621381156
133,0.3910926024397183
10931,0.260866276133172
12266,0.3221613715761517
9340,0.21789437090287897
3144,0.26667944578353964
10756,0.25000474059643224
14539,0.27486410416312174
5317,0.6078075706546008
14733,0.4730016938534851
1445,0.24224156633703192
17092,0.33886543528724045
1963,0.33886543528724045
8574,0.18769640715821864
17854,0.18769640715821864
10495,0.18769640715821864
3048,0.2769401284079682
3039,0.2769401284079682
3001,0.28146474090978113
8065,0.2219836856991721
19097,0.2970750664752967
553,0.2970750664752967
15352,0.3633040254856942
1590,0.3500639757468755
1891,0.2300658015073508
1934,0.2956721347145536
12012,0.29009070075577353
10472,0.29009070075577353
6892,0.35158939436993963
3567,0.23404053095636224
142,0.23404053095636224
16137,0.22048405505100901
13608,0.23569775900322604
13570,0.3521805433780909
4368,0.3521805433780909
2901,0.4319186391018059
8673,0.2867075963284588
17168,0.3178465095937705
18909,0.3178465095937705
6606,0.20693765559270907
7644,0.27028066146033103
9864,0.2481477159599647
5239,0.2786275136768462
9535,0.26438833826268004
13588,0.23399256791524117
9816,0.2803629084057999
8851,0.2803629084057999
12818,0.2406911422290831
2826,0.2265209242815279
14257,0.27322714737198817
4572,0.2519023966665347
7987,0.22326265893634037
19826,0.3127957039491295
17399,0.22219857663235565
13742,0.3053539997445849
14199,0.3053539997445849
16628,0.3053539997445849
5187,0.293111447320817
18067,0.2987484288218216
14551,0.24216119893934102
16134,0.2591278322259092
12641,0.18087757836255522
14487,0.44306771001816353
11586,0.41771881316828524
7401,0.23076031715674208
12047,0.416149071833162
5637,0.3351277061118604
17971,0.23939423039899715
9398,0.23939423039899715
716,0.26592860573556665
10120,0.27505057787172454
2946,0.23945675650786039
14930,0.3571090134499092
14588,0.2271516561736332
1945,0.24485051822101878
8412,0.2980332990597701
5708,0.2325013142687299
12136,0.2325013142687299
15920,0.2548403990109486
17521,0.4204114124964503
9556,0.36122229884366025
9031,0.3530388725282371
3369,0.1832304496332406
6400,0.38395970663000095
10174,0.3207041512007183
12921,0.27446063491288286
6095,0.22269274805460815
11355,0.2949590531729535
19175,0.5333846372594939
10809,0.2465980027592971
8082,0.2597280169330222
5673,0.27381370607799965
1997,0.2625791102495611
18931,0.1730923148027435
3220,0.3871552117033375
174,0.3446628652872163
19748,0.28004278338103256
9373,0.25195531156209966
6981,0.21699227368452362
6546,0.3891075809715578
13727,0.370177991620802
423,0.20207520628072967
9208,0.3557884187151467
1708,0.3557884187151467
7862,0.3365289077427658
10403,0.3436884188985618
11726,0.22734412216179856
5758,0.1847281959312749
11121,0.32209776373843585
11139,0.33755616306861935
7282,0.35784351134279047
14894,0.36759277508273297
7905,0.19871761176926778
2063,0.3068005940821748
14107,0.2760712909300344
11982,0.2316946831138703
66,0.21589315342681287
20175,0.2836550808888165
10280,0.2836550808888165
7970,0.2836550808888165
2111,0.39817534652612896
15155,0.33666277745862205
8862,0.42241772073310285
3958,0.304182520277264
6830,0.2745989023206652
8336,0.3052849538549599
6841,0.23407602775121356
19695,0.18985283215509993
14170,0.2746335862049979
14299,0.36366555347864266
8320,0.3534102916741193
12675,0.19937573702696515
4392,0.4081520718444864
15888,0.2207136911552236
1737,0.18533096771509636
8776,0.18533096771509636
8171,0.3790766050320509
2241,0.375570404134066
1412,0.3446628652872163
4846,0.2878213730808339
18703,0.3440956236718067
10890,0.3440956236718067
15249,0.33040802949043957
11538,0.24956679431158577
16351,0.3550600172773727
13680,0.3661577475683298
17194,0.34325595463084635
19610,0.3516684681862892
313,0.27732839550072264
5412,0.2714318023840142
1052,0.35983632557793366
11483,0.23434373751629917
9915,0.3238621155380733
17707,0.1292132931839074
17634,0.2470261893032431
6974,0.2616675399751991
4797,0.3485659542831795
9620,0.2469466613741173
3557,0.2469466613741173
17916,0.23235259524669125
7303,0.24633832463524447
20167,0.25874099568673237
8478,0.2626715650266353
5200,0.21812709746350037
11694,0.24695264733710812
16019,0.2118721379462451
878,0.24448606449436458
6980,0.2593096125064814
12795,0.4981375481611356
5650,0.277719496271451
98,0.23946763909365817
5126,0.4236655297481145
5897,0.27082863191283346
12628,0.45789155497255474
1862,0.45789155497255474
19090,0.2903380100385229
3648,0.3412686203660556
9358,0.35024768414667923
2651,0.3461136734561884
13915,0.3196112559550557
16344,0.2740405826357877
14658,0.2740405826357877
11164,0.3478495889908618
8578,0.40366614093607167
5911,0.267342104615084
19229,0.30430412293649944
6644,0.256512914413504
4954,0.2988181658555111
13640,0.23839021343078276
5900,0.22036375326360097
524,0.28675066218280726
6418,0.3619569516828792
19727,0.28537805998614435
13276,0.3160787667080322
19106,0.256512914413504
17157,0.3295278267771004
13320,0.5205520159057668
16613,0.5205520159057668
15130,0.5205520159057668
937,0.2642954307280303
12475,0.26579692495215956
6708,0.3158174005754969
14024,0.3158174005754969
19916,0.3408576069350539
15791,0.3326949701085766
2196,0.32975577276277934
19472,0.22776797173006388
9688,0.22776797173006388
2919,0.2822838794517749
7148,0.271198713133291
17304,0.21711364454034926
9609,0.21711364454034926
12154,0.33627035685817425
20201,0.27036726683939455
8031,0.32344275828885893
19178,0.23417769474965988
7877,0.5752732760889202
14709,0.19977538985922644
10909,0.34791918433485647
11767,0.3539414922831668
1065,0.2513831816191252
1626,0.30168962781768055
962,0.3149788175073364
6763,0.6379627635352375
1109,0.32719952945692
4481,0.27829998990468163
19961,0.3018173531666698
660,0.3018173531666698
12370,0.34377824677383184
19958,0.21492248184484586
6867,0.3510931597003216
17028,0.3510931597003216
15368,0.36676294286231015
4927,0.30631982243883804
5449,0.31756451682964115
13721,0.31816781235354746
3947,0.32199055661396303
17347,0.29725549744590746
5682,0.33820892082893134
6216,0.26128244425082414
2342,0.26128244425082414
2035,0.28294639307851205
19538,0.3442210350302089
11981,0.3442210350302089
19581,0.20244802997564032
10208,0.26943207555140114
18697,0.2511857148033193
18316,0.2727135152412882
19545,0.31142399070972066
18089,0.28395512040875626
10258,0.31258087613338625
14966,0.31848095360656525
5927,0.2890195650381323
8104,0.2890195650381323
15060,0.30435739391683136
7624,0.5895026651301417
5025,0.21698482426146826
7510,0.2147568193990079
12916,0.21698482426146826
19896,0.16895110416717712
18262,0.3105058309040986
5530,0.32822638140258426
2390,0.32822638140258426
9974,0.25361782580886444
14311,0.25361782580886444
10384,0.25361782580886444
13092,0.25361782580886444
19556,0.2867515226485843
11424,0.23819423074442156
4311,0.23819423074442156
4438,0.31269211605499664
9037,0.23012055326848102
19691,0.247837719109146
12081,0.247837719109146
19415,0.30898498364520577
1849,0.31492514371175484
11789,0.3730369083799716
15013,0.328834019563875
8938,0.27209662985088284
3818,0.21171425750070968
8467,0.22543990701455227
8397,0.22543990701455227
4641,0.25383754679291004
2079,0.28834138686875466
3859,0.28834138686875466
10569,0.21534430836670562
12677,0.309625994990895
18024,0.3901017947516606
10987,0.3628601792368385
8812,0.29809746629925526
18148,0.33430926620678325
13821,0.33430926620678325
6456,0.24853221866536968
15449,0.3001240020357747
13219,0.33945254828406163
18451,0.2661043551707113
9916,0.27453724059972645
5844,0.2702977818243919
14003,0.21693568252569587
10881,0.31272918881165146
695,0.31360156010862844
2655,0.29746589424692627
19926,0.3276140403768036
18474,0.21434444895658944
14398,0.21434444895658944
600,0.2128653466274066
19561,0.2128653466274066
14470,0.322013825219247
13652,0.2962431995587341
14794,0.2926314160745131
1568,0.32421705284891106
11189,0.24680346094093053
19066,0.2562187167671083
10166,0.21008403066528183
18408,0.2683636166727087
1777,0.31281864035607615
16692,0.35784351134279047
15164,0.3980540464655167
18889,0.3728382818596133
11184,0.34737963436070896
19389,0.2696114744411892
16311,0.18984738107843463
14345,0.19608588103163138
4229,0.18984738107843463
7899,0.29096596025248755
1659,0.5883724277965123
15228,0.5883724277965123
19285,0.18945035257145054
6310,0.39854663490508924
2766,0.35504216958830315
7756,0.3023580481601096
17869,0.19571707648955483
4412,0.3110647216235068
12403,0.210999115421793
3229,0.5689516090880749
17658,0.23648912154776297
14370,0.33862844934297043
14995,0.32242048333951245
8740,0.32242048333951245
1491,0.26991595039101657
11169,0.22403764762836248
12083,0.3579361679379168
942,0.3579361679379168
12150,0.27866727904273925
8064,0.32136438633676645
8323,0.2616350089252979
9184,0.6072172844665377
17,0.300605865479074
12025,0.300605865479074
19791,0.22442470457128258
4377,0.18746669684296255
4160,0.3567587513994516
44,0.17924004393983634
17653,0.24785245758864077
19402,0.30015902066005795
190,0.20102095551433188
15513,0.34696703563276277
3157,0.34696703563276277
8711,0.2798123216517604
11862,0.2798123216517604
1247,0.2567726742402944
7405,0.3482577377058975
19263,0.2924223228041265
8185,0.28844517471396053
8944,0.28965503865903625
16638,0.33934475672675823
13069,0.21048729819198417
14013,0.319790826357362
1808,0.2786891837596988
12359,0.2786891837596988
554,0.29462721079506893
15248,0.2786891837596988
16918,0.28520845228150715
6687,0.36915877684729476
9768,0.16736678976224909
14161,0.17867370991422132
19151,0.2670902008227876
14305,0.3400295326755496
10887,0.257418405847114
2322,0.4043080410068365
3162,0.376560917443961
10143,0.2240040133897744
16353,0.29095906709258545
4186,0.25202227159482177
1122,0.3577310427179734
4707,0.19892289760842755
18508,0.19892289760842755
1037,0.32731096013234734
2797,0.2994719865635893
2642,0.4326563614202316
3003,0.4326563614202316
13128,0.1949461293035409
4968,0.19674153125315477
4291,0.3323579570946558
3523,0.2535590540148287
18472,0.2535590540148287
7848,0.3214171779924053
12856,0.3079636045371577
12994,0.578405279365811
16830,0.578405279365811
13629,0.578405279365811
8677,0.3192187743064513
15343,0.17877262966215052
2229,0.17877262966215052
17862,0.17877262966215052
10141,0.33966653600729835
2562,0.1853036469734469
11074,0.28307612462299253
13618,0.33777838001795096
20035,0.33777838001795096
2367,0.2547511472243789
16475,0.22744900372230553
16014,0.2685050895317375
12812,0.3540561007958487
19851,0.3675696492251662
18597,0.3675696492251662
8917,0.3413450353549386
3209,0.3413450353549386
16165,0.270349902592234
2570,0.2327485547435036
16874,0.24626556391362459
1093,0.3321749556890641
2536,0.3636112954187168
18428,0.35857356574547794
11170,0.3636112954187168
910,0.3168869125805596
4130,0.2630499539435643
2628,0.27703542523482616
4128,0.2160382857776666
2271,0.2160382857776666
9607,0.31489099566928613
8953,0.2966731428361272
537,0.2841242018764704
14419,0.3692871556431848
978,0.23441732023220194
17283,0.23441732023220194
340,0.22939646721664733
10395,0.2694895154679224
8441,0.28750022535274694
10118,0.29396877949707323
2644,0.29396877949707323
892,0.32112600467599783
5904,0.31973209787509227
3208,0.34978556522448306
18798,0.2543396110303804
7990,0.29674487620271794
6344,0.29674487620271794
7044,0.3382659536671865
19165,0.2380211630006089
9462,0.26675451918602083
1210,0.3108488194432201
18450,0.2721572450580283
10578,0.3604699016373269
11221,0.33379455356799903
17342,0.3451240207490608
15316,0.3938014762392048
1832,0.3938014762392048
3602,0.2832295967511649
5967,0.23450465738186657
3581,0.24144795848496295
632,0.34661867535641866
13156,0.21979638568548354
11331,0.22011544613806744
13650,0.2927720387427221
5998,0.3314541662603576
18392,0.31226796556522823
18290,0.31226796556522823
15745,0.42643578663389775
425,0.2762030015998408
9255,0.2762030015998408
1158,0.3026816842427005
11875,0.32562942866271083
7963,0.4090165115660387
16729,0.3558744686002292
5623,0.2296677733322634
2868,0.25380899785796057
19342,0.36094472674413375
19344,0.3204650239573262
16813,0.2661668827493454
6532,0.33611682949194055
12802,0.27710984231727953
1743,0.3319032526143243
2259,0.3319032526143243
20210,0.25528136587439637
1458,0.3923247457755238
18471,0.30916005269983055
5963,0.272994687767579
15501,0.3654171292080372
16577,0.23850759595814605
11118,0.35979919807316074
18411,0.21178636311211896
14706,0.3235404685039476
7989,0.3235404685039476
6235,0.36141160426989116
18848,0.3148718514774209
9919,0.24145101121976278
17587,0.24145101121976278
8998,0.24527143010191887
2344,0.36417089931417873
19390,0.34837998818286703
8749,0.3291173195840462
15198,0.2533960352868348
718,0.19195921588762588
7361,0.2777569275217453
19292,0.32105105130600764
8746,0.41245235012711334
12676,0.3125728061344991
9102,0.22184040697437574
18308,0.33672378618781
6698,0.24477114165809072
8965,0.262609370591862
18300,0.22146761533139295
8515,0.2838119302286657
13542,0.16903438131045698
19968,0.2733977508316011
15942,0.321497847588892
18604,0.2801193535076489
3342,0.220132254100449
6033,0.3315747094803096
5734,0.3315747094803096
5237,0.24312431126955222
8330,0.18478001547404044
9769,0.23646434343827483
4874,0.41586513884283777
549,0.28116639398836996
18179,0.28116639398836996
498,0.3510993485852022
10864,0.2149251785961073
4912,0.2674889022889055
19218,0.3465474874917274
3216,0.27404458134553056
3852,0.2951621378983771
6,0.23494875968245782
15974,0.318702918737796
11280,0.2364971646305417
10500,0.35992006698783097
10942,0.3143723750759757
12522,0.21456009163020362
7281,0.2680959829709217
6293,0.20894740669855194
9195,0.32801258159910485
10962,0.3205542436095623
10275,0.33045003011156293
12591,0.32527733581302865
7611,0.32527733581302865
5502,0.3202833148244568
8670,0.3202833148244568
7512,0.15547783794944475
12480,0.25953014919726153
4167,0.19886468058843546
10295,0.4349461278043014
12521,0.5680945760731271
18120,0.3247904574286123
12505,0.3298415031654733
17462,0.42506081824718
16972,0.28516671964294144
17566,0.3081170458458374
17599,0.23489118934302133
14909,0.24920777600400887
6745,0.25025815635931326
8509,0.3324258572500338
1217,0.3324258572500338
3783,0.3295689400096477
2418,0.3820073313943356
16549,0.1875941007160909
20079,0.22841787584107331
2173,0.3513434637911089
18374,0.3702363284889032
4159,0.3745167775421393
11205,0.2793683582201515
18277,0.2862797064438847
6542,0.2862797064438847
8937,0.309992860538418
18032,0.33309615424567285
4254,0.08514022366828493
3660,0.08514022366828493
8758,0.25904062900428493
6498,0.24599478021957866
18305,0.2709030837098084
6357,0.30131904067681603
14022,0.3244555915208022
18248,0.3773935513148373
1750,0.259372182176723
3769,0.27613007700870934
5102,0.2598425319373663
17407,0.26143056117435143
11495,0.25202227159482177
4345,0.2407403652960033
10102,0.31241741237052595
12639,0.3449734484055162
4911,0.19379480959522064
7854,0.21024916808060054
6715,0.2572770348598575
6158,0.30537701408432105
19665,0.3114928105954983
12576,0.26063456804420465
7652,0.3151017868401685
18910,0.30488180591062236
15959,0.39312700407596457
1977,0.30833063735883187
7399,0.3192084503973239
7916,0.33934475672675823
4164,0.21048729819198417
7460,0.2778980568595408
6454,0.3050840791259287
19052,0.33942355078106834
6056,0.34640429303449305
15824,0.3713029273761728
1392,0.2735227855120801
19506,0.29014090557783456
18246,0.3170515850180685
11943,0.3170515850180685
8353,0.3170515850180685
20005,0.3170515850180685
9783,0.1975728970040148
2544,0.39480831235359415
7735,0.30781420636272294
3594,0.2837890681348882
665,0.29021797107065467
15017,0.2960397858398536
775,0.3210332124794591
17536,0.3839776393689017
16415,0.2926160602993124
6639,0.2926160602993124
4903,0.3005940090586668
19680,0.3720390298258713
15896,0.27248295682012474
5728,0.27248295682012474
277,0.29572478525203993
11081,0.3030458022548224
5680,0.3065517685814968
11512,0.37100327382479004
9994,0.31295975779848606
3522,0.48808400942990265
2866,0.34103542977843315
11954,0.34103542977843315
4201,0.35193585745949496
10450,0.2729817198221818
15643,0.2729817198221818
19123,0.3189247096928589
6749,0.3557884187151467
70,0.3159804096161757
2423,0.25901202841051524
10685,0.48385869246703966
8952,0.3315927849113956
13079,0.24422005987505985
6964,0.24422005987505985
13843,0.31906500036570595
11926,0.3522388048747197
13789,0.29436284729102014
10024,0.31041335068698706
18171,0.25751256895003855
514,0.24164032231726681
17431,0.24164032231726681
16798,0.2987039950370834
9236,0.2995853013735952
16042,0.27395313367282553
7607,0.19608686051314406
6347,0.19608686051314406
15895,0.29285428087166343
16966,0.29285428087166343
1501,0.3418827677061883
2429,0.27424748645217534
6626,0.35754527040967743
9164,0.3612745229365464
11102,0.35754527040967743
11608,0.47113517148661554
999,0.3677056644567024
1229,0.30720029955691863
18922,0.30720029955691863
16355,0.30720029955691863
6302,0.2957773372185967
5867,0.151729130338756
2708,0.2173994214173541
4170,0.5344711332691268
6517,0.36625869799261124
19901,0.2405612136164496
8237,0.265823962020822
5247,0.3019032116430231
1947,0.33504234499944
11395,0.33504234499944
9060,0.3102625287377433
10428,0.3102625287377433
317,0.2771781071093745
13293,0.3161604441887286
4214,0.3161604441887286
4933,0.3435392487001737
11252,0.5240386540626415
11521,0.2952827160460386
5453,0.3088608068946081
744,0.36456979059971534
19589,0.30080547525412393
18215,0.3640757250638308
5483,0.2859888692334663
13860,0.2859888692334663
2101,0.23545472661202482
4290,0.32012568516925477
19878,0.3237940234819243
17130,0.31244933131190594
11380,0.28454016407323085
4165,0.3067259345239658
4266,0.36423458325694735
15630,0.34669260759780324
18972,0.25630517593564284
16607,0.26379330492053554
7367,0.30050315763513114
437,0.32685110810693574
7928,0.3222508715584021
11130,0.20493647738290183
10845,0.20493647738290183
20122,0.45707628095388475
15276,0.30326413708865974
2482,0.4674721692297641
9181,0.19822667962519663
10847,0.3494403323761644
18812,0.5059709051705344
17348,0.34198997931606695
12704,0.2780241939672279
16896,0.2780241939672279
14340,0.23738929440397893
16095,0.2987039950370834
1421,0.27761581391526247
14142,0.27761581391526247
517,0.3014639502819352
5032,0.33205225964904983
15700,0.199286191404594
15820,0.24788158083223283
5105,0.4065620401499153
5664,0.4065620401499153
14105,0.44039039517779033
3322,0.2148839073039083
11303,0.23977561289346888
4651,0.371540415871291
14932,0.371540415871291
8289,0.3314314105058552
14245,0.4241959423720948
20198,0.2797956247241979
10117,0.2812123939642348
10282,0.2812123939642348
11731,0.28068805768564586
15744,0.323834699289306
16975,0.28381653402201285
16682,0.2969494605496238
12043,0.23789409486031282
16222,0.23789409486031282
7164,0.24929110730997076
17996,0.232742326176183
4443,0.248603463331776
3344,0.2788740839476042
3634,0.29933523614053226
8620,0.29933523614053226
15059,0.5359365591138183
14054,0.6138138514598307
17874,0.6138138514598307
18486,0.30349013462196417
11165,0.28521755630755513
5296,0.3054393434155011
12267,0.23528704161517006
20019,0.3606024103141702
4716,0.20783160893638059
13641,0.20783160893638059
4484,0.2943555422795045
2600,0.2043850428974257
6997,0.243831029068176
15624,0.3423742522474893
15776,0.28190181636568845
9906,0.5334669818535703
17839,0.09335484919691732
711,0.2594217409795345
5363,0.24857071983896137
9497,0.27522583089707486
13177,0.3827358801038139
7901,0.2647158129603585
13081,0.29873854809382405
11474,0.28901338045638114
5828,0.3243243241313331
1516,0.33974219634279335
9370,0.26798769118806987
5659,0.5592186999574048
16076,0.2869503115246756
12292,0.10490570698901375
19681,0.10490570698901375
4769,0.24823414547278086
14823,0.3122591416027668
8250,0.3196658963976165
17717,0.5089787722141543
17393,0.5089787722141543
19608,0.29921901745468515
2004,0.3283536824648722
17823,0.21166493191885732
7700,0.21166493191885732
6552,0.2457164337549581
5223,0.2457164337549581
13010,0.28916142612900975
15718,0.25701775288626705
12416,0.3490185098917139
13820,0.3490185098917139
9149,0.3311965596066404
19742,0.2616874810918447
7767,0.2616874810918447
8399,0.35967920892622124
4318,0.336336675979914
17068,0.3455225745449634
6866,0.3455225745449634
9020,0.31746033482936686
16907,0.2879561180037977
4865,0.46668552354234594
3813,0.26298050774143245
5983,0.35892380438749383
3982,0.35892380438749383
12119,0.35892380438749383
3002,0.19266883651751163
1670,0.3327709006465014
16611,0.33241978651678605
19482,0.3281680877623664
16295,0.28400613585001405
12711,0.2910468963033531
19473,0.3338711975219108
9645,0.3338711975219108
13987,0.22060227318089545
10848,0.4670344658857545
8790,0.4670344658857545
9131,0.25263425926639427
12644,0.2616874810918447
16445,0.22650470175394358
9424,0.336336675979914
4744,0.336336675979914
6545,0.2855657361970645
7857,0.24852223181336244
16547,0.35898002796369133
6720,0.2979235118620413
7614,0.26692270471816504
19381,0.2920184888828108
6541,0.25896792363957816
13907,0.24770315904562723
18691,0.3548232816317479
18250,0.3884188406903113
19868,0.20127947515054523
1462,0.20127947515054523
19321,0.280095243391772
12023,0.2784785775508178
231,0.1983161260882103
2133,0.2984773090781041
451,0.24456218908105107
17879,0.2941229488135905
2288,0.38576657461552466
13248,0.28403837541041543
20014,0.28403837541041543
5039,0.28605368702520545
13387,0.2749985927168257
4921,0.30088105886944155
19312,0.3399314893735464
14651,0.3399314893735464
18684,0.3357838299553698
3391,0.34265493487184095
2856,0.23949365537077077
8690,0.5722859083862107
3000,0.5722859083862107
17784,0.3953944381569111
6340,0.3841806839322858
10073,0.18792313400451727
17293,0.18792313400451727
5282,0.2201614510226868
19046,0.22806177477402462
9486,0.32566255520066567
18715,0.2716779426991279
7810,0.23620614228425735
11543,0.3362627431503618
4582,0.2532333775062933
18781,0.30575572117516425
10725,0.30575572117516425
14571,0.18160109600126428
4455,0.21724163745518735
5984,0.24356899781932084
15988,0.36546554166862555
19095,0.3446070269909405
14910,0.3446070269909405
16071,0.2731119230973891
18268,0.3350473408627252
16490,0.23440384824553367
13734,0.3320779174648428
17436,0.3320779174648428
5792,0.2985489322607001
8107,0.29342880614789785
2531,0.2903686784697799
17032,0.29064396746842297
17914,0.23892055687980618
1620,0.2175610867336351
5208,0.5994251081578079
10061,0.5994251081578079
7389,0.4416680028158499
3129,0.20266370096778033
1274,0.3168504985716537
10287,0.3398523291366026
17533,0.3398523291366026
20053,0.36045146419976554
7790,0.36045146419976554
3050,0.36045146419976554
19796,0.2127948542004054
17136,0.2127948542004054
7680,0.2127948542004054
12182,0.2586013462106745
412,0.1766544656897146
2707,0.1766544656897146
13873,0.21975206335532893
10765,0.25215301485229447
12303,0.3471218896812769
2837,0.20529947893698774
9275,0.259396507579291
15937,0.259396507579291
19040,0.3449687473898395
7733,0.36076975131239364
15482,0.3430499111925447
20255,0.3430499111925447
8645,0.2275231952230211
12038,0.2697474377417239
1695,0.2697474377417239
2619,0.29280990919708016
16265,0.28936031551886077
20031,0.3092345096441754
6833,0.34158361287265177
10429,0.32013741774698967
11332,0.31349805365204053
14375,0.28747760576174125
3885,0.3705923698857916
3267,0.3705923698857916
19678,0.29771457061248674
12761,0.3193476948675536
3440,0.2670193055861861
10721,0.3390967560557224
12880,0.32527654457504246
17961,0.3246160539410685
4998,0.3246160539410685
2714,0.3246160539410685
1404,0.3451356885725066
7750,0.139932714339989
8239,0.24751162682731406
16291,0.5661807911402387
19291,0.3473775319981076
8777,0.2329535817622872
16020,0.22517066800636618
9523,0.32542937241773995
1913,0.22567394579152053
19704,0.22081678945785252
16210,0.24555487369425064
6930,0.33150075529289735
12678,0.14261019066663494
9983,0.3272172932416265
19504,0.4406387583913357
12779,0.4406387583913357
12207,0.2434061880833973
3072,0.2434061880833973
11637,0.2434061880833973
19764,0.2434061880833973
1485,0.19907770345564918
1275,0.19907770345564918
2298,0.29891038433778516
6617,0.29665887225234233
18672,0.3783085076150007
4003,0.21504671668559835
15370,0.3102625287377433
3378,0.30424776633095
17999,0.3455345336457289
15930,0.34234101822291596
7809,0.2619116125981087
10770,0.6263646695276095
16257,0.12969241290482186
6172,0.12969241290482186
15742,0.32091908740966574
19476,0.3447210823628155
217,0.33267444846958477
11828,0.2363955633146493
10531,0.2363955633146493
6449,0.3112189560267582
17605,0.3144683569056761
5472,0.2530754350589189
16049,0.1984310785195339
16581,0.1984310785195339
11683,0.27931234187880166
15730,0.27931234187880166
5332,0.24725222309361347
4891,0.34604210417970066
7253,0.3521861259862247
17716,0.34604210417970066
4845,0.3473151196561741
6243,0.3473151196561741
19067,0.3473151196561741
12885,0.3349229010845845
17654,0.24527086225400235
13991,0.2425003856756094
18464,0.6568969639087148
4535,0.2071952595445425
19815,0.22717367263842236
17142,0.2608567393980711
2524,0.48818612051686866
936,0.30510680970062515
13666,0.3294768746824336
16127,0.18855891824665832
13392,0.2457715090715436
17642,0.25366537395316446
15836,0.3052353750434873
15748,0.33640796896579833
15839,0.30944866734292636
685,0.30944866734292636
16401,0.3821412153819204
1900,0.20179033065775043
2510,0.19667269023700432
8297,0.370872551162145
18817,0.21398961204518577
11232,0.21398961204518577
7865,0.5539408449987161
12731,0.5539408449987161
14615,0.3743635180417359
2845,0.28869990134096785
16497,0.2428533853810637
2479,0.297330788379783
17294,0.2778454161758118
8854,0.29105523571045805
129,0.29105523571045805
4587,0.2890602700419304
17941,0.3111453998149053
13359,0.2848371967728685
3989,0.4680502251163384
11934,0.22238882098312765
14134,0.21528679841669615
11718,0.34071487164894165
11540,0.3618068381578191
14606,0.3618068381578191
9957,0.2570807035073519
8218,0.26719900197756163
2321,0.289662155142083
5441,0.3308394738729693
13135,0.3308394738729693
4056,0.2617164923342184
7660,0.41532530798354256
16040,0.41532530798354256
7591,0.5393237417872756
3881,0.5393237417872756
20132,0.22827284806848144
8530,0.3496936782146304
14811,0.3687675593714909
13837,0.22363888126396914
10036,0.17971899314820625
14211,0.2544759065841018
8203,0.30753479412392093
19360,0.19722201297462183
5325,0.3349542363953179
16326,0.2106541938468955
6014,0.23175103589195692
4999,0.29326771616430336
10828,0.29326771616430336
1427,0.3284699295442061
15192,0.31823387621923593
12599,0.31823387621923593
9137,0.2558659821615923
7280,0.24881651699680093
7415,0.24409812946206405
16322,0.21628496854898152
18201,0.3219101781983749
18548,0.14546761105850953
18780,0.31181848909985843
1778,0.24692758631400583
12271,0.23515416894723434
2867,0.19550626509682842
18785,0.27145900769045284
14097,0.3175997120275497
5374,0.35552734453602974
11274,0.35552734453602974
13053,0.35552734453602974
782,0.22872949133236264
7590,0.3197588595981744
8161,0.5983477997405314
18591,0.2621272193510537
10236,0.22178013877271527
10911,0.22178013877271527
1756,0.29748369645880485
3079,0.2901573823011501
4853,0.23339727048377495
14157,0.27858011889968026
8989,0.3310183007388917
1773,0.22798728338174207
7217,0.19594704181528766
6180,0.19594704181528766
15898,0.34433486812447783
14430,0.3556496779884293
14304,0.29253708062428335
5961,0.2449913417023334
12176,0.2449913417023334
2829,0.20681802695553386
9109,0.2880783528588792
3520,0.21451806827911948
12108,0.19586419063325522
1621,0.2605831552337742
82,0.3202166596114072
3882,0.29212564051058093
7517,0.30698604214051406
12451,0.31016062893195917
12836,0.3384210780147873
6443,0.2350734127096047
4207,0.32357863936928805
13239,0.33145276180236277
4430,0.3582395089327664
19600,0.2731119230973891
15886,0.2731119230973891
2942,0.3200353981964916
9968,0.27340766996324933
3993,0.3196863869593431
19682,0.5285727820619737
12982,0.5285727820619737
2221,0.23314689642195913
6563,0.35320418237705276
9352,0.35320418237705276
19624,0.35320418237705276
12666,0.2008891639013814
15766,0.17603810350400487
7567,0.3111485749081047
4588,0.19761499158782442
15397,0.32531881932478496
9111,0.31873792633303766
3664,0.31873792633303766
14832,0.5880969552144237
10771,0.3612521804325263
2356,0.3532716182504045
12179,0.3532716182504045
17670,0.32738913635151046
18197,0.27665432317747124
14870,0.2229329423582197
16085,0.2229329423582197
676,0.31918887512427774
8750,0.2860986123763471
10278,0.2805717153327699
16851,0.1532998166569694
14674,0.5549939375395669
19524,0.24094367723026083
12380,0.29710421123654707
759,0.2873430568803921
9034,0.2580246547169843
16878,0.32338034759727957
2151,0.3174795292836921
6956,0.22423346613091844
1795,0.14815097997607324
10833,0.14815097997607324
1265,0.3265747158008964
6338,0.2834481988162064
19426,0.3411941890291059
3796,0.3411941890291059
10173,0.2557737018386879
16243,0.1818112936443693
5456,0.3309905377989653
1153,0.21256932826043234
8902,0.21256932826043234
1339,0.5649673104654208
14634,0.24935388606750192
9411,0.3035302582829913
15131,0.32672629933469133
14541,0.24500593278294813
16023,0.24500593278294813
19272,0.2844067904661377
16477,0.3114165848288102
349,0.5152731956983403
2869,0.5950285762850974
1536,0.30785991541552465
18436,0.2257646092929288
3658,0.2257646092929288
16075,0.26158016052690714
18599,0.27606432399577946
19914,0.27606432399577946
18258,0.20144835418105897
17490,0.22313641007145138
17453,0.23757647458119263
11929,0.37304688742028697
13993,0.35073441907611147
6247,0.2526645519873519
11195,0.20812499181424887
12503,0.20812499181424887
7134,0.27584263487108784
14254,0.27584263487108784
877,0.20729478209769964
17392,0.20729478209769964
16325,0.20729478209769964
3382,0.2841757391541478
7001,0.307998777344432
14332,0.19126861081312624
5799,0.19126861081312624
12541,0.305593031719131
2052,0.20883353389267847
7005,0.3182818898280835
13609,0.37799023965564027
9240,0.2904866492354013
1656,0.22502956647715153
4463,0.22502956647715153
10892,0.2687646397908262
11007,0.2687646397908262
5621,0.2687646397908262
1871,0.23114494535468588
208,0.2429530193901625
4947,0.3516467204810613
12330,0.3681723765649585
6845,0.2565502203385479
1537,0.19667599619622664
2782,0.20097026611634472
5457,0.3470988302955397
457,0.5813309182220396
7322,0.5813309182220396
19372,0.27539219199562043
14121,0.27539219199562043
838,0.2698811083488224
19186,0.25668697433739607
19257,0.2878199728837162
15708,0.2878199728837162
371,0.2908661245314658
2449,0.6588492520614324
14947,0.20094071718597173
7707,0.20955789279086579
15950,0.3292388991139044
16704,0.3292388991139044
3668,0.3454764007248912
9095,0.2560168177910143
7938,0.21769446415121052
20109,0.2592337335703466
850,0.2704878086487474
7984,0.3092292149199986
2012,0.3092292149199986
9903,0.38085685604473346
6937,0.22823759997121995
7820,0.29453596811081456
14860,0.5846426794076989
9836,0.26051463623795407
19374,0.2719900961903479
3908,0.2719900961903479
6426,0.2719900961903479
1239,0.23491773120706966
1879,0.19618855527646895
640,0.19618855527646895
2436,0.3202621417329444
13706,0.3202621417329444
11277,0.18694089618155077
18849,0.18694089618155077
6206,0.6456485734781975
5632,0.63271167185586
3035,0.6456485734781975
11690,0.17094170682821486
16465,0.2770493596141955
13110,0.2770493596141955
17476,0.30032045755459447
17666,0.2756181066813908
10110,0.3013880105087813
9018,0.23626167011069404
5454,0.26734515870896947
80,0.21893825479486376
4557,0.23922904216368746
15027,0.28768765640130334
7538,0.2958856087510809
10234,0.2958856087510809
1228,0.2958856087510809
6271,0.1902183733939591
18524,0.2799576026273904
3366,0.3400089697595402
14329,0.24561131517426835
188,0.2610700787982239
8667,0.6084890691234593
13918,0.28170605510381275
13204,0.29005861042644365
15427,0.23700029003309792
14147,0.23700029003309792
5052,0.2948619211341861
15669,0.2548047830900955
13536,0.2302332646476592
1548,0.20751209402196044
13389,0.35773427577729655
13255,0.35773427577729655
13446,0.3458819898956286
16552,0.23964101468179994
14136,0.27251586032179426
9593,0.22935935900521204
16643,0.22935935900521204
18333,0.27251586032179426
13725,0.29347423028809017
8348,0.19281361103645103
16703,0.5272320842916807
10334,0.2564882155669379
18986,0.3212053449168292
9146,0.26898675809104167
19431,0.3367183667586009
8940,0.18597234773941979
3025,0.25552056582957755
19032,0.2500872567394703
18164,0.3109566153795533
9669,0.2827353342641182
17333,0.27432185475717286
1826,0.20889894030521505
11994,0.22772976149933272
18238,0.22772976149933272
4339,0.24523419318983633
6450,0.26456984124625427
17850,0.2896935887747695
2498,0.2717860163922111
1264,0.2717860163922111
15135,0.2782314736081306
12853,0.19982370115675271
16967,0.23515133050328635
10538,0.3320961738153122
6650,0.1853502816357936
5202,0.21528679841669615
7889,0.36034266168122364
5423,0.2478755863893771
9290,0.2079460782534759
6628,0.32567306075540264
4060,0.3268005066846969
1859,0.3268005066846969
1925,0.3139888090167358
4322,0.2030827647052996
16720,0.30185384974373947
9268,0.5798135453645402
6359,0.5491505384038102
14069,0.20472025357255474
15606,0.20472025357255474
11575,0.2378341568114295
9052,0.3319626316811614
19811,0.36104991335719977
7572,0.26110229446232835
18074,0.24591693365844114
7672,0.32567629898876566
13050,0.2988512050205473
14323,0.33383826068922373
4959,0.33383826068922373
16774,0.2463885744566263
10200,0.25671052165391
11646,0.25671052165391
10266,0.31472533070324726
5965,0.31818526264297897
14676,0.35907780938589906
7151,0.3047713026413296
3831,0.3229546418561094
5674,0.4112977363978553
314,0.3299512497679463
14531,0.3728826538577041
10176,0.3954616085173166
19434,0.31054760595430686
10631,0.31054760595430686
5130,0.33106796042483627
5852,0.20516985409462268
12446,0.20516985409462268
15463,0.2703419876372628
4061,0.2703419876372628
16742,0.2564102571237998
10132,0.3275092390736172
18220,0.37332829401443834
9689,0.37332829401443834
2247,0.49713744214604705
8686,0.356795442295893
17035,0.3066483103647315
14954,0.29905803285275095
15998,0.22587269777886096
7147,0.30249281413047346
14705,0.2809696759307113
16574,0.29804432082401144
12977,0.3563420338868323
4123,0.2547430363228609
18288,0.6216402511709929
19771,0.1976448017343593
7982,0.3675876065530732
11120,0.303958084560376
19675,0.26973420003940507
10156,0.20267209941162012
4004,0.2028209316928278
4148,0.23722627918340208
6025,0.32650663719872414
17144,0.25513307636710897
952,0.24622281417198594
5690,0.3212300788534902
2225,0.3184392236100404
8538,0.32897496310334146
8178,0.2593534047030789
12717,0.2937686691836783
1878,0.2937686691836783
18129,0.2875530184366161
11263,0.2875530184366161
5284,0.29290288624865135
19802,0.2683272511672845
11396,0.2386027753051953
212,0.32701810589031904
3746,0.3224439305565132
19644,0.243973432562135
5717,0.30721002535752434
20103,0.3486075762001305
17652,0.27270784331453585
5235,0.27270784331453585
13673,0.3234960040835271
13203,0.28853987698340283
19239,0.28853987698340283
20101,0.28853987698340283
2552,0.28853987698340283
13142,0.28853987698340283
17657,0.3114900589139763
17945,0.3552181199637771
13,0.3944670233222147
4089,0.356795442295893
9985,0.28094918054602175
8044,0.3066483103647315
4451,0.2963912547192688
11558,0.22587269777886096
15494,0.22587269777886096
7926,0.33655270142661453
13712,0.28988791218230897
10084,0.3129090025766357
17172,0.3017739351055349
1100,0.21101660099326047
18487,0.2980732804421867
6064,0.32779244765584364
16038,0.18321475417104344
11766,0.29120849297404333
11764,0.29120849297404333
4763,0.29120849297404333
15631,0.2820265956667034
7336,0.2781390501557412
6862,0.18890737909756533
3815,0.37842551827768806
3574,0.423427920523079
7540,0.3298813670460038
12383,0.33876699470863725
16857,0.33876699470863725
1956,0.3199843698203028
6735,0.3199843698203028
10324,0.3268633626209939
7474,0.17632903929491991
6287,0.20306997286110928
7999,0.18056517893513857
1825,0.18056517893513857
8731,0.18056517893513857
16001,0.20224385547365403
15354,0.3007113452304124
13287,0.18665700968366883
16244,0.37512647456888004
7188,0.3030731556172358
12884,0.2268171124903924
8887,0.3177415294066126
13478,0.27404458134553056
11342,0.3255320898514459
19194,0.21399013100098363
14788,0.2081990310758412
10167,0.24377258194242396
13016,0.3561094033841567
9733,0.3889614551017842
14621,0.3325588681117516
2492,0.21038571260527716
2180,0.33665552765921836
6601,0.3224001206351234
7661,0.3224001206351234
13209,0.3486472061265119
10548,0.213509096348147
10314,0.213509096348147
13505,0.20049622439297476
11986,0.3054386836668958
6928,0.2184697444078126
11733,0.35782844341043174
14391,0.16850995277062902
10128,0.24987549396674055
5030,0.2613240175415973
15024,0.27967623186956847
7313,0.28319828647018785
11502,0.29773035165197814
2500,0.2838119302286657
6321,0.2534746673651957
11942,0.16940520851515017
867,0.31962277829868935
13978,0.31962277829868935
4456,0.17690910537482357
3103,0.17690910537482357
14352,0.321497847588892
941,0.31929246322226545
18565,0.3027243249883714
13686,0.349989212385797
9967,0.2010181450450912
4808,0.23049127307996653
4152,0.22705630297455542
10644,0.2581183061214189
13593,0.2187071071686128
15479,0.45862220013913985
18063,0.27043697263480426
1296,0.3092563911386507
7124,0.3043418186868949
4513,0.23427492974862965
18452,0.23427492974862965
8061,0.25422606118130137
6330,0.24370300072762902
4650,0.4250361149853663
15945,0.3301371883880756
12963,0.3199843698203028
7657,0.23385397732850174
7690,0.3268633626209939
3569,0.2929277716081107
6134,0.2929277716081107
2255,0.2818131239675204
6610,0.2818131239675204
10209,0.3013038985517231
3812,0.2653092024045281
19235,0.2653092024045281
4002,0.2984077299319896
15962,0.2646562642830347
6437,0.3008975021015987
3971,0.22328363841463444
8179,0.334495888678203
18930,0.2223920494690321
880,0.3184762981866609
15185,0.3184762981866609
11996,0.2403592280518304
18298,0.2629965388826293
20138,0.2721484476349852
7965,0.2912369189189445
10135,0.18846417204860796
2685,0.3631279631089238
2022,0.3631279631089238
11681,0.19542036601502732
2131,0.3019045811286787
4677,0.3019045811286787
4981,0.3517073778959556
4147,0.28943245421262137
5001,0.4369362288947485
11564,0.41746678123386394
15799,0.41746678123386394
2713,0.26006710321898757
3584,0.1754081929283989
9565,0.40594726683030335
12719,0.40594726683030335
5217,0.2551379263810945
14927,0.47890224852056024
17024,0.24530363824721862
10053,0.21923571927514543
15599,0.2257185536099651
12750,0.3035554466740604
13724,0.31548864069943183
13848,0.20886889899151426
18325,0.19851822785948597
6051,0.27522390199672553
18881,0.44092432885216315
19469,0.24397284855484105
3957,0.26103147489407275
14637,0.2655401328039863
8598,0.27498272389104605
16760,0.27498272389104605
11357,0.2775571880943604
11289,0.22572354764830038
16909,0.22572354764830038
3497,0.22572354764830038
5701,0.2976913366923704
10438,0.29224093708101606
10371,0.3262861000942236
12896,0.3447785463348046
14609,0.3447785463348046
5110,0.2943230645989902
20063,0.2943230645989902
10464,0.3417686304693108
1071,0.31246476067244483
10301,0.24206827932707978
13409,0.269343499097225
8606,0.269343499097225
889,0.24265429118801393
516,0.3223572517018317
11790,0.3223572517018317
19585,0.40286506691849133
11262,0.3766072781127635
1369,0.3044461853292251
18362,0.29703354078678645
17934,0.44346738879452596
15026,0.35504526974518974
17896,0.2238324808294604
18412,0.3846153712331976
15676,0.31962064364877396
9439,0.29093655627478093
6967,0.23900900420661247
18037,0.25390409482626575
6860,0.2664816793482757
9531,0.27239640794005565
2487,0.3356444106447657
15417,0.3356444106447657
10960,0.30436200667187274
5104,0.243145626170918
10263,0.39203520375017775
2143,0.41569469734825937
3498,0.41569469734825937
22,0.3314760116411156
3324,0.3314760116411156
18766,0.21152546361402658
903,0.2209795114320222
7185,0.21152546361402658
2698,0.2626547390878858
18870,0.2626547390878858
1087,0.27676577658158874
7017,0.2731718644429618
13024,0.17579215000486095
2248,0.31823745141448634
6988,0.24255767856201008
2462,0.24012737623740513
16582,0.34259786057553926
12434,0.3582345681169191
4605,0.2726058423753918
1362,0.3402813387984785
20001,0.24765538417789681
17470,0.26351296866847496
4666,0.24474475287887823
19575,0.3496163842804708
19621,0.33113905535772614
13900,0.29321047969551217
16594,0.27437333166371347
5707,0.27762986756066227
1767,0.14197191868457862
9588,0.36379166529299617
10383,0.2797290258829259
20196,0.21303673568876014
8142,0.30202598652504875
19930,0.2637490324021847
6871,0.3089430869570909
8048,0.3089430869570909
11190,0.30518685546227003
8180,0.29285603170134294
6579,0.2442811645653353
8897,0.28146689565893546
12685,0.1794917414412598
7762,0.33953128433246793
5266,0.38155096966050517
2702,0.38155096966050517
14646,0.3064320495553128
6120,0.24181266904346177
1196,0.20618556567721702
16690,0.2756337562524094
8498,0.19299287879731192
6769,0.2670230663310353
9425,0.2670230663310353
17449,0.30613047221969786
17737,0.2670230663310353
11956,0.5166364860118798
8683,0.4069340802711303
1809,0.24655541176820336
14378,0.23944480423038786
16287,0.2567560035949897
18740,0.27259036550147736
4753,0.17579215000486095
3152,0.31573420612044867
17502,0.28599935722328507
1293,0.31684683539096864
7525,0.27502244341467375
15717,0.26355535942782465
17413,0.33879332000270745
7874,0.23591111797215028
7993,0.24281328104512248
6107,0.1964901835705724
2125,0.24358342299974417
8363,0.2665451485852543
18730,0.24358342299974417
5227,0.32940582725530787
3380,0.24294524359936404
15162,0.26010359830849766
10611,0.3093697150691136
11224,0.24358342299974417
14218,0.24286946503570278
14624,0.4722107719498009
17423,0.4722107719498009
9590,0.4722107719498009
9036,0.32375666482981535
15359,0.2154709786856337
12186,0.311875348763607
15297,0.282990823835615
15647,0.3059036636816457
15547,0.3059036636816457
4548,0.2995165439716378
19379,0.2426804707463584
3257,0.26398498263552483
13895,0.2519239087113536
19942,0.2269657227820665
12823,0.6421698415187231
16046,0.2883636862251494
8265,0.23362563668626382
7518,0.2736623687715933
837,0.29163846344028316
19107,0.35816563888333924
13017,0.2431045917561217
6176,0.30256501400195934
13693,0.31558608823249645
4171,0.2464617232166425
2430,0.3075469444145161
9866,0.4790107497435999
726,0.32710016818050935
19159,0.24761572440058754
4096,0.3187867516688384
15908,0.2646506417862233
8983,0.2646506417862233
14275,0.2735713610557243
3874,0.3028053696494447
10649,0.23271975711106782
10086,0.324022556537673
5587,0.41375012918227044
16714,0.2817360616926004
8187,0.24653690183555171
5995,0.24653690183555171
19880,0.3201525790146812
19617,0.26928172106502407
5490,0.3424476681288435
6899,0.30138572256579327
10619,0.232846942091348
4809,0.30993567954684875
10206,0.26550543989220055
14075,0.25831856853841656
7613,0.2949869654030062
9274,0.28731817820508976
16179,0.2712693490068152
11977,0.26143289701779887
4394,0.23523577346962304
3492,0.23721437877087512
17226,0.27671201465609435
14753,0.215631908843984
8772,0.2688715066508373
19346,0.2888192320183137
3872,0.2888192320183137
1066,0.2888192320183137
4839,0.3500574443766853
3480,0.23316741507093625
19088,0.24388169677918123
18531,0.3020496293122263
1746,0.29757702494492566
11093,0.27255425279869067
2224,0.2916968571168605
5624,0.2824787625085673
12736,0.25381690325080114
7210,0.25381690325080114
17153,0.319397148377317
5334,0.319397148377317
12208,0.28168470774563725
9402,0.32918441078161964
1019,0.5492462312751089
10021,0.2767240747288473
9564,0.27978128778762384
1266,0.3073803191314043
8127,0.2745435429758172
19591,0.27215214265875265
12319,0.24302378705397326
7821,0.16578781874035042
4890,0.3215328896347929
16589,0.5956366835328802
11405,0.5956366835328802
11905,0.5956366835328802
7255,0.2777987366952114
9463,0.30436622796927093
5231,0.3434997023519173
2730,0.2900060716473354
14152,0.30792261988452807
20033,0.25422179842313547
1234,0.25422179842313547
18560,0.3026286975184476
4581,0.3022715895043457
16908,0.26159426334378433
8241,0.3330149431968109
4550,0.1952196524646553
17611,0.21959072298239046
14973,0.3415472842170941
4404,0.32573412067079055
7059,0.3534098437785065
16545,0.29942623022407905
3924,0.27548983643853614
767,0.2766856260269706
11904,0.15614672756601303
5975,0.15614672756601303
1415,0.17268679189323605
16103,0.32237290079176756
15339,0.32237290079176756
9319,0.3407782764425148
9566,0.3667415333843008
18872,0.30259718350672254
4864,0.2671497957317325
15243,0.2958138165553305
1850,0.2958138165553305
18159,0.5193571700137725
5076,0.3011603056976383
17720,0.2946280409462161
3577,0.2980426227639307
6502,0.2980426227639307
9008,0.2748392873016103
13063,0.3106355964840659
5818,0.32729912204059564
6721,0.5191822374939247
15961,0.374223587154432
15259,0.374223587154432
15842,0.3254529197019491
19192,0.3254529197019491
19084,0.2561912779914003
14084,0.2561912779914003
14326,0.33449708242493037
8556,0.25807838663540134
12645,0.2744708444114723
17760,0.3119705387209187
13748,0.3631332303012625
11724,0.363632829164473
19138,0.28814713673901965
7380,0.28814713673901965
14681,0.26616615683391065
7699,0.3171553127042638
2526,0.2845288763097687
17687,0.33556539525343776
17362,0.24079488244504219
14115,0.5518678748752991
5471,0.33836700111019513
14464,0.3290579971310909
11751,0.31299461932506834
18609,0.3171854616609249
11158,0.32439277355812524
10986,0.19245324701420277
8504,0.5294382611483988
4785,0.3313206364877914
2970,0.3140286587489759
5610,0.3140286587489759
14563,0.2652500985141767
10058,0.5817448716483595
12188,0.27099851892680765
7765,0.3104788818179773
4378,0.3104788818179773
9085,0.28858559931263605
1294,0.5650804320334523
12124,0.42703267927886596
16522,0.2012443691991414
2047,0.34158263632365304
18906,0.21362092661818327
8625,0.21362092661818327
18227,0.29158153720595487
701,0.433828287265826
10265,0.22422040225565104
2820,0.33907958419604206
17044,0.33907958419604206
9434,0.33907958419604206
8140,0.22116815233864795
1577,0.3027441617603586
513,0.33760667148219287
11999,0.33760667148219287
13262,0.33760667148219287
1774,0.5286973313987193
9349,0.5436716982789798
16173,0.19718981964341398
18396,0.1858131134189003
4424,0.3047673790627115
15916,0.31651184842941704
15425,0.31651184842941704
5291,0.23448183001163816
15948,0.2794578593259181
12766,0.3035051638766509
14670,0.3035051638766509
17984,0.3054311731383775
890,0.302219121462074
9223,0.19786566770749445
14006,0.2327983890626872
16996,0.2327983890626872
7220,0.2301286984043301
10968,0.2301286984043301
18441,0.31258551863156797
2666,0.31258551863156797
19324,0.40307478934983
10001,0.40307478934983
15082,0.3902984782182079
4173,0.3155478557675032
19765,0.26065086329770093
9272,0.2543958198467877
15714,0.2803782368288088
9840,0.3565856983765616
2622,0.316402348502561
10034,0.46428435972217164
2388,0.32527732345401894
7610,0.32527732345401894
1555,0.26624871664142974
17793,0.2740507131927298
3589,0.23493930884401887
17998,0.3320304759739421
6318,0.38780885839433843
19005,0.38780885839433843
14727,0.5085450879667908
13832,0.32331628653883693
7866,0.3753470621917878
6335,0.3096388858568802
13195,0.35066913394603827
20187,0.3212412675685802
13630,0.22079082191428784
1012,0.34215971348152135
4070,0.34215971348152135
5953,0.33548309099020673
13266,0.5064656972864425
9487,0.2577165063965269
15455,0.2577165063965269
691,0.3249957948340135
5292,0.3316471144393822
8962,0.3213475223146431
7228,0.3027721181004954
16433,0.3129133348875063
6713,0.35528400155380324
3759,0.2643702703910717
5601,0.413220211212392
18212,0.30294927203193556
14363,0.33277937174581634
7352,0.3501472337905415
1144,0.3591980686369166
1546,0.19911345075067943
20018,0.19911345075067943
10998,0.2800993872992886
8850,0.2315424779094476
10635,0.30419219203523823
4016,0.28924517373334463
19153,0.2972637761070058
19750,0.28924517373334463
10322,0.3972728851443607
2560,0.28185256227198774
5095,0.28185256227198774
16791,0.32547037427086134
309,0.38838307970801833
14560,0.34217219859344883
3553,0.3232284646223478
17633,0.2880753826831708
7626,0.266976745369758
11877,0.29323775278219916
13005,0.2933726778854041
19517,0.35151994523105223
10969,0.35151994523105223
14389,0.24008566469718526
11024,0.33662765241915893
2354,0.38667896970670473
75,0.29912968439151166
16285,0.26154414391094666
15846,0.26154414391094666
5625,0.3329261301306599
2433,0.3143054516955054
19835,0.27563623891214284
12296,0.26609443593585075
19683,0.3327680368419381
6567,0.3441664498566296
15970,0.19607647697711683
5524,0.330664347690223
13939,0.42152432950694285
9056,0.5530626690226103
6561,0.29988862765320057
637,0.29988862765320057
15321,0.2977241322140396
9547,0.2852564754384386
9662,0.24948421936329002
18568,0.32996966672090966
18552,0.2107518496458311
19997,0.33934610880861754
3673,0.32059586597123146
14237,0.4619700011711071
3104,0.4367614460714547
2218,0.3300667287599154
14656,0.2020875089515278
5055,0.30165328709354433
11430,0.34345937243054625
14786,0.34345937243054625
333,0.36824762954701273
16462,0.36824762954701273
16658,0.5869090712517923
2450,0.36838527517794706
13736,0.36838527517794706
135,0.4392487702981335
3507,0.32080780512532214
10915,0.2678673292058549
16060,0.28571430238316103
14333,0.2678673292058549
4717,0.2168228164031198
15924,0.2903658250978489
13856,0.2903658250978489
2329,0.30659693637234015
13332,0.30659693637234015
2660,0.32861293831873367
4316,0.3432700947444196
5459,0.21179775185818772
13828,0.2179008916486981
298,0.21952178315529092
14730,0.3121503300010424
14903,0.34190501251526
10306,0.34663062227411323
4714,0.3612411264420615
10045,0.3612411264420615
1013,0.2841985727112688
3197,0.3374833619343168
8506,0.3374833619343168
10948,0.18707629319864444
14001,0.21076002884680745
2914,0.3524072211140401
9959,0.31933399067226953
12661,0.28703876023544445
9730,0.28652018311278177
9133,0.28652018311278177
9860,0.28652018311278177
10276,0.33055661490216204
1625,0.33055661490216204
11069,0.2163416549156253
5922,0.20614525657902702
4402,0.20614525657902702
19891,0.33084518245654776
19725,0.33447442541316535
13183,0.33084518245654776
1541,0.33084518245654776
586,0.6199376221815365
9360,0.4396887299570979
19894,0.31317708246883624
9065,0.28272599301862317
2376,0.23143234056140016
15732,0.23715710172150556
11191,0.33262125341481535
9374,0.4391789779829677
18107,0.2770751884989576
2076,0.3175889317102825
15852,0.34267055616105935
16664,0.2719002408490084
9619,0.29501624629906065
2230,0.32268621905916584
4398,0.3421837791109306
11952,0.3421837791109306
3903,0.17057283411494017
15392,0.17057283411494017
11070,0.2511608223598106
3988,0.2511608223598106
11601,0.31125426582581706
7452,0.34352923527627527
10989,0.2623944508479805
18702,0.2483586964106531
3187,0.27725352582800533
9943,0.28815895357583693
3513,0.3653979343009568
6558,0.3072646628045427
19693,0.2876841727520956
92,0.33228864995157786
13340,0.3514352152194891
8201,0.28084679777924515
4773,0.25299435657036506
9975,0.3115675092717817
16640,0.2890020628789819
18395,0.2890020628789819
18344,0.41177717558005666
12156,0.41177717558005666
15523,0.328191154783973
17218,0.37490666429813513
3147,0.19283070472967248
9029,0.20091653204204155
2083,0.20091653204204155
679,0.20091653204204155
12710,0.3333713957436528
3029,0.5181138017138067
15002,0.34360945441285373
13112,0.3065169630525775
12385,0.24865486816269963
6537,0.22526731986522677
19409,0.26883554324027054
5617,0.2054182894190713
8264,0.2100407847228995
5615,0.22141441179609073
10505,0.3283996220157066
2773,0.5483455425896435
3515,0.5483455425896435
2546,0.310254749254315
18511,0.21953721898718773
13299,0.24428911541033232
11203,0.27132383988166275
9512,0.33532887046467763
11508,0.18842172829392112
11848,0.1725129485223539
1521,0.327417392642774
980,0.7089945200940296
601,0.2646602070595074
20204,0.3828094638535594
3697,0.30784564638651934
15552,0.30516612591865044
5045,0.294072897673614
11949,0.19667030707845978
13073,0.19667030707845978
14150,0.19667030707845978
803,0.19667030707845978
5193,0.22695725650801382
10704,0.22695725650801382
18717,0.28366829319941955
205,0.25845212202147455
7309,0.22440930576391074
1554,0.3996625052730135
5179,0.3456604156130656
10405,0.44395545118565094
7295,0.2382566935749375
15292,0.21533730827517442
11519,0.30083291853969774
3541,0.3772771549093085
18974,0.29641694135188495
9739,0.2681220348415759
17482,0.29641694135188495
10134,0.23230090108345955
5941,0.17548224751590305
20215,0.22609927647803787
11802,0.30379847450312475
4352,0.24896382336575051
17094,0.2924495487000925
19995,0.22828326704117513
585,0.21738320468161615
18153,0.3058780696327439
18009,0.21691414351408167
13596,0.33411095257414875
16876,0.3648483773166745
3477,0.3648483773166745
11958,0.32709084768382196
14407,0.3210991247331433
14567,0.3210991247331433
11975,0.3208793744522228
15594,0.2744052377805705
17119,0.23997978057266578
5722,0.23997978057266578
14023,0.31824116012608916
17096,0.3842835920624418
15760,0.18946299707786646
19173,0.324983344517796
12476,0.2981307547829036
5287,0.21089044718670868
10051,0.3996625052730135
5190,0.40974159059950443
6327,0.291775708408197
16601,0.34894218194691673
12468,0.13383955948380513
6463,0.2607957781478375
17477,0.290127678053878
14083,0.29927380187950986
4881,0.3534162979105354
8767,0.33932758739861657
8151,0.33932758739861657
10900,0.2837627714105009
11857,0.20026192196007928
9946,0.20026192196007928
11253,0.20663125435129792
19199,0.20663125435129792
16754,0.45647795474320063
10422,0.326053045179393
5795,0.2404620167868565
9472,0.3148638098432287
7952,0.20578634905498733
3975,0.20578634905498733
1817,0.25344724367874594
18801,0.17737435949122132
6520,0.26028009180779893
8485,0.3332680686588791
19256,0.33646846518021045
2905,0.21475055411100447
7991,0.31709466314957135
18952,0.32175212818339394
2426,0.32175212818339394
9771,0.2792357684627455
16518,0.30957584956616246
14076,0.22335006555643483
18192,0.3276985763059541
9537,0.2670694788228468
12598,0.21335600388761217
16384,0.27013668387138023
18086,0.1948889227507752
19804,0.22680808400564884
19305,0.3262289721531996
12754,0.32611324963980615
10337,0.3262289721531996
9028,0.30720022416027926
3665,0.2714038464981147
680,0.30424400927650275
1156,0.30424400927650275
18975,0.22559385842947285
2767,0.23698438623453555
18457,0.3562235049994965
10884,0.36740791527507055
15426,0.30041218930194674
19710,0.22640811595763705
14496,0.2612213442248551
1901,0.17208237331324006
8392,0.25676452018848966
254,0.25608244339206293
3419,0.17058495762289905
17655,0.3202445733158691
9628,0.5391925490831375
6664,0.5391925490831375
3889,0.5768846504838213
17877,0.28693893887479727
16156,0.2564786545977862
2935,0.29260216957194546
14131,0.3843427153735215
19726,0.27043015296566025
16367,0.22939898965672081
11760,0.3542170649877941
6442,0.3542170649877941
13563,0.3542170649877941
17651,0.2925429439292035
15994,0.27682461610691167
19336,0.2815420243337529
10745,0.2815420243337529
8277,0.23156732927346618
9193,0.3109467205101758
4767,0.3109467205101758
3224,0.32868824550017856
16350,0.2555824578205662
3984,0.2555824578205662
3898,0.5528626724756989
14878,0.4381002112764118
13425,0.1949445488185143
468,0.6366980917523389
12414,0.22497076689601975
20148,0.29978586504149274
6885,0.3252374318946397
3499,0.30697366395893333
8856,0.33301295979066087
13396,0.3689396653912074
593,0.3233216144010304
6605,0.23277260761138863
780,0.22742017056212374
1095,0.26007358982735407
9215,0.301837522422526
6371,0.3372571202222055
482,0.2640339888571781
12086,0.3054906129117144
11042,0.39177312344250037
16560,0.17786272919385074
4787,0.23950878422627217
18799,0.37822220205629337
18551,0.32004176298280307
1920,0.3352469285396698
11328,0.2625253012029707
18827,0.2805632120980446
10460,0.20880175072115456
9775,0.5583438981923985
15878,0.5583438981923985
280,0.5583438981923985
368,0.2455809308287732
1099,0.2759366058695028
16043,0.2759366058695028
6152,0.3157728650733524
12752,0.32448036723665585
19921,0.26689084605308844
13960,0.393034930787416
10213,0.3059432073319277
9949,0.3059432073319277
15028,0.3059432073319277
3127,0.23924690777523078
18748,0.32641924633313246
7195,0.2801884815965287
18778,0.293269699364788
15543,0.23231215575418646
4935,0.28289077885796243
19833,0.1163582185721636
3892,0.22511848773323934
7066,0.20674191193173852
16713,0.18481463099189635
2380,0.2134554707884756
1645,0.28432168850988015
9206,0.21853622389149552
6680,0.21853622389149552
14132,0.21853622389149552
1515,0.28061375042226067
18912,0.2503924161385949
9945,0.2503924161385949
9145,0.2970468536219976
1760,0.38838056349828837
2312,0.38838056349828837
13025,0.21225164678641695
19966,0.27297010838693353
17771,0.25191626173487336
14194,0.23414887493273256
12782,0.23718255618555187
13602,0.29806957338420237
6286,0.3191253737775452
9685,0.18427470884574193
17374,0.18427470884574193
16673,0.2737869171564328
5712,0.3036390696208329
7318,0.23002002224472684
1124,0.24535372312977172
16345,0.33797787147500213
1518,0.350140599977464
3725,0.26934230294675965
12109,0.3487850704604603
3744,0.2702499152818253
8123,0.33551617285800023
10163,0.23227812794723307
18123,0.24474472047668
18932,0.24474472047668
7068,0.4314012999356273
12484,0.4314012999356273
14159,0.27729204712428845
11784,0.21673301070349024
2318,0.34155705675618675
6193,0.34155705675618675
13208,0.3573366070519428
10547,0.2622975470413126
4243,0.3041642525235575
10753,0.3041642525235575
6796,0.5529443715387385
9511,0.22586062041886834
3241,0.339684785296337
13854,0.339684785296337
228,0.3438049649417149
3053,0.3438049649417149
13817,0.2926359690083063
5301,0.29391363162234446
10749,0.2565987925901674
5757,0.22160565151367279
11730,0.2120021132033525
14871,0.2120021132033525
16591,0.37439885762242286
8614,0.35607966442368466
12793,0.37439885762242286
8120,0.4627708991298203
10594,0.25167517321799515
8135,0.2824804128942958
3871,0.3431673645974553
2170,0.2676973262600711
3119,0.2414025034697912
18658,0.28646317235770646
20180,0.19523303003219447
8775,0.24449878690112342
8786,0.28376688747885215
7429,0.4720728693101347
6754,0.45882586813212656
17248,0.341991355147915
9286,0.331623393972886
4607,0.331623393972886
12007,0.23929070919204948
3371,0.28940516448387377
19347,0.3074986755139238
10832,0.2880412804256256
3238,0.1818959103763349
14837,0.5417419914052914
5228,0.2831979789928667
15051,0.22937182892629004
1197,0.2633521024919382
19803,0.3237289917234193
18110,0.397594577788633
7981,0.27582672921513013
13616,0.3154338851891156
16520,0.21903849891415283
12166,0.2592721886736115
12914,0.17058495762289905
17334,0.3190263231871523
8115,0.28394869760665264
10512,0.22845416622175402
18590,0.28394869760665264
6781,0.3087121929956823
12411,0.4052546366148442
19184,0.28824521518000645
18989,0.28824521518000645
7969,0.28824521518000645
6691,0.3175405198687866
656,0.337746537960325
7157,0.20766744070662113
6401,0.2988219651461579
18,0.3339420328588466
3636,0.3339420328588466
1519,0.31017256056503967
8765,0.3875728322287872
5194,0.28029572593987695
12358,0.282104778133495
3738,0.26805637887551337
58,0.31781249651152677
9098,0.2720643831080387
1231,0.23492617053910264
5387,0.27868299782131317
9877,0.27868299782131317
18712,0.30858881556989387
7964,0.3063325094636858
3454,0.3010239328462292
9385,0.42962717150798657
14775,0.5146784261867275
16741,0.38472098135159327
15979,0.21197122249483089
6329,0.2918637922230662
15121,0.2918637922230662
19436,0.291363184317319
2618,0.1485541773438173
700,0.1485541773438173
1513,0.22092093215519595
11771,0.32080642477021215
7071,0.27885629063921674
11410,0.29778715838832975
7724,0.30922461845857496
6124,0.34930992289445695
19714,0.5865821381183446
4241,0.2798642373474764
18278,0.2798642373474764
4289,0.31382915540783574
3102,0.3005420641464256
6593,0.2954100920340896
4240,0.35239614995450835
20041,0.23936994577211032
8657,0.21995450644900644
15101,0.2798470981001809
5762,0.3534764005715149
12037,0.3215477022825903
15855,0.2586965620641079
5027,0.13257437728738022
179,0.13257437728738022
17227,0.23005726586251474
18114,0.31430289904217706
6351,0.27376853233720566
14239,0.33588222951692603
12528,0.3094637990465462
598,0.3094637990465462
9380,0.2421307586022625
14916,0.231540754210265
16424,0.24088010201506124
4485,0.21508155173470753
2238,0.24572547885898166
12612,0.30193959850489976
14591,0.3335438991777368
14119,0.40427202773377297
17046,0.49095466433297313
5462,0.3965318502817677
8083,0.2396302616197463
11066,0.3145154975737111
12062,0.30271146725991877
12231,0.23392594935597935
5663,0.3180212089332526
11991,0.3180212089332526
382,0.30356467718595204
17741,0.27227907798734746
14950,0.10379222738520641
6447,0.1006186961167569
8491,0.2206098769702308
8527,0.49281528522158435
4295,0.2998244693122253
7317,0.2975488254193977
11266,0.35987480217362244
8681,0.254005159436375
12989,0.3149436644990571
9004,0.21639085122280421
12344,0.28978513985089577
15157,0.22914128536139516
476,0.34620413254480864
12706,0.2900575529471382
19828,0.3154886718567558
875,0.257564572278644
15223,0.2165564536862247
4898,0.39501689339660523
12388,0.10132879958055416
19884,0.08992691862593437
4007,0.5296513114709905
2477,0.5296513114709905
15075,0.5296513114709905
16333,0.5430555946201163
111,0.5296513114709905
5831,0.3312711105995
7369,0.27650829933551146
19413,0.26703674271175415
18808,0.15370881110379295
16365,0.3076607898052598
5618,0.28063254685348576
1393,0.24308353277571182
14557,0.3690353249981588
649,0.3690353249981588
20246,0.2653121703628792
1524,0.3029729021698899
6585,0.43818301096844836
12255,0.43818301096844836
1905,0.3314529011688277
12944,0.2917639759154454
11720,0.2898117310075982
9987,0.3171648990886836
10204,0.3171648990886836
14338,0.32847554142533686
1450,0.22456332373699966
14772,0.2256844924639883
17724,0.22456332373699966
6355,0.24160580199567205
18803,0.29332101651890496
15242,0.2623355778426573
13436,0.5578621950372504
14285,0.6031856227217428
12740,0.26161042704286325
20216,0.2435871174131598
3163,0.24579223596518693
1770,0.21248513464312005
10878,0.22489432851058036
16743,0.3464755147832145
10877,0.3464755147832145
7740,0.23361174192100906
12531,0.3011102871608149
19300,0.20270792621381156
11051,0.347699626953146
633,0.39470869061672914
7986,0.39470869061672914
13199,0.24883746597676887
9099,0.3171501772851865
8536,0.32354953396763075
5778,0.22282515439271128
12143,0.2689364998023174
13890,0.27492596503009686
3236,0.27248635758002576
19126,0.6078075706546008
15835,0.6078075706546008
11064,0.2510339581338456
16454,0.37836323295774016
9807,0.1899670133040485
9166,0.28402859682810067
11688,0.25289657245121105
6213,0.2747744397260983
1241,0.5778788502638015
7446,0.2974185254735452
7205,0.3633040254856942
4812,0.3500639757468755
18794,0.2300658015073508
4843,0.20439244635337073
15996,0.20439244635337073
11241,0.20439244635337073
9671,0.35414060913215595
224,0.35414060913215595
81,0.35414060913215595
3998,0.3120231896423708
725,0.24530970805841368
2169,0.32094790524848643
7770,0.32094790524848643
11737,0.6011265267121417
3411,0.25504305116842585
6190,0.25504305116842585
5386,0.3178465095937705
8150,0.28757995961282196
17273,0.3512843824521972
7631,0.3206846723958344
19172,0.2901660441089375
16871,0.27028066146033103
10529,0.4027654103790197
6000,0.304737780525946
4781,0.36842102741029625
10090,0.23478027915977442
530,0.2478494793210217
17696,0.2519023966665347
4517,0.2924218209499456
11432,0.13958552931507065
12053,0.24620888852508402
11148,0.2814019824049913
19674,0.2872043241132374
17441,0.41771881316828524
11947,0.3466826620570095
1690,0.3530855029863851
15861,0.22032227051872158
2723,0.3641480398181126
12588,0.4279691257210983
20023,0.40237617600378
11101,0.3430810310551493
9213,0.3121093894021272
17517,0.24296132139035
4596,0.2568559161806981
13105,0.24322001262408988
17078,0.2548403990109486
6210,0.24322001262408988
10169,0.24322001262408988
10971,0.36131287319879557
11854,0.22362861938802547
4705,0.33686854017188683
13507,0.33686854017188683
3878,0.2797693221347152
18970,0.3025501756319484
12952,0.24197366556782676
6700,0.3978061773315722
1142,0.378141667697393
7168,0.30237116430446104
20157,0.31322993365351404
16578,0.315733207665907
8043,0.31322993365351404
6264,0.315733207665907
1483,0.31322993365351404
12281,0.31322993365351404
7432,0.4311025216633308
15783,0.29559490596843807
6417,0.3010471450787531
2270,0.27381370607799965
4813,0.2771585489898632
10526,0.39385264205150644
384,0.3446628652872163
6654,0.3327453585977275
15054,0.3446628652872163
1478,0.3506303427565506
11746,0.24215121821241564
1279,0.2993921874636939
9723,0.3125000066265553
17518,0.28760328514715655
10359,0.275200492523336
19971,0.2643365708423896
3723,0.38558736841179725
5059,0.40756576696885993
19358,0.3365289077427658
17928,0.20036865061002676
10557,0.30393617776648874
2291,0.21857089398342905
7334,0.3783810770491886
19774,0.40569716546172246
19428,0.40569716546172246
2569,0.21978431137441667
14505,0.27951142580142513
13120,0.27951142580142513
6602,0.27951142580142513
10708,0.2888260933808602
7808,0.2704884082529516
3181,0.3000760010861583
6024,0.33530642085247286
5642,0.3995955335329107
9695,0.16165158820984776
2112,0.3314895608760591
17578,0.3000436549666958
10515,0.27256555174960495
18919,0.37975406443608856
9539,0.33917597400706734
10162,0.33917597400706734
4093,0.2599653164385713
2623,0.2474793812254568
19029,0.1775796876371995
18981,0.2985395191174919
19864,0.3230744514785394
12819,0.3230744514785394
1792,0.35645472707061815
10146,0.3602576598151433
8582,0.2876296203222002
12776,0.27194110468914934
12807,0.284148814760719
12102,0.3790766050320509
14640,0.3790766050320509
4604,0.24968506690327769
16651,0.24968506690327769
13937,0.32206342195283766
5455,0.3043680427030976
12564,0.2949303593825062
4683,0.2892447841205458
445,0.2892447841205458
2014,0.26125166815332407
5396,0.23434373751629917
4934,0.2563743063220517
16987,0.22182311140641015
14033,0.454612743267955
8143,0.47675848961374345
5002,0.2494233064206351
10311,0.2517695409232907
12463,0.36044397145604046
2827,0.34325874012267377
4131,0.4860182672127966
16747,0.31655796703622946
10252,0.24054662670302776
13513,0.24054662670302776
1837,0.2602856391285594
14249,0.2602856391285594
403,0.28215904887370347
18834,0.2684010746797927
5318,0.45055234208891604
3996,0.23882410736099538
20070,0.24633832463524447
18021,0.3725948093616438
9143,0.3725948093616438
13899,0.2733806510174778
7615,0.32772795000849675
19984,0.241729332553202
9901,0.23864771638082277
12906,0.25415641674056294
9940,0.25415641674056294
10192,0.24954224187248547
4079,0.45460884116218314
14477,0.3601909483376313
14739,0.2378645423172165
4858,0.23946763909365817
204,0.3296093821045077
13198,0.3354407079211915
8060,0.4601756218440845
13610,0.2781626034151823
12368,0.23263541716369188
12585,0.24877085221666348
5862,0.2758410738303972
1061,0.4357318977460744
4598,0.4644987671683357
6746,0.5110623139669263
4818,0.21190850554950877
18841,0.21190850554950877
4925,0.24738254173679766
18473,0.3137168493124062
7265,0.2740405826357877
6950,0.30000814602065484
17856,0.6754349248126359
5371,0.33812324947197236
16587,0.3939875966540055
15296,0.3939875966540055
12672,0.33044806827308393
8700,0.33044806827308393
8473,0.33044806827308393
265,0.3471507737105025
16368,0.30297513030725964
7241,0.2572070248642372
7339,0.2586884345704224
20032,0.34440516182647735
8200,0.4657387494396547
17134,0.42568735916995926
9063,0.3675662053904822
18759,0.21064775800057836
5616,0.21064775800057836
1290,0.3027265519160548
13528,0.34123727436004
16003,0.16777254561248556
8757,0.16777254561248556
14007,0.16777254561248556
14025,0.34123727436004
18341,0.24451061048549472
8057,0.2990519855004791
8273,0.26579692495215956
2021,0.343961035499584
8284,0.343961035499584
672,0.3326949701085766
3795,0.3116101095656239
6328,0.2677566933421111
16985,0.25715341005244374
16340,0.21103206512314301
5443,0.27190505114679747
14818,0.28815680796874593
11972,0.28389753889013036
16472,0.25347183312367955
19909,0.25347183312367955
13418,0.2876601101994498
11872,0.28547034806723104
16296,0.2652202342652045
19820,0.3850332306189461
14672,0.2636694912631278
19540,0.22971651428887627
15201,0.25458706410250154
7577,0.30168962781768055
4158,0.3059760766883449
15383,0.3336510943811449
5859,0.3336510943811449
18562,0.3323340338242062
681,0.3900904338521333
11881,0.38039685204626184
16712,0.3218793304591422
7266,0.602192420911978
13491,0.3594946473169575
13252,0.36676294286231015
17930,0.33277687951625423
10183,0.33277687951625423
8721,0.3107939494423167
14762,0.3107939494423167
14633,0.3001238814595319
2972,0.3258378270347109
7503,0.5218207626182183
4022,0.28253012575342895
12092,0.33890628902639436
18711,0.33397934143706454
13362,0.37716774002770576
4904,0.36941808722044145
16868,0.36941808722044145
15056,0.33286999047094346
17249,0.24860576820211205
19601,0.2415267868187795
3401,0.2985715982374481
7911,0.30124189655890937
5101,0.30595397493455956
15432,0.2727135152412882
9194,0.2727135152412882
15195,0.2727135152412882
13745,0.36167585096494337
6810,0.32326769507601727
3757,0.2595646749620012
17442,0.2744230675646562
13026,0.21698482426146826
15555,0.30679522304065576
17440,0.3151883754763752
9677,0.3151883754763752
2476,0.25809923062905876
16258,0.24758723495385443
8822,0.30625696724868307
9191,0.2626086181312142
14417,0.25165237269888113
2030,0.247837719109146
20099,0.26800505704993904
13279,0.328834019563875
17831,0.2140847155783164
8205,0.2140847155783164
16973,0.2140847155783164
4033,0.2140847155783164
9035,0.3129144935719344
9306,0.6183082619383184
920,0.6183082619383184
8863,0.6183082619383184
149,0.5548807519610305
17125,0.20176244542261693
2601,0.2268705963652245
12328,0.2268705963652245
4900,0.27248801540754464
19537,0.32615244583945036
19672,0.2722850725890566
7183,0.27848202977946035
10349,0.3220994827066682
5273,0.33430926620678325
11780,0.6681713842570216
14777,0.3128743405117441
6083,0.3028293643113251
9636,0.3634573518057321
11212,0.35365941983693405
11182,0.26090868323028343
19086,0.20642074829078247
2737,0.20642074829078247
6316,0.28081920312170944
8146,0.28081920312170944
2732,0.31272918881165146
17783,0.19360913024805532
14928,0.29593234857982703
18306,0.29593234857982703
4360,0.29593234857982703
14435,0.31360156010862844
9320,0.32669513153536167
15534,0.3644256693450107
9447,0.20350358290001483
18337,0.20350358290001483
10591,0.21838805534552985
7853,0.2962431995587341
7785,0.3692455149043358
18918,0.3396398953950209
18746,0.1922308675942003
8124,0.3098400539732818
19217,0.29541156362405185
5007,0.35784351134279047
16453,0.2562014767194305
5328,0.2562014767194305
19111,0.3728382818596133
140,0.3213512596737327
59,0.3443620576699569
10224,0.25222609254269723
16356,0.20917875767282745
12918,0.6331519532393559
11852,0.1868258616561968
5501,0.2944631814154257
4042,0.2944631814154257
1660,0.3121365839199981
103,0.3121365839199981
659,0.31949434216301414
17330,0.31949434216301414
13776,0.3110647216235068
12299,0.2170715916228646
8615,0.6091097924072211
8780,0.2638507666987814
12828,0.2638507666987814
11233,0.2295861723678329
14589,0.36796203872103667
3545,0.36796203872103667
6237,0.1729677330063658
16543,0.1729677330063658
215,0.3283599072511595
4708,0.25044756310800764
620,0.24671053052795955
2886,0.24671053052795955
9811,0.24671053052795955
6331,0.4639955369944209
10091,0.2577837683401527
5874,0.2577837683401527
13062,0.2577837683401527
9660,0.3415613105799623
4509,0.3186891070554233
3511,0.3186891070554233
19140,0.2725930770367172
9883,0.2168171777519987
8387,0.2168171777519987
17212,0.2502295996151087
4287,0.2502295996151087
8644,0.4975703578073823
5579,0.29047811073009144
9527,0.3702189015763845
9988,0.22442470457128258
2733,0.22519432526144606
9229,0.37391701440572406
17810,0.37391701440572406
8462,0.2976376720582006
289,0.2844248101172928
15219,0.2962414903117861
16146,0.30015902066005795
9664,0.19842980590035103
6234,0.28401559442243784
4538,0.2656959100975278
2916,0.5409175355751696
14544,0.34696703563276277
28,0.24075366843502705
1969,0.28295060197252353
2121,0.3013995767929265
587,0.5572843265944557
13739,0.3342635276899078
17631,0.2399663005893267
287,0.3545668344073169
4049,0.3065580084647499
443,0.20004666238050414
18937,0.2735227855120801
9972,0.38171865172942
16675,0.317117874672599
14331,0.2388343429531085
10435,0.16736678976224909
15881,0.22078697559801516
1493,0.4043080410068365
13089,0.376560917443961
14684,0.376560917443961
671,0.29095906709258545
8834,0.2710513223658777
9211,0.25202227159482177
7136,0.3375603705299094
6050,0.3451893346978305
10462,0.35263490959220317
3448,0.3694247794113254
9205,0.3181902124934687
16919,0.3285385905121818
1664,0.1800276646012586
6315,0.2560137386315243
11579,0.1860412092927879
17880,0.1860412092927879
7075,0.3667435401752938
5072,0.3572802087245669
7239,0.35698940724836425
9713,0.2119822490575797
17964,0.3325742195246633
9572,0.3214171779924053
20133,0.32202048262595917
966,0.300605865479074
2611,0.26091801577852314
2678,0.300605865479074
5087,0.20981376693956272
17616,0.3875335587762302
11018,0.33966653600729835
5820,0.28307612462299253
546,0.1803980397178369
5655,0.1803980397178369
5921,0.35004839739229876
2279,0.2612127805933866
1056,0.3571156888028709
7747,0.20751254950247947
17491,0.19991885185376437
14760,0.19991885185376437
15664,0.20933292229563033
7113,0.3583925713212252
4841,0.2264771482461378
13714,0.30293442715846025
15153,0.37380062680363785
19364,0.29562168043412484
7957,0.270349902592234
18126,0.40061046890542973
4319,0.3236173456320516
16839,0.3321749556890641
5651,0.3321749556890641
9440,0.3030273549125009
5569,0.33996182967085575
12373,0.36266164762827047
1025,0.3491489858400113
17659,0.3692871556431848
13456,0.24376586198310066
7463,0.24376586198310066
13388,0.24376586198310066
9691,0.31579368977676797
10837,0.24907644735404044
19187,0.2864801378586872
7263,0.2654900126421109
16077,0.2654900126421109
7088,0.18176993109014453
7383,0.26091616659107264
8369,0.29396877949707323
15568,0.32112600467599783
14922,0.2793952377176792
13553,0.37283887212639616
12606,0.37283887212639616
15936,0.3900612936419069
13586,0.3948776643582902
4464,0.2557920562483043
4275,0.31144749402638594
1578,0.3267620323869159
17128,0.35862375568503924
4652,0.2564586077122967
7154,0.25029167441991784
912,0.2460126358889955
13225,0.19862417682589378
1791,0.28754567863917735
14854,0.45788645703162545
18456,0.45788645703162545
10361,0.32378453840810756
1718,0.34661867535641866
4132,0.2784351070675091
5056,0.18747862872502696
6272,0.22011544613806744
9499,0.22011544613806744
8842,0.3502001033602981
5171,0.29694221511328556
130,0.3202519123104702
6857,0.42643578663389775
13585,0.42643578663389775
1334,0.3558744686002292
18939,0.4090165115660387
7014,0.1708529638437094
1986,0.16901460839858054
15173,0.26836471218155805
17891,0.31166896543757217
12871,0.2641901107711566
6991,0.33611682949194055
12348,0.21169319169725853
8896,0.2558937422042642
15612,0.20758591256360734
12111,0.20663466192871843
16136,0.1560192018960088
13555,0.20663466192871843
13884,0.31844366664608126
3677,0.272994687767579
17288,0.236006555240303
19265,0.35120237157085704
11063,0.27200900382186327
2844,0.22338989615025745
15798,0.2169226812249433
18315,0.2169226812249433
3272,0.22901578198962766
12352,0.3148718514774209
10122,0.24145101121976278
10401,0.24145101121976278
10022,0.3640812117030581
16510,0.3466116979452521
13032,0.33702323369492465
3285,0.25192726367967705
18760,0.25192726367967705
1766,0.26786736372756376
19876,0.26786736372756376
4175,0.3586671946077511
988,0.33846553162503223
14597,0.32105105130600764
11874,0.32105105130600764
20105,0.32105105130600764
7887,0.324579048498849
2323,0.2444806634953456
7346,0.2444806634953456
12147,0.30361335283210134
11583,0.31144251448417504
15087,0.26748257650403695
8096,0.26748257650403695
19874,0.23903550585729227
19284,0.31610346416612023
15629,0.3462104302075989
12256,0.35957697716316794
10762,0.2425345437942476
12496,0.3349821796200869
19775,0.31660303701592585
7129,0.2733977508316011
11092,0.2910756590751132
12561,0.23601546982972205
3325,0.323386911419069
7296,0.47354373210288186
2893,0.24822886867844074
15531,0.24148128830320845
4623,0.24116165886668278
13780,0.24116165886668278
8816,0.18970017917064969
13000,0.18970017917064969
9656,0.18970017917064969
7273,0.1828258887948785
9277,0.5283347074722999
4715,0.569469957395523
10419,0.31120799426630696
819,0.22756997714361443
8712,0.25781487496245736
18232,0.3329470552082398
8047,0.3329470552082398
2109,0.3329470552082398
19004,0.2577942225989358
7430,0.18537320868091972
16519,0.31692395565832204
17274,0.31692395565832204
4910,0.3096779046391614
19410,0.3096779046391614
4176,0.23719534401602568
10751,0.24256444081136191
6451,0.2670564857277818
11446,0.3598637581096401
17756,0.3598637581096401
7882,0.3112126576175594
5026,0.25075187876576693
9021,0.2976078502629377
14962,0.18011257047186816
9248,0.2746790722095224
235,0.2529149027604354
9759,0.33045003011156293
16649,0.32895771796949075
19441,0.22869141194403608
6062,0.2689053546784873
18822,0.34293871703098644
20062,0.34293871703098644
9672,0.3366183847440245
4589,0.3366183847440245
14769,0.30908190659109847
6669,0.21969442837297629
18755,0.21969442837297629
11238,0.22994948443516505
18611,0.664319941707233
8268,0.32677300383346797
8798,0.21503443150482818
1289,0.21503443150482818
15978,0.3158850191687132
1373,0.3158850191687132
8361,0.2632072772295787
14234,0.36872120589663165
16429,0.3266443082222894
5003,0.29281107574510823
520,0.3820073313943356
2613,0.36040929233030733
20074,0.1875941007160909
12552,0.1875941007160909
6655,0.1650731405023052
2658,0.3117041903640587
8481,0.31148599571747254
9534,0.27772441704172973
15693,0.2031164179770163
20162,0.1610930104448137
2000,0.2148323118785718
4546,0.31430453628176314
15997,0.32896974694419634
19722,0.3036607159758195
15457,0.2781163985444576
377,0.309992860538418
11138,0.3269710584909158
4302,0.3269710584909158
3939,0.24599478021957866
7127,0.28357424640245826
3190,0.28357424640245826
363,0.36504036661186406
15818,0.35170381066029816
2765,0.35170381066029816
7076,0.32301426961235896
4355,0.27613007700870934
1424,0.24563403153340013
14994,0.31772803578161424
13101,0.31451264359358494
5789,0.31171763425912835
2740,0.31171763425912835
13643,0.36334635249006353
3340,0.3425013509417526
11888,0.32136928832675077
7197,0.24687652617941733
7830,0.3942097995944528
1250,0.22312783803612404
14785,0.22312783803612404
12670,0.2055329715092075
5544,0.2055329715092075
18402,0.2583915105862043
6829,0.264592326732816
15053,0.2910745564407732
10893,0.30488180591062236
8166,0.30488180591062236
10062,0.2916085047505469
1406,0.3425492532011592
14961,0.31253192141166275
14180,0.208655619836152
14964,0.2725747170917455
1045,0.2732140323288444
11097,0.290198492083645
1340,0.43183613543102184
20190,0.3119576872408666
20058,0.350086850806558
167,0.3713029273761728
6516,0.3713029273761728
14284,0.3713029273761728
13270,0.3195751978924456
19023,0.3170515850180685
9993,0.28910727776474726
19142,0.28910727776474726
11431,0.4325368385456824
2647,0.4325368385456824
1725,0.36729573932621723
1696,0.367094208473481
14993,0.30457242055370526
11225,0.30457242055370526
2756,0.3001759672737247
9165,0.32010464644949255
3637,0.29737861169079904
5755,0.2558183394805909
5893,0.3720390298258713
12590,0.3000605109139692
6164,0.28209743683703803
6149,0.592302859063672
6087,0.32546003275855473
8235,0.3214021853572585
13925,0.47113517148661554
10248,0.2641462681096327
3828,0.3232142053685713
10746,0.5032263071114343
15840,0.2997339373609716
9399,0.2005437248141433
7080,0.2005437248141433
2835,0.3522388048747197
239,0.2662415593145575
17029,0.2599870572525093
10546,0.27928217670106126
7338,0.19931523225588943
18209,0.22199991037001177
12527,0.2946748309364857
1027,0.3056612377233784
18259,0.15577524845600238
6026,0.27395313367282553
1899,0.28667388765182306
292,0.304394660177584
1039,0.2219599881280832
15360,0.22699523608330688
12695,0.27424748645217534
1982,0.27424748645217534
15258,0.25541180409796393
16982,0.2569321061472856
20038,0.2640535159531687
9956,0.30720029955691863
7378,0.32673851414233485
11438,0.30372285917628117
16990,0.2119139080189039
373,0.37080478267577166
12050,0.4853041737208794
3318,0.45613976876160767
17736,0.31665634887700217
11884,0.3783085076150007
12093,0.33244681238788654
9082,0.31798440108192394
8114,0.3302825901155016
9471,0.31117684756823843
4239,0.5117318295893515
12495,0.2604906994053362
3083,0.24080143243564994
11687,0.31244933131190594
10901,0.3136167355616798
3018,0.3136167355616798
1314,0.3291288021690223
17968,0.507186880536375
11610,0.46160029964736005
5628,0.507186880536375
18476,0.31128272859945294
18625,0.31128272859945294
10754,0.2593339452201728
4885,0.2690110343158852
12404,0.2275184717842053
15536,0.3055407151865607
13118,0.29365715580415563
5552,0.33843213561440405
1644,0.33843213561440405
17233,0.3222508715584021
1786,0.45707628095388475
11729,0.5437943563654012
17489,0.20659070752698086
14447,0.3833149720241006
4205,0.3833149720241006
14599,0.23709010042807027
11217,0.24712007470916253
16588,0.23709010042807027
914,0.30559273148948995
17485,0.33050715576166356
9157,0.30195500060574415
8739,0.30902960281686903
12205,0.19822667962519663
11691,0.43060470290936576
8331,0.415571651008395
13284,0.2328939270182814
3928,0.2987039950370834
13558,0.2328939270182814
5315,0.28432650582476293
16110,0.28432650582476293
7328,0.2971250336869371
16280,0.27648041676166235
6038,0.3483985422758902
16597,0.3312099395338195
3164,0.33205225964904983
11903,0.3966386452619397
8761,0.3966386452619397
15044,0.44039039517779033
15220,0.2100607970418248
9748,0.2100607970418248
17865,0.32226002232622225
6250,0.32226002232622225
8569,0.19779109688414043
11867,0.4241959423720948
16337,0.4077635164081399
7659,0.22692108802484803
6924,0.2154441337957933
6178,0.3460152998125202
15145,0.21311787096102353
7753,0.2812123939642348
13955,0.3497553935272609
9937,0.2969494605496238
16467,0.37214043729343066
14849,0.37214043729343066
7962,0.32121188518075267
9810,0.30641733592462295
6629,0.2931099716127662
8580,0.21163833200970292
15689,0.21416555192043457
2027,0.21416555192043457
10112,0.2073849078120413
13534,0.26636024663058
11198,0.29919585670678733
9435,0.28295006429211456
792,0.3737133394105645
5966,0.40142221403854655
7745,0.435878148778288
12758,0.6737086623336279
14342,0.26640217586403886
19754,0.330863194352237
1473,0.2868916465744182
14321,0.3680779067792115
13953,0.3192990545020845
14635,0.3192990545020845
11901,0.5066680738016853
15382,0.5066680738016853
5293,0.18856200926090416
13943,0.27315020924419675
4452,0.27128017619518136
4835,0.3423742522474893
9917,0.3827358801038139
9006,0.2998598858970251
5366,0.2735135169744539
15148,0.13933643832792522
13194,0.2742506012570701
19438,0.2763786553629916
11067,0.2282858036960949
11768,0.2732724221624018
18615,0.2732724221624018
19477,0.32623117185449974
4713,0.31772381122009613
12972,0.22074342346492482
2328,0.3172344804097199
14701,0.46382256532146526
15625,0.46008300415200154
14327,0.4404007901271394
16489,0.24784706284182192
14064,0.2871685854168685
16536,0.2954893031150351
2494,0.2169954886699721
4372,0.30023491078494546
7665,0.22731610110752795
7543,0.21958259209193004
13894,0.34593091376215224
15419,0.27012128529643165
3779,0.2879561180037977
15882,0.2103347141210516
2974,0.5676093939932804
3571,0.29040599383808047
10801,0.3820207267330275
13182,0.24590166139609065
12341,0.24590166139609065
11363,0.24590166139609065
2186,0.22736431363726034
1379,0.28551519142731274
12713,0.336936525025239
16834,0.336936525025239
19182,0.25263425926639427
2365,0.2641244716223263
3773,0.45924608951259277
20042,0.33879345848398135
11374,0.3057276200780652
15716,0.2855657361970645
11038,0.2664894126493743
19720,0.37697962001769214
9163,0.3005100576357366
1465,0.3458498110602842
578,0.3458498110602842
4375,0.27532769107348765
13403,0.27532769107348765
18954,0.2954536873417476
11676,0.3049969888820825
6370,0.4200632784611229
1184,0.33627088379281184
1114,0.24770315904562723
9681,0.298343980230665
8345,0.3095788785761636
8169,0.4117420856953843
7656,0.1991579330211228
843,0.280095243391772
13384,0.3422608061637544
13023,0.47144679082451746
16191,0.47144679082451746
7087,0.34074472272269946
14707,0.36348501462207833
12767,0.36348501462207833
9912,0.28253633429071506
16089,0.28253633429071506
8505,0.24888235466061112
12204,0.24888235466061112
3202,0.28605368702520545
1761,0.21645434361384208
17676,0.2812701735854828
10165,0.3357838299553698
18141,0.1915986319943342
3931,0.25275761044823863
18038,0.23782435281609426
8195,0.3025639903922379
8413,0.23030507960914157
3607,0.23030507960914157
3610,0.3125406463682584
17855,0.3785595281760691
6349,0.3504191992432588
16220,0.2890308643169601
15899,0.5566136803981138
4356,0.2939005198765785
19551,0.2939005198765785
18363,0.401280237255866
5173,0.380834441181582
4937,0.2913699272583651
9815,0.404946009400561
17644,0.404946009400561
1607,0.27427397151160543
7883,0.22971700062748657
18105,0.3041360229879574
11393,0.31038032548367916
9155,0.31038032548367916
20173,0.3188623047133716
4153,0.20529947893698774
3997,0.26675219073324313
17137,0.26675219073324313
16437,0.2699838127337688
5575,0.4798394701563913
11308,0.5050939449880762
13948,0.2563875855620422
14316,0.2563875855620422
13078,0.3045849699562002
19843,0.3079280059775173
6175,0.3079280059775173
7186,0.31099888003496723
6910,0.31099888003496723
2160,0.5680894232288435
5670,0.4828142154342925
7794,0.219576756949411
503,0.22415213283625182
17170,0.2764305689791299
18581,0.25385242265675395
20009,0.25621951574322316
1918,0.3290645588231095
14127,0.22241926986412805
916,0.14104401685755305
7650,0.14104401685755305
6989,0.30028676524357484
8685,0.21771284464821355
18962,0.18788610006643508
17943,0.24231579871612868
1276,0.2816340448817549
9809,0.34630248474066766
13445,0.29485887042794084
12306,0.3308765661287471
4827,0.3308765661287471
17550,0.31761151573343105
12879,0.31761151573343105
1069,0.28513429112362637
15815,0.28513429112362637
12459,0.21580707288765721
16469,0.3705923698857916
1343,0.2681274999146597
11276,0.29771457061248674
11159,0.28588771101144006
5425,0.1963554378273474
12728,0.29642197328047504
16865,0.3285411178827603
14258,0.2670193055861861
5976,0.2670193055861861
4099,0.4498116444618241
927,0.3451356885725066
818,0.28975716795455847
17488,0.3033068320773589
17551,0.22517066800636618
12955,0.22081678945785252
4791,0.318048156502844
16501,0.32346812219958565
19074,0.3502198418128507
13524,0.4503707128603045
14126,0.5801702932867545
8650,0.19907770345564918
12983,0.35388688508857424
14009,0.22884615976273248
6148,0.2546723222725895
3555,0.3876622003783036
2239,0.3415164554283529
15490,0.36231301244391256
16106,0.2550832572881302
12401,0.25868112724318487
19777,0.25868112724318487
3068,0.19455251378270394
18065,0.12969241290482186
16215,0.2965631982969535
9525,0.2965631982969535
10659,0.342648289867025
11090,0.22060887601417606
15420,0.32333033799547883
13573,0.2172712163542366
8736,0.5227095558022965
19243,0.22354484598550045
11576,0.32456942552453266
1507,0.3521861259862247
11539,0.35561251497396335
18907,0.33329559685453025
3059,0.33329559685453025
18617,0.27895512497569336
18911,0.25017881596592506
19,0.25017881596592506
9528,0.2983594109980295
12289,0.2983594109980295
3429,0.3200593407632907
14098,0.3200593407632907
9062,0.2097650551388251
18340,0.2097650551388251
7619,0.23117414735640468
7592,0.3605125236356147
2412,0.3605125236356147
5248,0.20986593485118551
5180,0.20986593485118551
12044,0.22885899500011636
9251,0.33230262463188787
2819,0.33230262463188787
14226,0.32465023938323356
17876,0.34942323152813337
10044,0.3646913486577552
18626,0.3646913486577552
4621,0.31289986549175464
1584,0.3367087774074964
8173,0.29267735181192805
3438,0.2234929075467969
14164,0.26077960673787914
8801,0.38352851850655517
1172,0.38352851850655517
9841,0.3112720587312067
18178,0.3779214486475497
12406,0.17863271793513394
406,0.5177763442305836
17213,0.33361957304719647
12157,0.21056512296190458
6884,0.2349944049038904
15655,0.32317025153831136
14230,0.2008844851675337
8249,0.2008844851675337
19031,0.3514329059105256
3105,0.27878496546291515
1103,0.2959387314474094
10807,0.3756516778214786
3720,0.5393237417872756
12314,0.5628679168510743
5070,0.37935494540663856
12283,0.3221066476470821
2413,0.3221066476470821
2089,0.21841573661298036
2985,0.2109257085106396
7918,0.2245187653790568
7104,0.259441145575745
13747,0.30753479412392093
8811,0.3363374353392518
8924,0.3228940755338832
12141,0.20999838319606923
19295,0.3215815184580353
19314,0.29326771616430336
16526,0.3153482099518625
1797,0.3153482099518625
1648,0.267550448650728
17538,0.3058129800271824
893,0.21508597195489007
17838,0.258297233860448
5767,0.25478183755118167
5367,0.224733682084096
12830,0.27678468171198634
20161,0.2147756364768349
17278,0.2702600573014599
11068,0.28263007033648807
17428,0.3064333376088585
12601,0.2290834954545867
13547,0.20404051685699973
15115,0.20404051685699973
13453,0.25027672127766515
6285,0.2370322698105146
4029,0.3990817167303013
16938,0.3755169925622004
17951,0.26922933116592074
4237,0.6528327226079843
14135,0.6528327226079843
12500,0.301937995961225
16702,0.3347648268812188
19728,0.3347648268812188
14573,0.2621272193510537
86,0.27754057968658497
14466,0.23339727048377495
9927,0.25425337935088227
1422,0.2837010051886766
10630,0.2837010051886766
14251,0.5788685820572727
19548,0.327187859291832
17256,0.25554995377267237
5777,0.21526237980328783
18237,0.26027992057275634
11391,0.20247345623714974
12202,0.3240259292274678
5129,0.3105873542039722
13631,0.28157318737214493
7942,0.21583002172146054
12161,0.21583002172146054
781,0.2449913417023334
15046,0.5076365021833842
12610,0.301813396699847
16284,0.28715766666680476
2778,0.238274570646077
5379,0.32048605969563326
6683,0.3139268152441627
5910,0.3139268152441627
20230,0.3081251655264983
11200,0.31016062893195917
1619,0.31016062893195917
16079,0.31016062893195917
181,0.31016062893195917
9649,0.2958717372548243
617,0.22576796235606958
9419,0.5149135321970744
5968,0.33033393482903994
15189,0.28377275425286697
8333,0.24208788703902662
3999,0.3457367490892544
6167,0.24314678243425858
15790,0.3570583018066042
161,0.3677286450122811
17513,0.39889415817694296
18373,0.3602077203754122
959,0.19872178637789034
1758,0.27952071026223907
4325,0.27952071026223907
183,0.26016107438048197
15906,0.1823975733576162
768,0.3626717784706032
12488,0.3111485749081047
2090,0.3157486552832442
19016,0.3146722386175631
2208,0.25439408557624915
11827,0.2104672738180285
2650,0.2104672738180285
18008,0.27110562126820437
6826,0.19119062076895402
11658,0.2519941239649047
1553,0.31453084607360815
12570,0.2715639451668567
11818,0.2749418369885082
1747,0.21874585804178695
11917,0.3299867813659263
17938,0.35016123897913387
9828,0.29710421123654707
1928,0.19706939720714373
10869,0.19706939720714373
12746,0.28273327244529056
5481,0.280303182575551
686,0.3497977034516337
4472,0.3497977034516337
17802,0.3497977034516337
11249,0.30616201085709094
14745,0.3265747158008964
8781,0.39077385673326515
11624,0.39077385673326515
12929,0.28327425066972106
12833,0.2825285596713189
10039,0.26437248667133084
11664,0.32160352475161413
8879,0.21820215836008505
1641,0.19490168178431794
20184,0.5970083050725559
8893,0.5970083050725559
5442,0.5752220582070092
14193,0.25024070703312873
17522,0.25952013341481234
5093,0.25024070703312873
9485,0.31063135034097106
11347,0.29192066234219266
15452,0.29192066234219266
8825,0.21513366638934117
125,0.21513366638934117
16323,0.21513366638934117
15116,0.23928348728744844
2776,0.2517091469825092
10149,0.2883364946383622
15692,0.19168967485461888
4238,0.3114165848288102
9772,0.32090606113802495
11647,0.2019587679437174
4410,0.25604219689420005
3278,0.24513392546558838
17544,0.24513392546558838
18210,0.24513392546558838
19588,0.31638547410872214
4255,0.20477758873360327
7449,0.24395756071439886
15774,0.24395756071439886
6300,0.20729478209769964
10972,0.26532118203859656
5696,0.19126861081312624
3262,0.32973828394868865
11268,0.23629187776767108
7145,0.24900923416811277
14178,0.2129724570945729
3614,0.34170416628107825
2848,0.33518116458682196
189,0.2647417638217361
14439,0.19667599619622664
3309,0.19667599619622664
4913,0.18185986370612656
4104,0.38191943584369703
1573,0.28861389645563795
7012,0.6634208211411791
11491,0.6859590147101504
2227,0.19836404596585352
17201,0.2964071800686576
11993,0.2964071800686576
19075,0.2964071800686576
4125,0.2810696532729156
15418,0.2698811083488224
10559,0.27670850574620914
8637,0.2698811083488224
14654,0.1860447664814754
3280,0.20741824854057817
947,0.2613320830081452
3618,0.2613320830081452
13012,0.1170397385170187
19169,0.2878199728837162
6611,0.22749204145480387
10057,0.6132911076083363
18495,0.30807146123678325
7521,0.2838025655012683
6753,0.2838025655012683
13224,0.2721264114975452
5219,0.2862677026950195
3007,0.16458321235692397
8899,0.38582276776829916
18846,0.22823759997121995
20172,0.21699919941184842
11703,0.2489275302558281
16108,0.2489275302558281
4897,0.12795604729465038
18360,0.1577434224045331
12056,0.25156051970066867
15553,0.38359488842950384
1868,0.29983533199941204
17277,0.2225922086062886
4718,0.24911369458133978
3201,0.21655447902023436
2339,0.36381740087680364
14403,0.2296045741925719
15434,0.23281242116667836
14524,0.23745903137220725
13921,0.31105845717211633
6233,0.31105845717211633
10187,0.2756181066813908
4245,0.2756181066813908
87,0.2048672361786289
9053,0.2048672361786289
17020,0.18401349944352094
5871,0.22891133190871102
4993,0.23198438404828495
18343,0.28768765640130334
14095,0.29041718940666517
13345,0.2540522551418343
1298,0.18021809099469893
11366,0.28638471600429893
11385,0.27725352582800533
2677,0.3216643812658626
16584,0.3216643812658626
13484,0.24561131517426835
9026,0.2276777210560335
5440,0.24438378442216538
17314,0.2681978028067884
12297,0.6125318275177137
7514,0.6125318275177137
16809,0.2931090657693679
8495,0.3040592193766408
6530,0.3064827836128981
7776,0.3097950732241867
3532,0.27128376776269814
11019,0.2501007619427498
2917,0.199704980228852
2358,0.29837957916957775
15119,0.2948619211341861
14475,0.32194139289456386
10114,0.32194139289456386
5609,0.5776537245051919
12689,0.5657123155279278
9367,0.22572653692601186
11707,0.25239352749156724
19293,0.25239352749156724
9842,0.25239352749156724
1077,0.2962865808423466
9605,0.2957520289939183
9909,0.3433319225910917
1909,0.28468798605054507
20052,0.22714257418007555
13077,0.33717234505805715
11428,0.22106869482790922
6413,0.24452649411774907
19801,0.30538182872751113
19962,0.28793246302321945
2808,0.28793246302321945
6486,0.3367183667586009
13637,0.30723964117487906
19227,0.2731033328665321
16394,0.30167100443514244
407,0.31379763365313146
11524,0.20724329758073845
7730,0.2062572875118785
1011,0.2062572875118785
17114,0.2861129066687387
4067,0.2874974124847619
17435,0.4880140261566663
17422,0.4880140261566663
7258,0.23590638709403425
933,0.3156152428089889
8766,0.2953516015476925
17626,0.2770529583271012
17177,0.2770529583271012
121,0.3036092559251442
15833,0.2993405027360622
5345,0.2939816810248635
15660,0.2939816810248635
18895,0.20889894030521505
15707,0.47935415311317364
9413,0.22772976149933272
15813,0.386657432919022
9986,0.3639222167133981
13060,0.34263858766212024
3156,0.2640392365719782
14079,0.26853032162930307
3667,0.32987449383306244
8223,0.28528167237518176
15096,0.3366306423294058
8126,0.3074162946772939
12657,0.2318042007846373
7516,0.24904067601172425
19895,0.2681970072314561
251,0.3652160475308314
9716,0.3614152611776394
7079,0.36034266168122364
13549,0.2582814434425309
14974,0.26616699128822324
17977,0.217704361320549
18293,0.2875812259378283
12945,0.21120221234860515
18607,0.21120221234860515
6730,0.21120221234860515
3219,0.46800110369565406
11325,0.46800110369565406
9289,0.34065260174275325
4878,0.1845820921445462
15466,0.3423286351102561
10632,0.3423286351102561
11631,0.25663232685700277
4746,0.2774774087946251
12615,0.26721757132167795
18213,0.27618817162067266
10471,0.27618817162067266
7817,0.2920968765555648
11648,0.20256880048790257
9622,0.1615173490850856
18707,0.4709604579777055
15623,0.33885290399519574
983,0.33885290399519574
20093,0.33885290399519574
16259,0.33885290399519574
7571,0.23700686543259117
7778,0.26072756758623694
9317,0.27234822826083555
159,0.3293673214519343
18771,0.30680075136190993
5167,0.40340445313982687
3987,0.40340445313982687
11235,0.2927593856747397
19963,0.21720234618287385
9623,0.2012836644611381
6794,0.26641978032938973
430,0.2880753826831708
2276,0.2880753826831708
19770,0.22883502946858653
6114,0.385265798170163
2110,0.3552181199637771
19911,0.48299167167552626
5830,0.48299167167552626
9027,0.41287360548908825
2042,0.3409838549042363
10539,0.2854607436842644
9338,0.2560098829687427
4866,0.20484454363988866
15016,0.20484454363988866
11261,0.20484454363988866
3126,0.3333947321187069
11496,0.18284835368417934
5647,0.2809156295810424
19498,0.3563420338868323
16745,0.2547430363228609
6464,0.30364526622260657
9483,0.5001113665039423
1248,0.3406613747108423
1385,0.33459453339605527
16981,0.22196576340303334
19609,0.2658138164102687
3287,0.3080532827605157
19533,0.2269197258488379
12530,0.2269197258488379
11390,0.23947776414074268
4284,0.2308633555769103
16124,0.2993697616764077
5840,0.3217486124784142
14432,0.34748223952158125
13116,0.3468908293852726
5375,0.19967894842599557
11534,0.29625196469211795
17217,0.20333255799564182
5019,0.34978751136537634
3586,0.3920801418686636
5810,0.25834307441489823
13699,0.2569226905845246
8622,0.3097520687710179
17161,0.3080996057645723
6608,0.21793494748814685
7863,0.4175112676939377
13633,0.37094558829629387
10272,0.35890534880322666
17459,0.29202695909571563
7099,0.29202695909571563
9141,0.29202695909571563
2781,0.3170053452030524
9023,0.22623587121310673
17173,0.37568435646554244
18136,0.3426184886991176
17650,0.20554169341895312
8019,0.3124266021036021
391,0.2786150061762852
20069,0.2786150061762852
15283,0.2963912547192688
5479,0.22708052405254325
17276,0.31127729604275073
2881,0.28620007575763357
19091,0.3683623607227065
1054,0.3695677542978034
14895,0.2296490643188799
20071,0.3017739351055349
1317,0.3017739351055349
2167,0.18778373244028715
7945,0.212242990098975
18365,0.22200860892872926
6957,0.263758053835514
9167,0.4256069743857491
12250,0.3186143808912091
19782,0.3186143808912091
3328,0.3413511054374243
1919,0.3413511054374243
5256,0.3413511054374243
19744,0.28193624198804884
16634,0.28193624198804884
17841,0.18321475417104344
10560,0.18321475417104344
15278,0.31588115202521744
19350,0.31588115202521744
765,0.2866265834168487
10313,0.21193344594958305
16027,0.19261932506103016
16375,0.21799487836423562
2780,0.32895233676327357
8464,0.32002068587506804
3731,0.3199843698203028
5346,0.3240137865360664
8290,0.32385142906909115
18142,0.26775524548233387
322,0.3091539875270241
14450,0.1545122132684747
17113,0.3028662036264295
16746,0.2142791477650605
272,0.1990130085919707
11352,0.24987549396674055
8995,0.20804065512281603
351,0.22620594746139336
14271,0.38352851850655517
5630,0.3499717047457577
14032,0.3172208550931593
13348,0.3172208550931593
18095,0.3351376687876907
5148,0.2081990310758412
4303,0.2344926142262279
1014,0.2344926142262279
16939,0.4578222860358492
2068,0.4578222860358492
9025,0.4578222860358492
16133,0.37692415852413036
12794,0.21038571260527716
10080,0.21038571260527716
11995,0.3331692548861209
18489,0.3486472061265119
10121,0.35037315163427807
18076,0.21710277691708232
6972,0.19172389329297104
1668,0.3315994771018093
1759,0.3387873148880788
3921,0.2613240175415973
4704,0.25747319269794544
1736,0.32449323321502405
17870,0.2626852426020817
8253,0.2626852426020817
14042,0.17690910537482357
18692,0.2563399810209705
13300,0.19153226719542638
18680,0.2540740420430378
630,0.455902415907125
4606,0.27906652875952614
18966,0.3588957137501589
19215,0.3092563911386507
13653,0.324120589136042
6522,0.30087772951117187
10432,0.2606058059569306
2054,0.32414350319114515
7089,0.17779293878675825
4575,0.3503943186538325
19418,0.22278474291306022
17394,0.12912831996575164
12302,0.4732738550978424
9261,0.4134371650040264
10356,0.30636633151285075
7372,0.30636633151285075
15471,0.30636633151285075
4735,0.31546732862880006
14081,0.3201344576565095
16170,0.23385397732850174
16997,0.33292315605993056
16927,0.33292315605993056
1121,0.2701612779043454
11131,0.30732056779814565
17781,0.37300541282132954
10241,0.2940066580003801
15567,0.1532406908578226
1447,0.1532406908578226
13540,0.2947021846577994
7403,0.28417590505196905
4924,0.2210274650504166
621,0.2210274650504166
17859,0.3652981309863809
3071,0.2521188003901513
5395,0.25878175842023626
2304,0.2751051029573629
5278,0.23903462647117915
12757,0.3797967754969459
11441,0.27817874781193996
10792,0.25336824718956896
8359,0.2573542885916956
14426,0.2538931458762978
10741,0.3171287287060339
96,0.2852485863766029
18720,0.18951659331965284
4018,0.3290523498346881
7438,0.36042767923471064
473,0.36042767923471064
4830,0.21745135417396788
13321,0.25776108402894
5857,0.25776108402894
9348,0.32494062556210296
20,0.32382122021201565
131,0.32382122021201565
15757,0.18108382073825344
17535,0.3927413581099166
15349,0.29102498304911656
3218,0.29102498304911656
820,0.2896667073704137
11456,0.3247297080472027
8396,0.3033756304832719
6556,0.3033756304832719
5883,0.24622824556400455
2960,0.22548194202619068
2164,0.28510240430235273
20195,0.18371521356808035
17495,0.369843257783963
5113,0.369843257783963
18370,0.4365789367790291
1399,0.4365789367790291
16968,0.3029203677620164
16875,0.3029203677620164
13234,0.2530597105021438
10897,0.2727392419878371
20013,0.3196892708341578
2911,0.29224093708101606
3341,0.3899146255908026
2533,0.39038112607155717
5882,0.39038112607155717
2003,0.39038112607155717
5847,0.3533384221724018
17005,0.3533384221724018
11106,0.25465718747510185
1479,0.3344631373211546
4775,0.3344631373211546
1111,0.35528400155380324
4408,0.30433345073049145
20124,0.3071724246938893
19133,0.22065627445094685
16803,0.26180279071942
7688,0.3058721235988462
5436,0.27581655769129526
18042,0.2312425383520021
17714,0.27422699375663534
4726,0.2482670274648016
15782,0.3078151756190488
2654,0.42565598295207363
10436,0.3340687684935274
18122,0.29093655627478093
8659,0.2911915519777386
1600,0.2911915519777386
10308,0.2893607658960946
5487,0.2689364998023174
5719,0.29309915964823613
1780,0.4404273703611954
17632,0.3356444106447657
17287,0.3356444106447657
5829,0.3387997455797273
1186,0.3494083821181526
2663,0.21026305739086412
1453,0.21026305739086412
8548,0.2209795114320222
19061,0.27676577658158874
4348,0.27676577658158874
15177,0.20125498666291636
14117,0.3457716504508948
10524,0.2605486879025164
11839,0.2605486879025164
4963,0.37442087824285786
13541,0.42033907136549115
13846,0.29717454696021156
12788,0.3402813387984785
3972,0.360803129383509
209,0.3402813387984785
18035,0.23385257651831112
7311,0.23385257651831112
6022,0.23385257651831112
13157,0.26784346200403
10564,0.28749525672880655
12088,0.24474475287887823
16859,0.35558486989474336
18553,0.25824791424363674
3578,0.26370353134007096
2643,0.24821183687602572
9403,0.27762986756066227
12090,0.18785176045699764
19848,0.3137446505554464
8990,0.3089430869570909
10684,0.24196428276826532
5043,0.26911301252101527
18729,0.2578389307268226
17164,0.4186988997528047
2235,0.2612749741971721
15679,0.30518685546227003
570,0.30287026134348943
13809,0.24878514644061972
12189,0.24628855581859826
10257,0.28146689565893546
4997,0.28211104309519847
3920,0.1919335481154719
13099,0.3237431173274744
6394,0.3683145364957058
16663,0.24071526452516806
20249,0.2918251028592625
17501,0.2918251028592625
7276,0.2548761688028448
18908,0.36128170169583307
5197,0.3233044581435524
19579,0.21009463599118092
9886,0.27315320742949295
15661,0.2706004876578553
511,0.2730055934058477
8584,0.2730055934058477
17496,0.31823745141448634
8531,0.31823745141448634
19387,0.23003780163527987
17610,0.17137322838457364
17302,0.3264322151254823
20096,0.21350423466574636
7556,0.24691817508879338
7544,0.24042266826378642
15183,0.2228717614415868
15875,0.6426966804623263
14554,0.3271091065286916
8374,0.3271091065286916
1498,0.3358413086165249
18016,0.34816493708354573
12992,0.26035846326860834
8337,0.34220352508432594
